underlying_code,contract_code,bar_at,session_type,session_anchor_date,session_id,open,high,low,close,volume,money,open_interest
AU,AU2504.XSGE,2025-02-07 21:01:00,night,2025-02-07,night_2025-02-07,670.5,670.66,670.0,670.18,1839.0,1232479960.0,199795.0
AU,AU2504.XSGE,2025-02-07 21:02:00,night,2025-02-07,night_2025-02-07,670.18,670.6,670.12,670.52,1166.0,781699740.0,199843.0
AU,AU2504.XSGE,2025-02-07 21:03:00,night,2025-02-07,night_2025-02-07,670.5,670.64,670.5,670.56,687.0,460677260.0,199900.0
AU,AU2504.XSGE,2025-02-07 21:04:00,night,2025-02-07,night_2025-02-07,670.56,670.58,670.38,670.48,373.0,250088980.0,199928.0
AU,AU2504.XSGE,2025-02-07 21:05:00,night,2025-02-07,night_2025-02-07,670.44,670.58,670.34,670.52,436.0,292332200.0,199949.0
AU,AU2504.XSGE,2025-02-07 21:06:00,night,2025-02-07,night_2025-02-07,670.5,670.52,670.1,670.2,553.0,370656860.0,199948.0
AU,AU2504.XSGE,2025-02-07 21:07:00,night,2025-02-07,night_2025-02-07,670.24,670.28,670.04,670.24,548.0,367241680.0,199940.0
AU,AU2504.XSGE,2025-02-07 21:08:00,night,2025-02-07,night_2025-02-07,670.22,670.54,670.22,670.42,451.0,302355700.0,199932.0
AU,AU2504.XSGE,2025-02-07 21:09:00,night,2025-02-07,night_2025-02-07,670.4,670.46,670.36,670.4,230.0,154192540.0,200003.0
AU,AU2504.XSGE,2025-02-07 21:10:00,night,2025-02-07,night_2025-02-07,670.38,670.54,670.32,670.46,361.0,242028480.0,200020.0
AU,AU2504.XSGE,2025-02-07 21:11:00,night,2025-02-07,night_2025-02-07,670.42,670.5,670.24,670.3,512.0,343218640.0,200042.0
AU,AU2504.XSGE,2025-02-07 21:12:00,night,2025-02-07,night_2025-02-07,670.34,670.34,670.1,670.16,402.0,269414720.0,199992.0
AU,AU2504.XSGE,2025-02-07 21:13:00,night,2025-02-07,night_2025-02-07,670.16,670.16,669.62,669.86,1009.0,675837480.0,200006.0
AU,AU2504.XSGE,2025-02-07 21:14:00,night,2025-02-07,night_2025-02-07,669.84,669.84,669.5,669.66,1193.0,798852900.0,199964.0
AU,AU2504.XSGE,2025-02-07 21:15:00,night,2025-02-07,night_2025-02-07,669.62,669.68,669.48,669.54,660.0,441927200.0,199985.0
AU,AU2504.XSGE,2025-02-07 21:16:00,night,2025-02-07,night_2025-02-07,669.54,669.72,669.5,669.7,544.0,364269100.0,199961.0
AU,AU2504.XSGE,2025-02-07 21:17:00,night,2025-02-07,night_2025-02-07,669.7,669.86,669.68,669.82,425.0,284656460.0,199930.0
AU,AU2504.XSGE,2025-02-07 21:18:00,night,2025-02-07,night_2025-02-07,669.84,669.84,669.1,669.28,1073.0,718310500.0,199928.0
AU,AU2504.XSGE,2025-02-07 21:19:00,night,2025-02-07,night_2025-02-07,669.32,669.44,669.22,669.36,721.0,482598520.0,199882.0
AU,AU2504.XSGE,2025-02-07 21:20:00,night,2025-02-07,night_2025-02-07,669.38,669.52,669.32,669.42,468.0,313288300.0,199882.0
AU,AU2504.XSGE,2025-02-07 21:21:00,night,2025-02-07,night_2025-02-07,669.36,669.74,669.36,669.64,811.0,543057140.0,199913.0
AU,AU2504.XSGE,2025-02-07 21:22:00,night,2025-02-07,night_2025-02-07,669.66,669.74,669.54,669.54,293.0,196210080.0,199871.0
AU,AU2504.XSGE,2025-02-07 21:23:00,night,2025-02-07,night_2025-02-07,669.56,669.68,669.4,669.52,491.0,328745680.0,199850.0
AU,AU2504.XSGE,2025-02-07 21:24:00,night,2025-02-07,night_2025-02-07,669.52,669.7,669.42,669.66,446.0,298640240.0,199806.0
AU,AU2504.XSGE,2025-02-07 21:25:00,night,2025-02-07,night_2025-02-07,669.66,669.82,669.62,669.74,500.0,334857500.0,199818.0
AU,AU2504.XSGE,2025-02-07 21:26:00,night,2025-02-07,night_2025-02-07,669.74,669.84,669.48,669.8,615.0,411831660.0,199862.0
AU,AU2504.XSGE,2025-02-07 21:27:00,night,2025-02-07,night_2025-02-07,669.8,669.88,669.68,669.68,484.0,324185320.0,199847.0
AU,AU2504.XSGE,2025-02-07 21:28:00,night,2025-02-07,night_2025-02-07,669.7,669.8,669.66,669.76,294.0,196906420.0,199885.0
AU,AU2504.XSGE,2025-02-07 21:29:00,night,2025-02-07,night_2025-02-07,669.74,669.96,669.7,669.86,464.0,310798880.0,199866.0
AU,AU2504.XSGE,2025-02-07 21:30:00,night,2025-02-07,night_2025-02-07,669.86,669.94,669.72,669.92,594.0,397881040.0,199828.0
AU,AU2504.XSGE,2025-02-07 21:31:00,night,2025-02-07,night_2025-02-07,669.94,671.0,669.72,670.04,6632.0,4445816080.0,199757.0
AU,AU2504.XSGE,2025-02-07 21:32:00,night,2025-02-07,night_2025-02-07,670.02,670.2,669.1,669.24,2795.0,1871988080.0,199928.0
AU,AU2504.XSGE,2025-02-07 21:33:00,night,2025-02-07,night_2025-02-07,669.26,669.64,668.2,668.48,3525.0,2357963600.0,199935.0
AU,AU2504.XSGE,2025-02-07 21:34:00,night,2025-02-07,night_2025-02-07,668.48,669.2,668.44,668.76,2510.0,1678616600.0,200002.0
AU,AU2504.XSGE,2025-02-07 21:35:00,night,2025-02-07,night_2025-02-07,668.76,669.8,668.76,669.64,2172.0,1453857580.0,200185.0
AU,AU2504.XSGE,2025-02-07 21:36:00,night,2025-02-07,night_2025-02-07,669.64,670.34,669.64,670.06,2263.0,1516313560.0,200238.0
AU,AU2504.XSGE,2025-02-07 21:37:00,night,2025-02-07,night_2025-02-07,670.12,670.92,669.96,670.92,2160.0,1447942780.0,200338.0
AU,AU2504.XSGE,2025-02-07 21:38:00,night,2025-02-07,night_2025-02-07,670.96,671.24,670.36,670.56,2643.0,1772958760.0,200256.0
AU,AU2504.XSGE,2025-02-07 21:39:00,night,2025-02-07,night_2025-02-07,670.58,670.88,670.42,670.78,1409.0,944968280.0,200212.0
AU,AU2504.XSGE,2025-02-07 21:40:00,night,2025-02-07,night_2025-02-07,670.82,671.32,670.64,671.22,1677.0,1125315500.0,200225.0
AU,AU2504.XSGE,2025-02-07 21:41:00,night,2025-02-07,night_2025-02-07,671.22,671.56,671.18,671.5,2025.0,1359563640.0,200468.0
AU,AU2504.XSGE,2025-02-07 21:42:00,night,2025-02-07,night_2025-02-07,671.5,671.52,670.9,671.08,1584.0,1063096960.0,200530.0
AU,AU2504.XSGE,2025-02-07 21:43:00,night,2025-02-07,night_2025-02-07,671.06,671.24,670.84,670.86,1070.0,718041220.0,200627.0
AU,AU2504.XSGE,2025-02-07 21:44:00,night,2025-02-07,night_2025-02-07,670.88,671.04,670.5,670.5,1180.0,791544380.0,200671.0
AU,AU2504.XSGE,2025-02-07 21:45:00,night,2025-02-07,night_2025-02-07,670.5,670.64,670.22,670.44,1540.0,1032384640.0,200579.0
AU,AU2504.XSGE,2025-02-07 21:46:00,night,2025-02-07,night_2025-02-07,670.44,670.54,670.26,670.36,1077.0,722031560.0,200508.0
AU,AU2504.XSGE,2025-02-07 21:47:00,night,2025-02-07,night_2025-02-07,670.36,670.38,669.84,670.14,1825.0,1222934140.0,200264.0
AU,AU2504.XSGE,2025-02-07 21:48:00,night,2025-02-07,night_2025-02-07,670.14,670.54,670.06,670.12,1044.0,699827240.0,200273.0
AU,AU2504.XSGE,2025-02-07 21:49:00,night,2025-02-07,night_2025-02-07,670.12,670.52,669.9,670.36,1406.0,942314960.0,200424.0
AU,AU2504.XSGE,2025-02-07 21:50:00,night,2025-02-07,night_2025-02-07,670.32,670.56,670.26,670.5,606.0,406281280.0,200391.0
AU,AU2504.XSGE,2025-02-07 21:51:00,night,2025-02-07,night_2025-02-07,670.5,670.76,670.42,670.76,779.0,522381420.0,200369.0
AU,AU2504.XSGE,2025-02-07 21:52:00,night,2025-02-07,night_2025-02-07,670.74,670.74,670.04,670.1,868.0,581939480.0,200383.0
AU,AU2504.XSGE,2025-02-07 21:53:00,night,2025-02-07,night_2025-02-07,670.06,670.16,669.8,669.98,1280.0,857578560.0,200379.0
AU,AU2504.XSGE,2025-02-07 21:54:00,night,2025-02-07,night_2025-02-07,669.96,670.3,669.88,670.28,839.0,562181700.0,200364.0
AU,AU2504.XSGE,2025-02-07 21:55:00,night,2025-02-07,night_2025-02-07,670.26,670.56,670.24,670.48,719.0,482049480.0,200324.0
AU,AU2504.XSGE,2025-02-07 21:56:00,night,2025-02-07,night_2025-02-07,670.5,670.5,670.02,670.22,943.0,632037120.0,200298.0
AU,AU2504.XSGE,2025-02-07 21:57:00,night,2025-02-07,night_2025-02-07,670.22,670.32,670.02,670.2,444.0,297559100.0,200245.0
AU,AU2504.XSGE,2025-02-07 21:58:00,night,2025-02-07,night_2025-02-07,670.2,670.3,670.02,670.26,455.0,304923880.0,200277.0
AU,AU2504.XSGE,2025-02-07 21:59:00,night,2025-02-07,night_2025-02-07,670.26,670.58,670.14,670.56,622.0,417020380.0,200314.0
AU,AU2504.XSGE,2025-02-07 22:00:00,night,2025-02-07,night_2025-02-07,670.54,670.54,670.38,670.52,366.0,245379940.0,200321.0
AU,AU2504.XSGE,2025-02-07 22:01:00,night,2025-02-07,night_2025-02-07,670.5,670.68,670.14,670.2,962.0,644878200.0,200257.0
AU,AU2504.XSGE,2025-02-07 22:02:00,night,2025-02-07,night_2025-02-07,670.2,670.22,669.96,670.12,915.0,613092800.0,200310.0
AU,AU2504.XSGE,2025-02-07 22:03:00,night,2025-02-07,night_2025-02-07,670.1,670.12,669.86,669.94,823.0,551359540.0,200379.0
AU,AU2504.XSGE,2025-02-07 22:04:00,night,2025-02-07,night_2025-02-07,669.96,670.1,669.82,670.0,609.0,408010740.0,200316.0
AU,AU2504.XSGE,2025-02-07 22:05:00,night,2025-02-07,night_2025-02-07,669.98,669.98,669.52,669.64,957.0,640870320.0,200240.0
AU,AU2504.XSGE,2025-02-07 22:06:00,night,2025-02-07,night_2025-02-07,669.66,669.66,669.18,669.44,1400.0,937100900.0,200168.0
AU,AU2504.XSGE,2025-02-07 22:07:00,night,2025-02-07,night_2025-02-07,669.42,670.04,669.4,670.02,1101.0,737486260.0,200126.0
AU,AU2504.XSGE,2025-02-07 22:08:00,night,2025-02-07,night_2025-02-07,670.04,670.18,669.76,669.88,936.0,627077500.0,200045.0
AU,AU2504.XSGE,2025-02-07 22:09:00,night,2025-02-07,night_2025-02-07,669.88,670.08,669.86,670.04,460.0,308210340.0,199996.0
AU,AU2504.XSGE,2025-02-07 22:10:00,night,2025-02-07,night_2025-02-07,670.04,670.28,670.02,670.14,817.0,547529940.0,199843.0
AU,AU2504.XSGE,2025-02-07 22:11:00,night,2025-02-07,night_2025-02-07,670.14,670.56,670.12,670.5,848.0,568503540.0,199822.0
AU,AU2504.XSGE,2025-02-07 22:12:00,night,2025-02-07,night_2025-02-07,670.48,670.8,670.34,670.76,1385.0,928791900.0,199825.0
AU,AU2504.XSGE,2025-02-07 22:13:00,night,2025-02-07,night_2025-02-07,670.76,671.12,670.76,670.96,1305.0,875640040.0,199927.0
AU,AU2504.XSGE,2025-02-07 22:14:00,night,2025-02-07,night_2025-02-07,670.94,671.06,670.8,670.92,1042.0,699102000.0,199942.0
AU,AU2504.XSGE,2025-02-07 22:15:00,night,2025-02-07,night_2025-02-07,670.92,671.22,670.88,671.18,890.0,597230440.0,200070.0
AU,AU2504.XSGE,2025-02-07 22:16:00,night,2025-02-07,night_2025-02-07,671.14,671.28,671.08,671.18,736.0,493979680.0,200168.0
AU,AU2504.XSGE,2025-02-07 22:17:00,night,2025-02-07,night_2025-02-07,671.18,671.46,671.08,671.36,1082.0,726357980.0,200238.0
AU,AU2504.XSGE,2025-02-07 22:18:00,night,2025-02-07,night_2025-02-07,671.38,671.8,671.38,671.76,1476.0,991221060.0,200587.0
AU,AU2504.XSGE,2025-02-07 22:19:00,night,2025-02-07,night_2025-02-07,671.74,672.24,671.74,672.16,1825.0,1226452840.0,200877.0
AU,AU2504.XSGE,2025-02-07 22:20:00,night,2025-02-07,night_2025-02-07,672.16,672.68,672.16,672.4,1672.0,1124335460.0,201181.0
AU,AU2504.XSGE,2025-02-07 22:21:00,night,2025-02-07,night_2025-02-07,672.38,672.6,672.06,672.3,1548.0,1040626080.0,201247.0
AU,AU2504.XSGE,2025-02-07 22:22:00,night,2025-02-07,night_2025-02-07,672.36,672.44,672.06,672.18,1173.0,788580440.0,201403.0
AU,AU2504.XSGE,2025-02-07 22:23:00,night,2025-02-07,night_2025-02-07,672.14,672.4,672.08,672.12,715.0,480631260.0,201471.0
AU,AU2504.XSGE,2025-02-07 22:24:00,night,2025-02-07,night_2025-02-07,672.12,672.28,672.02,672.16,1488.0,1000096500.0,201361.0
AU,AU2504.XSGE,2025-02-07 22:25:00,night,2025-02-07,night_2025-02-07,672.16,672.84,672.12,672.8,1575.0,1059183240.0,201435.0
AU,AU2504.XSGE,2025-02-07 22:26:00,night,2025-02-07,night_2025-02-07,672.84,672.86,672.46,672.66,1533.0,1031216840.0,201574.0
AU,AU2504.XSGE,2025-02-07 22:27:00,night,2025-02-07,night_2025-02-07,672.68,673.26,672.54,673.22,1309.0,880837920.0,201713.0
AU,AU2504.XSGE,2025-02-07 22:28:00,night,2025-02-07,night_2025-02-07,673.26,673.52,673.04,673.46,2006.0,1350688080.0,202039.0
AU,AU2504.XSGE,2025-02-07 22:29:00,night,2025-02-07,night_2025-02-07,673.48,673.84,673.38,673.56,1649.0,1110847360.0,202279.0
AU,AU2504.XSGE,2025-02-07 22:30:00,night,2025-02-07,night_2025-02-07,673.58,673.72,673.5,673.6,1283.0,864257940.0,202353.0
AU,AU2504.XSGE,2025-02-07 22:31:00,night,2025-02-07,night_2025-02-07,673.6,674.44,673.6,674.38,2887.0,1946327880.0,202838.0
AU,AU2504.XSGE,2025-02-07 22:32:00,night,2025-02-07,night_2025-02-07,674.38,674.38,674.02,674.22,1684.0,1135338220.0,202850.0
AU,AU2504.XSGE,2025-02-07 22:33:00,night,2025-02-07,night_2025-02-07,674.22,674.26,673.54,673.66,1432.0,965049420.0,202899.0
AU,AU2504.XSGE,2025-02-07 22:34:00,night,2025-02-07,night_2025-02-07,673.7,673.96,673.54,673.56,991.0,667689740.0,202898.0
AU,AU2504.XSGE,2025-02-07 22:35:00,night,2025-02-07,night_2025-02-07,673.58,673.74,673.48,673.6,910.0,612983820.0,202928.0
AU,AU2504.XSGE,2025-02-07 22:36:00,night,2025-02-07,night_2025-02-07,673.6,673.74,673.3,673.38,1080.0,727424900.0,203007.0
AU,AU2504.XSGE,2025-02-07 22:37:00,night,2025-02-07,night_2025-02-07,673.38,673.9,673.32,673.84,1115.0,751021980.0,203039.0
AU,AU2504.XSGE,2025-02-07 22:38:00,night,2025-02-07,night_2025-02-07,673.9,674.48,673.82,674.42,1778.0,1198604200.0,203260.0
AU,AU2504.XSGE,2025-02-07 22:39:00,night,2025-02-07,night_2025-02-07,674.44,674.8,674.44,674.8,2169.0,1463280960.0,203662.0
AU,AU2504.XSGE,2025-02-07 22:40:00,night,2025-02-07,night_2025-02-07,674.76,674.92,674.34,674.4,1465.0,988304980.0,203920.0
AU,AU2504.XSGE,2025-02-07 22:41:00,night,2025-02-07,night_2025-02-07,674.46,674.8,674.4,674.68,1188.0,801382200.0,204093.0
AU,AU2504.XSGE,2025-02-07 22:42:00,night,2025-02-07,night_2025-02-07,674.64,674.8,674.6,674.64,1019.0,687515840.0,204072.0
AU,AU2504.XSGE,2025-02-07 22:43:00,night,2025-02-07,night_2025-02-07,674.68,674.76,674.54,674.72,925.0,624050960.0,204214.0
AU,AU2504.XSGE,2025-02-07 22:44:00,night,2025-02-07,night_2025-02-07,674.72,674.72,674.26,674.32,956.0,644795080.0,204203.0
AU,AU2504.XSGE,2025-02-07 22:45:00,night,2025-02-07,night_2025-02-07,674.32,674.6,674.28,674.58,756.0,509878060.0,204195.0
AU,AU2504.XSGE,2025-02-07 22:46:00,night,2025-02-07,night_2025-02-07,674.58,674.84,674.34,674.42,985.0,664504220.0,204252.0
AU,AU2504.XSGE,2025-02-07 22:47:00,night,2025-02-07,night_2025-02-07,674.5,674.72,674.34,674.66,719.0,484983840.0,204224.0
AU,AU2504.XSGE,2025-02-07 22:48:00,night,2025-02-07,night_2025-02-07,674.66,674.68,674.46,674.56,429.0,289387340.0,204248.0
AU,AU2504.XSGE,2025-02-07 22:49:00,night,2025-02-07,night_2025-02-07,674.56,674.6,674.36,674.4,429.0,289345400.0,204319.0
AU,AU2504.XSGE,2025-02-07 22:50:00,night,2025-02-07,night_2025-02-07,674.38,674.38,674.14,674.22,731.0,492878220.0,204360.0
AU,AU2504.XSGE,2025-02-07 22:51:00,night,2025-02-07,night_2025-02-07,674.24,674.26,673.92,674.02,1101.0,742115640.0,204439.0
AU,AU2504.XSGE,2025-02-07 22:52:00,night,2025-02-07,night_2025-02-07,674.02,674.06,673.52,673.68,1432.0,964707560.0,204297.0
AU,AU2504.XSGE,2025-02-07 22:53:00,night,2025-02-07,night_2025-02-07,673.7,674.14,673.7,674.06,991.0,667892300.0,204228.0
AU,AU2504.XSGE,2025-02-07 22:54:00,night,2025-02-07,night_2025-02-07,674.02,674.02,673.76,673.84,628.0,423186120.0,204203.0
AU,AU2504.XSGE,2025-02-07 22:55:00,night,2025-02-07,night_2025-02-07,673.82,673.9,673.7,673.9,591.0,398218020.0,204176.0
AU,AU2504.XSGE,2025-02-07 22:56:00,night,2025-02-07,night_2025-02-07,673.92,673.92,673.7,673.88,437.0,294449280.0,204181.0
AU,AU2504.XSGE,2025-02-07 22:57:00,night,2025-02-07,night_2025-02-07,673.86,673.94,673.7,673.88,449.0,302552860.0,204163.0
AU,AU2504.XSGE,2025-02-07 22:58:00,night,2025-02-07,night_2025-02-07,673.88,673.94,673.82,673.9,333.0,224405780.0,204143.0
AU,AU2504.XSGE,2025-02-07 22:59:00,night,2025-02-07,night_2025-02-07,673.94,674.32,673.82,674.32,749.0,504905600.0,204020.0
AU,AU2504.XSGE,2025-02-07 23:00:00,night,2025-02-07,night_2025-02-07,674.32,674.38,674.2,674.2,680.0,458531360.0,203996.0
AU,AU2504.XSGE,2025-02-07 23:01:00,night,2025-02-07,night_2025-02-07,674.2,674.2,673.64,673.68,1842.0,1241175060.0,203887.0
AU,AU2504.XSGE,2025-02-07 23:02:00,night,2025-02-07,night_2025-02-07,673.72,674.1,673.6,673.96,969.0,653012460.0,203827.0
AU,AU2504.XSGE,2025-02-07 23:03:00,night,2025-02-07,night_2025-02-07,673.96,674.24,673.84,674.2,858.0,578324140.0,203819.0
AU,AU2504.XSGE,2025-02-07 23:04:00,night,2025-02-07,night_2025-02-07,674.2,674.5,674.18,674.36,810.0,546261720.0,203813.0
AU,AU2504.XSGE,2025-02-07 23:05:00,night,2025-02-07,night_2025-02-07,674.36,674.5,674.24,674.44,531.0,358088620.0,203923.0
AU,AU2504.XSGE,2025-02-07 23:06:00,night,2025-02-07,night_2025-02-07,674.44,674.46,673.86,674.1,805.0,542663000.0,203939.0
AU,AU2504.XSGE,2025-02-07 23:07:00,night,2025-02-07,night_2025-02-07,674.1,674.46,674.08,674.34,738.0,497678260.0,204012.0
AU,AU2504.XSGE,2025-02-07 23:08:00,night,2025-02-07,night_2025-02-07,674.32,674.62,674.22,674.62,883.0,595523600.0,204102.0
AU,AU2504.XSGE,2025-02-07 23:09:00,night,2025-02-07,night_2025-02-07,674.6,674.74,674.56,674.68,1035.0,698271940.0,204370.0
AU,AU2504.XSGE,2025-02-07 23:10:00,night,2025-02-07,night_2025-02-07,674.64,674.78,674.62,674.74,600.0,404828440.0,204544.0
AU,AU2504.XSGE,2025-02-07 23:11:00,night,2025-02-07,night_2025-02-07,674.74,674.76,674.64,674.72,645.0,435177740.0,204728.0
AU,AU2504.XSGE,2025-02-07 23:12:00,night,2025-02-07,night_2025-02-07,674.72,674.72,674.46,674.64,784.0,528878460.0,204783.0
AU,AU2504.XSGE,2025-02-07 23:13:00,night,2025-02-07,night_2025-02-07,674.64,674.82,674.54,674.62,663.0,447306420.0,204828.0
AU,AU2504.XSGE,2025-02-07 23:14:00,night,2025-02-07,night_2025-02-07,674.6,674.66,674.46,674.5,523.0,352807020.0,204848.0
AU,AU2504.XSGE,2025-02-07 23:15:00,night,2025-02-07,night_2025-02-07,674.46,674.64,674.46,674.62,508.0,342677660.0,204827.0
AU,AU2504.XSGE,2025-02-07 23:16:00,night,2025-02-07,night_2025-02-07,674.66,674.74,674.58,674.74,542.0,365665880.0,204947.0
AU,AU2504.XSGE,2025-02-07 23:17:00,night,2025-02-07,night_2025-02-07,674.74,674.78,674.58,674.7,541.0,365008960.0,204999.0
AU,AU2504.XSGE,2025-02-07 23:18:00,night,2025-02-07,night_2025-02-07,674.68,674.74,674.62,674.7,384.0,259075660.0,205067.0
AU,AU2504.XSGE,2025-02-07 23:19:00,night,2025-02-07,night_2025-02-07,674.72,674.88,674.68,674.88,623.0,420371600.0,205223.0
AU,AU2504.XSGE,2025-02-07 23:20:00,night,2025-02-07,night_2025-02-07,674.9,675.48,674.9,675.24,1725.0,1164790580.0,205351.0
AU,AU2504.XSGE,2025-02-07 23:21:00,night,2025-02-07,night_2025-02-07,675.26,675.68,675.26,675.5,1198.0,809277320.0,205391.0
AU,AU2504.XSGE,2025-02-07 23:22:00,night,2025-02-07,night_2025-02-07,675.5,675.6,675.34,675.38,731.0,493790400.0,205493.0
AU,AU2504.XSGE,2025-02-07 23:23:00,night,2025-02-07,night_2025-02-07,675.4,675.64,675.36,675.4,700.0,472855840.0,205522.0
AU,AU2504.XSGE,2025-02-07 23:24:00,night,2025-02-07,night_2025-02-07,675.4,675.46,675.26,675.46,531.0,358606800.0,205569.0
AU,AU2504.XSGE,2025-02-07 23:25:00,night,2025-02-07,night_2025-02-07,675.46,675.52,675.22,675.46,559.0,377532680.0,205614.0
AU,AU2504.XSGE,2025-02-07 23:26:00,night,2025-02-07,night_2025-02-07,675.48,675.6,675.38,675.56,410.0,276955220.0,205683.0
AU,AU2504.XSGE,2025-02-07 23:27:00,night,2025-02-07,night_2025-02-07,675.56,675.8,675.56,675.7,810.0,547311580.0,205733.0
AU,AU2504.XSGE,2025-02-07 23:28:00,night,2025-02-07,night_2025-02-07,675.7,675.74,675.58,675.74,435.0,293914460.0,205788.0
AU,AU2504.XSGE,2025-02-07 23:29:00,night,2025-02-07,night_2025-02-07,675.78,675.82,675.62,675.7,494.0,333800240.0,205818.0
AU,AU2504.XSGE,2025-02-07 23:30:00,night,2025-02-07,night_2025-02-07,675.7,675.88,675.62,675.74,599.0,404768960.0,205911.0
AU,AU2504.XSGE,2025-02-07 23:31:00,night,2025-02-07,night_2025-02-07,675.72,675.78,675.54,675.58,652.0,440537500.0,205956.0
AU,AU2504.XSGE,2025-02-07 23:32:00,night,2025-02-07,night_2025-02-07,675.58,676.2,675.58,676.12,1375.0,929501520.0,206008.0
AU,AU2504.XSGE,2025-02-07 23:33:00,night,2025-02-07,night_2025-02-07,676.12,676.12,675.68,675.78,828.0,559592100.0,205933.0
AU,AU2504.XSGE,2025-02-07 23:34:00,night,2025-02-07,night_2025-02-07,675.78,676.0,675.66,675.98,696.0,470398900.0,206036.0
AU,AU2504.XSGE,2025-02-07 23:35:00,night,2025-02-07,night_2025-02-07,676.0,676.02,675.9,675.98,647.0,437350040.0,206185.0
AU,AU2504.XSGE,2025-02-07 23:36:00,night,2025-02-07,night_2025-02-07,675.96,675.98,675.78,675.88,509.0,344019760.0,206210.0
AU,AU2504.XSGE,2025-02-07 23:37:00,night,2025-02-07,night_2025-02-07,675.88,676.0,675.76,676.0,330.0,223030020.0,206250.0
AU,AU2504.XSGE,2025-02-07 23:38:00,night,2025-02-07,night_2025-02-07,676.0,676.1,675.8,675.82,487.0,329201780.0,206269.0
AU,AU2504.XSGE,2025-02-07 23:39:00,night,2025-02-07,night_2025-02-07,675.8,675.94,675.74,675.92,400.0,270342160.0,206320.0
AU,AU2504.XSGE,2025-02-07 23:40:00,night,2025-02-07,night_2025-02-07,675.94,676.0,675.86,675.96,272.0,183850260.0,206354.0
AU,AU2504.XSGE,2025-02-07 23:41:00,night,2025-02-07,night_2025-02-07,675.94,676.0,675.88,675.92,360.0,243337960.0,206398.0
AU,AU2504.XSGE,2025-02-07 23:42:00,night,2025-02-07,night_2025-02-07,675.94,676.0,675.88,675.92,279.0,188589840.0,206374.0
AU,AU2504.XSGE,2025-02-07 23:43:00,night,2025-02-07,night_2025-02-07,675.92,676.0,675.88,675.88,179.0,120995460.0,206397.0
AU,AU2504.XSGE,2025-02-07 23:44:00,night,2025-02-07,night_2025-02-07,675.88,675.94,675.82,675.94,199.0,134501780.0,206433.0
AU,AU2504.XSGE,2025-02-07 23:45:00,night,2025-02-07,night_2025-02-07,675.96,676.02,675.68,675.68,652.0,440661300.0,206466.0
AU,AU2504.XSGE,2025-02-07 23:46:00,night,2025-02-07,night_2025-02-07,675.7,675.82,675.68,675.78,452.0,305439400.0,206520.0
AU,AU2504.XSGE,2025-02-07 23:47:00,night,2025-02-07,night_2025-02-07,675.8,676.08,675.78,675.98,438.0,296082740.0,206536.0
AU,AU2504.XSGE,2025-02-07 23:48:00,night,2025-02-07,night_2025-02-07,675.98,675.98,675.9,675.92,282.0,190617140.0,206548.0
AU,AU2504.XSGE,2025-02-07 23:49:00,night,2025-02-07,night_2025-02-07,675.9,675.94,675.76,675.82,227.0,153415820.0,206541.0
AU,AU2504.XSGE,2025-02-07 23:50:00,night,2025-02-07,night_2025-02-07,675.84,675.86,675.52,675.52,561.0,379028520.0,206500.0
AU,AU2504.XSGE,2025-02-07 23:51:00,night,2025-02-07,night_2025-02-07,675.52,675.52,675.24,675.32,857.0,578746140.0,206501.0
AU,AU2504.XSGE,2025-02-07 23:52:00,night,2025-02-07,night_2025-02-07,675.3,675.56,675.28,675.52,573.0,387009800.0,206368.0
AU,AU2504.XSGE,2025-02-07 23:53:00,night,2025-02-07,night_2025-02-07,675.52,675.56,675.36,675.44,406.0,274241460.0,206357.0
AU,AU2504.XSGE,2025-02-07 23:54:00,night,2025-02-07,night_2025-02-07,675.4,675.46,674.92,675.4,1652.0,1115286980.0,206262.0
AU,AU2504.XSGE,2025-02-07 23:55:00,night,2025-02-07,night_2025-02-07,675.36,676.04,675.26,676.0,1319.0,891242940.0,206300.0
AU,AU2504.XSGE,2025-02-07 23:56:00,night,2025-02-07,night_2025-02-07,676.0,676.38,675.72,676.32,1293.0,874094540.0,206398.0
AU,AU2504.XSGE,2025-02-07 23:57:00,night,2025-02-07,night_2025-02-07,676.34,676.58,676.16,676.22,1191.0,805635440.0,206548.0
AU,AU2504.XSGE,2025-02-07 23:58:00,night,2025-02-07,night_2025-02-07,676.22,676.26,675.88,675.88,695.0,469830200.0,206449.0
AU,AU2504.XSGE,2025-02-07 23:59:00,night,2025-02-07,night_2025-02-07,675.88,675.88,675.34,675.58,1068.0,721535760.0,206487.0
AU,AU2504.XSGE,2025-02-08 00:00:00,night,2025-02-07,night_2025-02-07,675.6,675.8,675.52,675.64,624.0,421586740.0,206539.0
AU,AU2504.XSGE,2025-02-08 00:01:00,night,2025-02-07,night_2025-02-07,675.66,675.76,675.3,675.38,907.0,612704620.0,206572.0
AU,AU2504.XSGE,2025-02-08 00:02:00,night,2025-02-07,night_2025-02-07,675.36,675.52,675.0,675.0,1035.0,698764660.0,206501.0
AU,AU2504.XSGE,2025-02-08 00:03:00,night,2025-02-07,night_2025-02-07,675.02,675.06,674.3,674.34,1845.0,1244592940.0,206141.0
AU,AU2504.XSGE,2025-02-08 00:04:00,night,2025-02-07,night_2025-02-07,674.34,674.44,673.8,674.4,1887.0,1271998700.0,205826.0
AU,AU2504.XSGE,2025-02-08 00:05:00,night,2025-02-07,night_2025-02-07,674.4,674.72,674.34,674.42,1215.0,819581820.0,205873.0
AU,AU2504.XSGE,2025-02-08 00:06:00,night,2025-02-07,night_2025-02-07,674.38,674.38,673.88,674.06,1240.0,835859400.0,205867.0
AU,AU2504.XSGE,2025-02-08 00:07:00,night,2025-02-07,night_2025-02-07,674.1,674.12,673.88,674.02,980.0,660531440.0,205763.0
AU,AU2504.XSGE,2025-02-08 00:08:00,night,2025-02-07,night_2025-02-07,674.0,674.18,673.82,674.18,1026.0,691562400.0,205785.0
AU,AU2504.XSGE,2025-02-08 00:09:00,night,2025-02-07,night_2025-02-07,674.18,674.68,674.16,674.62,1335.0,900427620.0,205814.0
AU,AU2504.XSGE,2025-02-08 00:10:00,night,2025-02-07,night_2025-02-07,674.62,675.0,674.62,674.74,1334.0,900281340.0,205802.0
AU,AU2504.XSGE,2025-02-08 00:11:00,night,2025-02-07,night_2025-02-07,674.76,674.92,674.6,674.84,607.0,409555700.0,205871.0
AU,AU2504.XSGE,2025-02-08 00:12:00,night,2025-02-07,night_2025-02-07,674.86,674.86,674.36,674.38,749.0,505219920.0,205859.0
AU,AU2504.XSGE,2025-02-08 00:13:00,night,2025-02-07,night_2025-02-07,674.36,674.5,674.26,674.38,662.0,446443200.0,205776.0
AU,AU2504.XSGE,2025-02-08 00:14:00,night,2025-02-07,night_2025-02-07,674.38,674.44,673.8,673.96,1078.0,726609940.0,205662.0
AU,AU2504.XSGE,2025-02-08 00:15:00,night,2025-02-07,night_2025-02-07,673.96,674.22,673.82,673.98,806.0,543225800.0,205616.0
AU,AU2504.XSGE,2025-02-08 00:16:00,night,2025-02-07,night_2025-02-07,673.92,673.92,673.6,673.64,1706.0,1149389800.0,205249.0
AU,AU2504.XSGE,2025-02-08 00:17:00,night,2025-02-07,night_2025-02-07,673.64,673.64,673.32,673.36,1244.0,837775660.0,205143.0
AU,AU2504.XSGE,2025-02-08 00:18:00,night,2025-02-07,night_2025-02-07,673.32,673.34,672.98,673.1,1586.0,1067552780.0,204902.0
AU,AU2504.XSGE,2025-02-08 00:19:00,night,2025-02-07,night_2025-02-07,673.1,673.68,673.0,673.52,1628.0,1096399680.0,204703.0
AU,AU2504.XSGE,2025-02-08 00:20:00,night,2025-02-07,night_2025-02-07,673.52,673.76,673.5,673.68,1148.0,773369760.0,204785.0
AU,AU2504.XSGE,2025-02-08 00:21:00,night,2025-02-07,night_2025-02-07,673.72,673.88,673.56,673.88,653.0,439937560.0,204764.0
AU,AU2504.XSGE,2025-02-08 00:22:00,night,2025-02-07,night_2025-02-07,673.86,674.0,673.74,673.88,594.0,400292140.0,204752.0
AU,AU2504.XSGE,2025-02-08 00:23:00,night,2025-02-07,night_2025-02-07,673.88,674.2,673.86,673.88,1082.0,729344260.0,204839.0
AU,AU2504.XSGE,2025-02-08 00:24:00,night,2025-02-07,night_2025-02-07,673.9,674.1,673.8,673.98,729.0,491325900.0,204848.0
AU,AU2504.XSGE,2025-02-08 00:25:00,night,2025-02-07,night_2025-02-07,674.02,674.14,673.98,674.02,515.0,347141520.0,204855.0
AU,AU2504.XSGE,2025-02-08 00:26:00,night,2025-02-07,night_2025-02-07,674.06,674.1,673.96,674.0,384.0,258828200.0,204848.0
AU,AU2504.XSGE,2025-02-08 00:27:00,night,2025-02-07,night_2025-02-07,673.96,674.1,673.96,674.02,293.0,197491620.0,204855.0
AU,AU2504.XSGE,2025-02-08 00:28:00,night,2025-02-07,night_2025-02-07,674.04,674.04,673.74,673.76,496.0,334253700.0,204863.0
AU,AU2504.XSGE,2025-02-08 00:29:00,night,2025-02-07,night_2025-02-07,673.76,673.76,673.56,673.7,453.0,305159160.0,204863.0
AU,AU2504.XSGE,2025-02-08 00:30:00,night,2025-02-07,night_2025-02-07,673.7,673.9,673.7,673.76,367.0,247293840.0,204863.0
AU,AU2504.XSGE,2025-02-08 00:31:00,night,2025-02-07,night_2025-02-07,673.76,673.92,673.64,673.74,451.0,303885480.0,204853.0
AU,AU2504.XSGE,2025-02-08 00:32:00,night,2025-02-07,night_2025-02-07,673.76,673.78,673.44,673.5,520.0,350260340.0,204796.0
AU,AU2504.XSGE,2025-02-08 00:33:00,night,2025-02-07,night_2025-02-07,673.52,673.64,673.46,673.52,299.0,201390700.0,204814.0
AU,AU2504.XSGE,2025-02-08 00:34:00,night,2025-02-07,night_2025-02-07,673.46,673.52,673.16,673.16,737.0,496224960.0,204701.0
AU,AU2504.XSGE,2025-02-08 00:35:00,night,2025-02-07,night_2025-02-07,673.16,673.36,673.14,673.24,444.0,298927400.0,204671.0
AU,AU2504.XSGE,2025-02-08 00:36:00,night,2025-02-07,night_2025-02-07,673.26,673.26,673.02,673.02,549.0,369552020.0,204655.0
AU,AU2504.XSGE,2025-02-08 00:37:00,night,2025-02-07,night_2025-02-07,673.04,673.16,672.86,673.12,659.0,443504680.0,204595.0
AU,AU2504.XSGE,2025-02-08 00:38:00,night,2025-02-07,night_2025-02-07,673.12,673.12,672.74,672.78,664.0,446779620.0,204505.0
AU,AU2504.XSGE,2025-02-08 00:39:00,night,2025-02-07,night_2025-02-07,672.8,672.9,672.6,672.78,850.0,571836100.0,204421.0
AU,AU2504.XSGE,2025-02-08 00:40:00,night,2025-02-07,night_2025-02-07,672.76,672.96,672.68,672.92,491.0,330380280.0,204423.0
AU,AU2504.XSGE,2025-02-08 00:41:00,night,2025-02-07,night_2025-02-07,672.9,673.32,672.76,673.3,627.0,421989140.0,204321.0
AU,AU2504.XSGE,2025-02-08 00:42:00,night,2025-02-07,night_2025-02-07,673.32,673.32,672.86,672.86,658.0,442887140.0,204321.0
AU,AU2504.XSGE,2025-02-08 00:43:00,night,2025-02-07,night_2025-02-07,672.88,672.92,672.54,672.58,883.0,594000540.0,204323.0
AU,AU2504.XSGE,2025-02-08 00:44:00,night,2025-02-07,night_2025-02-07,672.54,672.78,672.54,672.7,601.0,404266480.0,204285.0
AU,AU2504.XSGE,2025-02-08 00:45:00,night,2025-02-07,night_2025-02-07,672.7,672.92,672.66,672.76,492.0,331034340.0,204292.0
AU,AU2504.XSGE,2025-02-08 00:46:00,night,2025-02-07,night_2025-02-07,672.76,672.8,672.58,672.6,539.0,362573460.0,204330.0
AU,AU2504.XSGE,2025-02-08 00:47:00,night,2025-02-07,night_2025-02-07,672.6,672.68,672.56,672.58,413.0,277788580.0,204308.0
AU,AU2504.XSGE,2025-02-08 00:48:00,night,2025-02-07,night_2025-02-07,672.58,672.86,672.58,672.82,413.0,277858560.0,204393.0
AU,AU2504.XSGE,2025-02-08 00:49:00,night,2025-02-07,night_2025-02-07,672.8,672.92,672.78,672.8,468.0,314890340.0,204404.0
AU,AU2504.XSGE,2025-02-08 00:50:00,night,2025-02-07,night_2025-02-07,672.8,672.9,672.76,672.86,336.0,226071160.0,204417.0
AU,AU2504.XSGE,2025-02-08 00:51:00,night,2025-02-07,night_2025-02-07,672.9,673.02,672.82,673.02,443.0,298104620.0,204438.0
AU,AU2504.XSGE,2025-02-08 00:52:00,night,2025-02-07,night_2025-02-07,673.04,673.16,673.02,673.06,521.0,350672740.0,204414.0
AU,AU2504.XSGE,2025-02-08 00:53:00,night,2025-02-07,night_2025-02-07,673.04,673.16,673.0,673.16,347.0,233549720.0,204436.0
AU,AU2504.XSGE,2025-02-08 00:54:00,night,2025-02-07,night_2025-02-07,673.16,673.28,673.0,673.28,340.0,228879760.0,204428.0
AU,AU2504.XSGE,2025-02-08 00:55:00,night,2025-02-07,night_2025-02-07,673.28,673.28,673.06,673.16,283.0,190506740.0,204426.0
AU,AU2504.XSGE,2025-02-08 00:56:00,night,2025-02-07,night_2025-02-07,673.1,673.14,673.04,673.06,279.0,187791780.0,204425.0
AU,AU2504.XSGE,2025-02-08 00:57:00,night,2025-02-07,night_2025-02-07,673.06,673.12,672.94,672.96,226.0,152103920.0,204413.0
AU,AU2504.XSGE,2025-02-08 00:58:00,night,2025-02-07,night_2025-02-07,672.92,673.04,672.8,672.92,325.0,218695140.0,204405.0
AU,AU2504.XSGE,2025-02-08 00:59:00,night,2025-02-07,night_2025-02-07,672.92,672.94,672.64,672.78,524.0,352538740.0,204442.0
AU,AU2504.XSGE,2025-02-08 01:00:00,night,2025-02-07,night_2025-02-07,672.78,672.8,672.58,672.6,328.0,220643340.0,204451.0
AU,AU2504.XSGE,2025-02-08 01:01:00,night,2025-02-07,night_2025-02-07,672.6,672.6,671.86,671.9,1644.0,1105083320.0,204385.0
AU,AU2504.XSGE,2025-02-08 01:02:00,night,2025-02-07,night_2025-02-07,671.88,671.94,671.66,671.78,975.0,654992480.0,204362.0
AU,AU2504.XSGE,2025-02-08 01:03:00,night,2025-02-07,night_2025-02-07,671.8,672.12,671.8,671.88,765.0,514049460.0,204421.0
AU,AU2504.XSGE,2025-02-08 01:04:00,night,2025-02-07,night_2025-02-07,671.88,671.94,671.68,671.74,620.0,416507180.0,204410.0
AU,AU2504.XSGE,2025-02-08 01:05:00,night,2025-02-07,night_2025-02-07,671.72,672.0,671.72,671.98,502.0,337272740.0,204426.0
AU,AU2504.XSGE,2025-02-08 01:06:00,night,2025-02-07,night_2025-02-07,671.96,672.26,671.96,672.22,713.0,479224400.0,204394.0
AU,AU2504.XSGE,2025-02-08 01:07:00,night,2025-02-07,night_2025-02-07,672.18,672.4,672.18,672.38,528.0,354972540.0,204396.0
AU,AU2504.XSGE,2025-02-08 01:08:00,night,2025-02-07,night_2025-02-07,672.4,672.62,672.38,672.48,918.0,617376160.0,204438.0
AU,AU2504.XSGE,2025-02-08 01:09:00,night,2025-02-07,night_2025-02-07,672.48,672.48,671.98,672.1,879.0,590840240.0,204465.0
AU,AU2504.XSGE,2025-02-08 01:10:00,night,2025-02-07,night_2025-02-07,672.1,672.34,672.06,672.16,440.0,295753060.0,204446.0
AU,AU2504.XSGE,2025-02-08 01:11:00,night,2025-02-07,night_2025-02-07,672.16,672.42,672.06,672.42,378.0,254098920.0,204501.0
AU,AU2504.XSGE,2025-02-08 01:12:00,night,2025-02-07,night_2025-02-07,672.4,672.4,672.16,672.18,332.0,223192380.0,204478.0
AU,AU2504.XSGE,2025-02-08 01:13:00,night,2025-02-07,night_2025-02-07,672.26,672.26,671.9,671.92,385.0,258753060.0,204481.0
AU,AU2504.XSGE,2025-02-08 01:14:00,night,2025-02-07,night_2025-02-07,671.9,672.04,671.82,671.86,519.0,348719260.0,204419.0
AU,AU2504.XSGE,2025-02-08 01:15:00,night,2025-02-07,night_2025-02-07,671.86,672.06,671.86,671.98,336.0,225778060.0,204399.0
AU,AU2504.XSGE,2025-02-08 01:16:00,night,2025-02-07,night_2025-02-07,672.02,672.02,671.64,672.0,638.0,428620500.0,204346.0
AU,AU2504.XSGE,2025-02-08 01:17:00,night,2025-02-07,night_2025-02-07,671.98,672.16,671.9,672.12,712.0,478512960.0,204286.0
AU,AU2504.XSGE,2025-02-08 01:18:00,night,2025-02-07,night_2025-02-07,672.08,672.38,672.02,672.32,598.0,402000980.0,204201.0
AU,AU2504.XSGE,2025-02-08 01:19:00,night,2025-02-07,night_2025-02-07,672.32,672.32,672.08,672.3,282.0,189560240.0,204195.0
AU,AU2504.XSGE,2025-02-08 01:20:00,night,2025-02-07,night_2025-02-07,672.28,672.28,671.92,671.98,371.0,249341540.0,204207.0
AU,AU2504.XSGE,2025-02-08 01:21:00,night,2025-02-07,night_2025-02-07,671.98,671.98,671.68,671.8,570.0,382918660.0,204149.0
AU,AU2504.XSGE,2025-02-08 01:22:00,night,2025-02-07,night_2025-02-07,671.8,672.12,671.64,671.92,564.0,378913720.0,204189.0
AU,AU2504.XSGE,2025-02-08 01:23:00,night,2025-02-07,night_2025-02-07,671.92,672.0,671.64,671.7,471.0,316417420.0,204200.0
AU,AU2504.XSGE,2025-02-08 01:24:00,night,2025-02-07,night_2025-02-07,671.7,671.78,671.66,671.74,381.0,255928720.0,204249.0
AU,AU2504.XSGE,2025-02-08 01:25:00,night,2025-02-07,night_2025-02-07,671.74,671.84,671.72,671.78,220.0,147790000.0,204234.0
AU,AU2504.XSGE,2025-02-08 01:26:00,night,2025-02-07,night_2025-02-07,671.82,672.04,671.8,671.9,402.0,270114780.0,204184.0
AU,AU2504.XSGE,2025-02-08 01:27:00,night,2025-02-07,night_2025-02-07,671.9,672.04,671.78,671.8,299.0,200900680.0,204206.0
AU,AU2504.XSGE,2025-02-08 01:28:00,night,2025-02-07,night_2025-02-07,671.82,671.82,671.68,671.76,341.0,229063500.0,204154.0
AU,AU2504.XSGE,2025-02-08 01:29:00,night,2025-02-07,night_2025-02-07,671.8,672.08,671.8,672.0,351.0,235863540.0,204188.0
AU,AU2504.XSGE,2025-02-08 01:30:00,night,2025-02-07,night_2025-02-07,672.02,672.16,671.98,672.14,407.0,273538320.0,204184.0
AU,AU2504.XSGE,2025-02-08 01:31:00,night,2025-02-07,night_2025-02-07,672.12,672.12,671.88,671.92,276.0,185460980.0,204185.0
AU,AU2504.XSGE,2025-02-08 01:32:00,night,2025-02-07,night_2025-02-07,671.88,671.96,671.78,671.84,276.0,185430380.0,204221.0
AU,AU2504.XSGE,2025-02-08 01:33:00,night,2025-02-07,night_2025-02-07,671.82,671.92,671.76,671.78,204.0,137053100.0,204285.0
AU,AU2504.XSGE,2025-02-08 01:34:00,night,2025-02-07,night_2025-02-07,671.78,671.8,671.06,671.12,1265.0,849247780.0,204182.0
AU,AU2504.XSGE,2025-02-08 01:35:00,night,2025-02-07,night_2025-02-07,671.14,671.18,670.74,670.8,1231.0,825918560.0,203867.0
AU,AU2504.XSGE,2025-02-08 01:36:00,night,2025-02-07,night_2025-02-07,670.8,670.9,670.56,670.76,952.0,638563500.0,203700.0
AU,AU2504.XSGE,2025-02-08 01:37:00,night,2025-02-07,night_2025-02-07,670.8,671.12,670.72,671.1,711.0,477047860.0,203574.0
AU,AU2504.XSGE,2025-02-08 01:38:00,night,2025-02-07,night_2025-02-07,671.14,671.2,670.94,671.2,355.0,238232500.0,203590.0
AU,AU2504.XSGE,2025-02-08 01:39:00,night,2025-02-07,night_2025-02-07,671.2,671.52,671.2,671.52,486.0,326267200.0,203552.0
AU,AU2504.XSGE,2025-02-08 01:40:00,night,2025-02-07,night_2025-02-07,671.58,671.96,671.58,671.7,792.0,532045420.0,203526.0
AU,AU2504.XSGE,2025-02-08 01:41:00,night,2025-02-07,night_2025-02-07,671.68,671.7,671.34,671.56,419.0,281340600.0,203559.0
AU,AU2504.XSGE,2025-02-08 01:42:00,night,2025-02-07,night_2025-02-07,671.56,671.8,671.54,671.76,299.0,200837960.0,203591.0
AU,AU2504.XSGE,2025-02-08 01:43:00,night,2025-02-07,night_2025-02-07,671.76,671.76,671.52,671.6,255.0,171260980.0,203582.0
AU,AU2504.XSGE,2025-02-08 01:44:00,night,2025-02-07,night_2025-02-07,671.6,671.78,671.58,671.78,240.0,161214120.0,203578.0
AU,AU2504.XSGE,2025-02-08 01:45:00,night,2025-02-07,night_2025-02-07,671.78,672.02,671.78,671.92,526.0,353443020.0,203511.0
AU,AU2504.XSGE,2025-02-08 01:46:00,night,2025-02-07,night_2025-02-07,671.96,671.96,671.72,671.78,235.0,157874340.0,203497.0
AU,AU2504.XSGE,2025-02-08 01:47:00,night,2025-02-07,night_2025-02-07,671.8,671.92,671.54,671.6,328.0,220318760.0,203501.0
AU,AU2504.XSGE,2025-02-08 01:48:00,night,2025-02-07,night_2025-02-07,671.62,671.76,671.62,671.66,168.0,112843940.0,203499.0
AU,AU2504.XSGE,2025-02-08 01:49:00,night,2025-02-07,night_2025-02-07,671.66,671.72,671.48,671.62,206.0,138345840.0,203514.0
AU,AU2504.XSGE,2025-02-08 01:50:00,night,2025-02-07,night_2025-02-07,671.62,671.7,671.54,671.58,221.0,148424360.0,203492.0
AU,AU2504.XSGE,2025-02-08 01:51:00,night,2025-02-07,night_2025-02-07,671.56,671.64,671.48,671.5,252.0,169228880.0,203455.0
AU,AU2504.XSGE,2025-02-08 01:52:00,night,2025-02-07,night_2025-02-07,671.48,671.54,671.28,671.28,239.0,160473440.0,203469.0
AU,AU2504.XSGE,2025-02-08 01:53:00,night,2025-02-07,night_2025-02-07,671.28,671.66,671.24,671.6,401.0,269266900.0,203452.0
AU,AU2504.XSGE,2025-02-08 01:54:00,night,2025-02-07,night_2025-02-07,671.58,671.72,671.46,671.68,337.0,226336300.0,203460.0
AU,AU2504.XSGE,2025-02-08 01:55:00,night,2025-02-07,night_2025-02-07,671.7,671.86,671.64,671.84,315.0,211598360.0,203439.0
AU,AU2504.XSGE,2025-02-08 01:56:00,night,2025-02-07,night_2025-02-07,671.88,672.0,671.8,671.92,445.0,299004240.0,203435.0
AU,AU2504.XSGE,2025-02-08 01:57:00,night,2025-02-07,night_2025-02-07,671.92,672.18,671.9,672.18,397.0,266804020.0,203404.0
AU,AU2504.XSGE,2025-02-08 01:58:00,night,2025-02-07,night_2025-02-07,672.18,672.3,672.16,672.24,458.0,307882980.0,203411.0
AU,AU2504.XSGE,2025-02-08 01:59:00,night,2025-02-07,night_2025-02-07,672.24,672.46,672.16,672.38,351.0,235978060.0,203393.0
AU,AU2504.XSGE,2025-02-08 02:00:00,night,2025-02-07,night_2025-02-07,672.4,672.46,672.36,672.42,367.0,246775180.0,203358.0
AU,AU2504.XSGE,2025-02-08 02:01:00,night,2025-02-07,night_2025-02-07,672.38,672.48,672.26,672.26,378.0,254150620.0,203325.0
AU,AU2504.XSGE,2025-02-08 02:02:00,night,2025-02-07,night_2025-02-07,672.28,672.48,672.2,672.46,390.0,262216500.0,203290.0
AU,AU2504.XSGE,2025-02-08 02:03:00,night,2025-02-07,night_2025-02-07,672.48,672.56,672.44,672.52,289.0,194354240.0,203283.0
AU,AU2504.XSGE,2025-02-08 02:04:00,night,2025-02-07,night_2025-02-07,672.52,672.76,672.52,672.6,434.0,291928100.0,203267.0
AU,AU2504.XSGE,2025-02-08 02:05:00,night,2025-02-07,night_2025-02-07,672.6,672.86,672.6,672.82,416.0,279871540.0,203265.0
AU,AU2504.XSGE,2025-02-08 02:06:00,night,2025-02-07,night_2025-02-07,672.82,672.96,672.66,672.92,376.0,252982300.0,203282.0
AU,AU2504.XSGE,2025-02-08 02:07:00,night,2025-02-07,night_2025-02-07,672.9,673.12,672.86,673.1,436.0,293427840.0,203342.0
AU,AU2504.XSGE,2025-02-08 02:08:00,night,2025-02-07,night_2025-02-07,673.12,673.12,672.92,673.1,329.0,221423940.0,203339.0
AU,AU2504.XSGE,2025-02-08 02:09:00,night,2025-02-07,night_2025-02-07,673.08,673.08,672.84,672.92,392.0,263791920.0,203330.0
AU,AU2504.XSGE,2025-02-08 02:10:00,night,2025-02-07,night_2025-02-07,672.94,673.06,672.86,673.02,284.0,191122700.0,203356.0
AU,AU2504.XSGE,2025-02-08 02:11:00,night,2025-02-07,night_2025-02-07,673.04,673.08,672.92,672.94,174.0,117101400.0,203345.0
AU,AU2504.XSGE,2025-02-08 02:12:00,night,2025-02-07,night_2025-02-07,672.94,672.94,672.7,672.86,383.0,257681820.0,203310.0
AU,AU2504.XSGE,2025-02-08 02:13:00,night,2025-02-07,night_2025-02-07,672.86,672.9,672.82,672.84,168.0,113039960.0,203292.0
AU,AU2504.XSGE,2025-02-08 02:14:00,night,2025-02-07,night_2025-02-07,672.84,673.0,672.84,672.94,144.0,96902060.0,203282.0
AU,AU2504.XSGE,2025-02-08 02:15:00,night,2025-02-07,night_2025-02-07,672.92,672.94,672.74,672.88,273.0,183691140.0,203274.0
AU,AU2504.XSGE,2025-02-08 02:16:00,night,2025-02-07,night_2025-02-07,672.88,673.22,672.88,673.22,409.0,275298140.0,203256.0
AU,AU2504.XSGE,2025-02-08 02:17:00,night,2025-02-07,night_2025-02-07,673.22,673.4,673.22,673.24,487.0,327902240.0,203226.0
AU,AU2504.XSGE,2025-02-08 02:18:00,night,2025-02-07,night_2025-02-07,673.26,673.28,673.12,673.16,251.0,168973940.0,203230.0
AU,AU2504.XSGE,2025-02-08 02:19:00,night,2025-02-07,night_2025-02-07,673.16,673.24,673.1,673.18,155.0,104340280.0,203237.0
AU,AU2504.XSGE,2025-02-08 02:20:00,night,2025-02-07,night_2025-02-07,673.16,673.3,673.14,673.2,156.0,105020420.0,203205.0
AU,AU2504.XSGE,2025-02-08 02:21:00,night,2025-02-07,night_2025-02-07,673.22,673.24,673.08,673.16,237.0,159537900.0,203176.0
AU,AU2504.XSGE,2025-02-08 02:22:00,night,2025-02-07,night_2025-02-07,673.14,673.26,673.08,673.16,196.0,131945960.0,203163.0
AU,AU2504.XSGE,2025-02-08 02:23:00,night,2025-02-07,night_2025-02-07,673.16,673.2,673.08,673.16,116.0,78082520.0,203142.0
AU,AU2504.XSGE,2025-02-08 02:24:00,night,2025-02-07,night_2025-02-07,673.16,673.18,673.12,673.14,63.0,42408800.0,203126.0
AU,AU2504.XSGE,2025-02-08 02:25:00,night,2025-02-07,night_2025-02-07,673.16,673.16,673.02,673.06,185.0,124517240.0,203122.0
AU,AU2504.XSGE,2025-02-08 02:26:00,night,2025-02-07,night_2025-02-07,673.04,673.04,672.94,672.96,344.0,231509380.0,203044.0
AU,AU2504.XSGE,2025-02-08 02:27:00,night,2025-02-07,night_2025-02-07,672.96,673.06,672.9,673.02,231.0,155458840.0,203038.0
AU,AU2504.XSGE,2025-02-08 02:28:00,night,2025-02-07,night_2025-02-07,673.0,673.18,672.96,673.04,222.0,149428020.0,202988.0
AU,AU2504.XSGE,2025-02-08 02:29:00,night,2025-02-07,night_2025-02-07,673.08,673.08,672.76,672.86,281.0,189079780.0,202916.0
AU,AU2504.XSGE,2025-02-08 02:30:00,night,2025-02-07,night_2025-02-07,672.88,672.92,672.72,672.92,311.0,209240140.0,202823.0
AU,AU2504.XSGE,2025-02-10 09:01:00,day,2025-02-10,day_2025-02-10,673.98,674.68,673.98,674.42,4107.0,2769848600.0,203289.0
AU,AU2504.XSGE,2025-02-10 09:02:00,day,2025-02-10,day_2025-02-10,674.4,674.62,674.26,674.62,1706.0,1150463360.0,203463.0
AU,AU2504.XSGE,2025-02-10 09:03:00,day,2025-02-10,day_2025-02-10,674.62,674.72,674.42,674.66,1641.0,1107027180.0,203479.0
AU,AU2504.XSGE,2025-02-10 09:04:00,day,2025-02-10,day_2025-02-10,674.64,674.86,674.6,674.78,987.0,665974980.0,203591.0
AU,AU2504.XSGE,2025-02-10 09:05:00,day,2025-02-10,day_2025-02-10,674.78,674.86,674.64,674.74,731.0,493242520.0,203611.0
AU,AU2504.XSGE,2025-02-10 09:06:00,day,2025-02-10,day_2025-02-10,674.74,674.82,674.36,674.42,987.0,665801800.0,203611.0
AU,AU2504.XSGE,2025-02-10 09:07:00,day,2025-02-10,day_2025-02-10,674.42,675.02,674.38,674.98,1038.0,700437520.0,203628.0
AU,AU2504.XSGE,2025-02-10 09:08:00,day,2025-02-10,day_2025-02-10,674.98,675.28,674.9,675.16,1441.0,972839500.0,203619.0
AU,AU2504.XSGE,2025-02-10 09:09:00,day,2025-02-10,day_2025-02-10,675.12,675.42,675.02,675.34,866.0,584781040.0,203661.0
AU,AU2504.XSGE,2025-02-10 09:10:00,day,2025-02-10,day_2025-02-10,675.34,675.38,675.08,675.18,705.0,476015040.0,203555.0
AU,AU2504.XSGE,2025-02-10 09:11:00,day,2025-02-10,day_2025-02-10,675.2,675.44,675.16,675.38,616.0,416005600.0,203505.0
AU,AU2504.XSGE,2025-02-10 09:12:00,day,2025-02-10,day_2025-02-10,675.4,675.46,675.2,675.24,689.0,465321920.0,203514.0
AU,AU2504.XSGE,2025-02-10 09:13:00,day,2025-02-10,day_2025-02-10,675.2,675.36,675.12,675.14,731.0,493569440.0,203408.0
AU,AU2504.XSGE,2025-02-10 09:14:00,day,2025-02-10,day_2025-02-10,675.14,675.22,674.74,674.74,1094.0,738353820.0,203393.0
AU,AU2504.XSGE,2025-02-10 09:15:00,day,2025-02-10,day_2025-02-10,674.78,674.8,674.44,674.48,1104.0,744778240.0,203121.0
AU,AU2504.XSGE,2025-02-10 09:16:00,day,2025-02-10,day_2025-02-10,674.46,674.54,674.3,674.3,747.0,503790920.0,203078.0
AU,AU2504.XSGE,2025-02-10 09:17:00,day,2025-02-10,day_2025-02-10,674.32,674.46,674.28,674.38,527.0,355386480.0,203040.0
AU,AU2504.XSGE,2025-02-10 09:18:00,day,2025-02-10,day_2025-02-10,674.4,674.46,674.12,674.16,678.0,457147080.0,202984.0
AU,AU2504.XSGE,2025-02-10 09:19:00,day,2025-02-10,day_2025-02-10,674.18,674.22,674.02,674.14,556.0,374815840.0,202943.0
AU,AU2504.XSGE,2025-02-10 09:20:00,day,2025-02-10,day_2025-02-10,674.18,674.18,673.86,673.9,570.0,384156180.0,202950.0
AU,AU2504.XSGE,2025-02-10 09:21:00,day,2025-02-10,day_2025-02-10,673.88,674.3,673.86,674.26,778.0,524447740.0,202948.0
AU,AU2504.XSGE,2025-02-10 09:22:00,day,2025-02-10,day_2025-02-10,674.26,674.62,674.2,674.6,986.0,664962240.0,203027.0
AU,AU2504.XSGE,2025-02-10 09:23:00,day,2025-02-10,day_2025-02-10,674.6,674.7,674.42,674.48,673.0,453995240.0,203050.0
AU,AU2504.XSGE,2025-02-10 09:24:00,day,2025-02-10,day_2025-02-10,674.48,674.74,674.42,674.7,606.0,408805000.0,203039.0
AU,AU2504.XSGE,2025-02-10 09:25:00,day,2025-02-10,day_2025-02-10,674.74,674.8,674.52,674.56,522.0,352190360.0,203086.0
AU,AU2504.XSGE,2025-02-10 09:26:00,day,2025-02-10,day_2025-02-10,674.56,674.62,674.38,674.54,536.0,361533920.0,203148.0
AU,AU2504.XSGE,2025-02-10 09:27:00,day,2025-02-10,day_2025-02-10,674.54,674.74,674.52,674.7,519.0,350153560.0,203204.0
AU,AU2504.XSGE,2025-02-10 09:28:00,day,2025-02-10,day_2025-02-10,674.68,674.7,674.46,674.46,368.0,248254200.0,203247.0
AU,AU2504.XSGE,2025-02-10 09:29:00,day,2025-02-10,day_2025-02-10,674.48,674.64,674.48,674.62,363.0,244863380.0,203268.0
AU,AU2504.XSGE,2025-02-10 09:30:00,day,2025-02-10,day_2025-02-10,674.58,674.64,674.48,674.5,307.0,207088380.0,203234.0
AU,AU2504.XSGE,2025-02-10 09:31:00,day,2025-02-10,day_2025-02-10,674.5,674.56,674.12,674.14,758.0,511174060.0,203215.0
AU,AU2504.XSGE,2025-02-10 09:32:00,day,2025-02-10,day_2025-02-10,674.16,674.3,674.02,674.3,563.0,379548360.0,203098.0
AU,AU2504.XSGE,2025-02-10 09:33:00,day,2025-02-10,day_2025-02-10,674.3,674.48,674.2,674.24,408.0,275133480.0,203044.0
AU,AU2504.XSGE,2025-02-10 09:34:00,day,2025-02-10,day_2025-02-10,674.24,674.24,674.06,674.12,402.0,271002080.0,203054.0
AU,AU2504.XSGE,2025-02-10 09:35:00,day,2025-02-10,day_2025-02-10,674.12,674.38,674.12,674.38,482.0,324992580.0,202962.0
AU,AU2504.XSGE,2025-02-10 09:36:00,day,2025-02-10,day_2025-02-10,674.42,674.62,674.42,674.62,339.0,228656180.0,202880.0
AU,AU2504.XSGE,2025-02-10 09:37:00,day,2025-02-10,day_2025-02-10,674.64,674.7,674.44,674.48,405.0,273205480.0,202794.0
AU,AU2504.XSGE,2025-02-10 09:38:00,day,2025-02-10,day_2025-02-10,674.48,674.48,674.22,674.4,265.0,178707640.0,202746.0
AU,AU2504.XSGE,2025-02-10 09:39:00,day,2025-02-10,day_2025-02-10,674.42,674.52,674.42,674.52,296.0,199647300.0,202737.0
AU,AU2504.XSGE,2025-02-10 09:40:00,day,2025-02-10,day_2025-02-10,674.52,674.64,674.46,674.46,340.0,229346020.0,202667.0
AU,AU2504.XSGE,2025-02-10 09:41:00,day,2025-02-10,day_2025-02-10,674.44,674.52,674.42,674.46,162.0,109265240.0,202680.0
AU,AU2504.XSGE,2025-02-10 09:42:00,day,2025-02-10,day_2025-02-10,674.46,674.58,674.42,674.42,294.0,198306640.0,202628.0
AU,AU2504.XSGE,2025-02-10 09:43:00,day,2025-02-10,day_2025-02-10,674.42,674.44,674.12,674.18,430.0,289933520.0,202530.0
AU,AU2504.XSGE,2025-02-10 09:44:00,day,2025-02-10,day_2025-02-10,674.18,674.34,674.18,674.34,251.0,169240920.0,202531.0
AU,AU2504.XSGE,2025-02-10 09:45:00,day,2025-02-10,day_2025-02-10,674.34,674.42,674.22,674.3,280.0,188808260.0,202485.0
AU,AU2504.XSGE,2025-02-10 09:46:00,day,2025-02-10,day_2025-02-10,674.34,674.36,674.24,674.32,313.0,211054440.0,202351.0
AU,AU2504.XSGE,2025-02-10 09:47:00,day,2025-02-10,day_2025-02-10,674.36,674.46,674.32,674.44,213.0,143646540.0,202357.0
AU,AU2504.XSGE,2025-02-10 09:48:00,day,2025-02-10,day_2025-02-10,674.46,674.46,674.26,674.36,198.0,133521020.0,202314.0
AU,AU2504.XSGE,2025-02-10 09:49:00,day,2025-02-10,day_2025-02-10,674.36,674.5,674.36,674.42,206.0,138931340.0,202288.0
AU,AU2504.XSGE,2025-02-10 09:50:00,day,2025-02-10,day_2025-02-10,674.42,674.56,674.38,674.4,389.0,262375940.0,202139.0
AU,AU2504.XSGE,2025-02-10 09:51:00,day,2025-02-10,day_2025-02-10,674.4,674.7,674.32,674.7,458.0,308923160.0,202075.0
AU,AU2504.XSGE,2025-02-10 09:52:00,day,2025-02-10,day_2025-02-10,674.7,674.92,674.52,674.66,546.0,368405480.0,202025.0
AU,AU2504.XSGE,2025-02-10 09:53:00,day,2025-02-10,day_2025-02-10,674.7,674.82,674.7,674.8,319.0,215251520.0,201982.0
AU,AU2504.XSGE,2025-02-10 09:54:00,day,2025-02-10,day_2025-02-10,674.8,675.02,674.8,674.98,695.0,469088800.0,201977.0
AU,AU2504.XSGE,2025-02-10 09:55:00,day,2025-02-10,day_2025-02-10,674.98,674.98,674.8,674.82,285.0,192339380.0,201950.0
AU,AU2504.XSGE,2025-02-10 09:56:00,day,2025-02-10,day_2025-02-10,674.84,674.88,674.76,674.8,259.0,174775940.0,201922.0
AU,AU2504.XSGE,2025-02-10 09:57:00,day,2025-02-10,day_2025-02-10,674.8,674.98,674.78,674.8,276.0,186261840.0,201893.0
AU,AU2504.XSGE,2025-02-10 09:58:00,day,2025-02-10,day_2025-02-10,674.84,675.0,674.82,674.96,251.0,169405940.0,201881.0
AU,AU2504.XSGE,2025-02-10 09:59:00,day,2025-02-10,day_2025-02-10,674.96,675.34,674.96,675.24,649.0,438190440.0,201913.0
AU,AU2504.XSGE,2025-02-10 10:00:00,day,2025-02-10,day_2025-02-10,675.24,675.34,675.18,675.28,387.0,261326660.0,201914.0
AU,AU2504.XSGE,2025-02-10 10:01:00,day,2025-02-10,day_2025-02-10,675.3,675.52,675.28,675.5,955.0,645037260.0,201945.0
AU,AU2504.XSGE,2025-02-10 10:02:00,day,2025-02-10,day_2025-02-10,675.48,675.6,675.36,675.6,488.0,329635680.0,201935.0
AU,AU2504.XSGE,2025-02-10 10:03:00,day,2025-02-10,day_2025-02-10,675.6,675.8,675.6,675.78,855.0,577755460.0,201899.0
AU,AU2504.XSGE,2025-02-10 10:04:00,day,2025-02-10,day_2025-02-10,675.78,675.78,675.38,675.38,694.0,468885500.0,201900.0
AU,AU2504.XSGE,2025-02-10 10:05:00,day,2025-02-10,day_2025-02-10,675.38,675.38,675.14,675.22,605.0,408537500.0,201851.0
AU,AU2504.XSGE,2025-02-10 10:06:00,day,2025-02-10,day_2025-02-10,675.22,675.54,675.2,675.48,334.0,225585900.0,201879.0
AU,AU2504.XSGE,2025-02-10 10:07:00,day,2025-02-10,day_2025-02-10,675.52,675.52,675.22,675.22,270.0,182345280.0,201861.0
AU,AU2504.XSGE,2025-02-10 10:08:00,day,2025-02-10,day_2025-02-10,675.22,675.24,675.08,675.22,421.0,284246920.0,201804.0
AU,AU2504.XSGE,2025-02-10 10:09:00,day,2025-02-10,day_2025-02-10,675.2,675.34,675.18,675.34,258.0,174215200.0,201813.0
AU,AU2504.XSGE,2025-02-10 10:10:00,day,2025-02-10,day_2025-02-10,675.34,675.52,675.3,675.4,324.0,218828540.0,201803.0
AU,AU2504.XSGE,2025-02-10 10:11:00,day,2025-02-10,day_2025-02-10,675.4,675.42,675.24,675.24,290.0,195843680.0,201807.0
AU,AU2504.XSGE,2025-02-10 10:12:00,day,2025-02-10,day_2025-02-10,675.26,675.36,675.22,675.28,254.0,171523940.0,201808.0
AU,AU2504.XSGE,2025-02-10 10:13:00,day,2025-02-10,day_2025-02-10,675.28,675.38,675.28,675.36,167.0,112780660.0,201817.0
AU,AU2504.XSGE,2025-02-10 10:14:00,day,2025-02-10,day_2025-02-10,675.36,675.5,675.26,675.5,210.0,141824060.0,201797.0
AU,AU2504.XSGE,2025-02-10 10:15:00,day,2025-02-10,day_2025-02-10,675.52,675.52,675.3,675.4,288.0,194511880.0,201835.0
AU,AU2504.XSGE,2025-02-10 10:31:00,day,2025-02-10,day_2025-02-10,675.88,676.0,675.6,675.74,1641.0,1108944700.0,202046.0
AU,AU2504.XSGE,2025-02-10 10:32:00,day,2025-02-10,day_2025-02-10,675.72,675.78,675.68,675.7,288.0,194612580.0,202031.0
AU,AU2504.XSGE,2025-02-10 10:33:00,day,2025-02-10,day_2025-02-10,675.74,675.8,675.46,675.54,395.0,266888080.0,202021.0
AU,AU2504.XSGE,2025-02-10 10:34:00,day,2025-02-10,day_2025-02-10,675.54,675.54,675.38,675.4,252.0,170220580.0,201987.0
AU,AU2504.XSGE,2025-02-10 10:35:00,day,2025-02-10,day_2025-02-10,675.4,675.44,675.36,675.42,240.0,162097700.0,201978.0
AU,AU2504.XSGE,2025-02-10 10:36:00,day,2025-02-10,day_2025-02-10,675.4,675.6,675.4,675.56,246.0,166180660.0,202003.0
AU,AU2504.XSGE,2025-02-10 10:37:00,day,2025-02-10,day_2025-02-10,675.56,675.74,675.48,675.7,254.0,171609620.0,202050.0
AU,AU2504.XSGE,2025-02-10 10:38:00,day,2025-02-10,day_2025-02-10,675.68,675.78,675.64,675.64,245.0,165549660.0,202065.0
AU,AU2504.XSGE,2025-02-10 10:39:00,day,2025-02-10,day_2025-02-10,675.62,675.7,675.58,675.62,218.0,147287560.0,202079.0
AU,AU2504.XSGE,2025-02-10 10:40:00,day,2025-02-10,day_2025-02-10,675.62,675.66,675.52,675.58,361.0,243887300.0,202181.0
AU,AU2504.XSGE,2025-02-10 10:41:00,day,2025-02-10,day_2025-02-10,675.56,675.74,675.56,675.68,298.0,201343760.0,202180.0
AU,AU2504.XSGE,2025-02-10 10:42:00,day,2025-02-10,day_2025-02-10,675.68,675.98,675.68,675.9,655.0,442690660.0,202235.0
AU,AU2504.XSGE,2025-02-10 10:43:00,day,2025-02-10,day_2025-02-10,675.92,676.0,675.88,675.94,318.0,214951420.0,202273.0
AU,AU2504.XSGE,2025-02-10 10:44:00,day,2025-02-10,day_2025-02-10,675.92,675.96,675.88,675.9,200.0,135184120.0,202330.0
AU,AU2504.XSGE,2025-02-10 10:45:00,day,2025-02-10,day_2025-02-10,675.9,676.16,675.88,676.06,516.0,348838220.0,202436.0
AU,AU2504.XSGE,2025-02-10 10:46:00,day,2025-02-10,day_2025-02-10,676.06,676.18,675.96,676.02,487.0,329251640.0,202520.0
AU,AU2504.XSGE,2025-02-10 10:47:00,day,2025-02-10,day_2025-02-10,676.02,676.02,675.9,675.94,346.0,233879800.0,202572.0
AU,AU2504.XSGE,2025-02-10 10:48:00,day,2025-02-10,day_2025-02-10,675.92,675.96,675.7,675.9,759.0,512928560.0,202482.0
AU,AU2504.XSGE,2025-02-10 10:49:00,day,2025-02-10,day_2025-02-10,675.88,676.18,675.76,676.08,603.0,407603860.0,202449.0
AU,AU2504.XSGE,2025-02-10 10:50:00,day,2025-02-10,day_2025-02-10,676.08,676.12,675.8,675.9,356.0,240639980.0,202446.0
AU,AU2504.XSGE,2025-02-10 10:51:00,day,2025-02-10,day_2025-02-10,675.88,676.0,675.84,676.0,248.0,167632680.0,202445.0
AU,AU2504.XSGE,2025-02-10 10:52:00,day,2025-02-10,day_2025-02-10,676.04,676.12,675.8,675.84,712.0,481275640.0,202387.0
AU,AU2504.XSGE,2025-02-10 10:53:00,day,2025-02-10,day_2025-02-10,675.84,676.06,675.84,676.04,273.0,184547640.0,202384.0
AU,AU2504.XSGE,2025-02-10 10:54:00,day,2025-02-10,day_2025-02-10,676.04,676.06,675.84,675.92,219.0,148025980.0,202386.0
AU,AU2504.XSGE,2025-02-10 10:55:00,day,2025-02-10,day_2025-02-10,675.96,676.02,675.82,675.96,332.0,224403580.0,202381.0
AU,AU2504.XSGE,2025-02-10 10:56:00,day,2025-02-10,day_2025-02-10,675.96,675.98,675.84,675.88,175.0,118285380.0,202352.0
AU,AU2504.XSGE,2025-02-10 10:57:00,day,2025-02-10,day_2025-02-10,675.9,675.98,675.9,675.98,256.0,173040940.0,202282.0
AU,AU2504.XSGE,2025-02-10 10:58:00,day,2025-02-10,day_2025-02-10,675.98,676.0,675.9,675.98,116.0,78409060.0,202298.0
AU,AU2504.XSGE,2025-02-10 10:59:00,day,2025-02-10,day_2025-02-10,675.96,676.0,675.88,675.94,190.0,128429940.0,202308.0
AU,AU2504.XSGE,2025-02-10 11:00:00,day,2025-02-10,day_2025-02-10,675.92,675.94,675.86,675.86,105.0,70970140.0,202291.0
AU,AU2504.XSGE,2025-02-10 11:01:00,day,2025-02-10,day_2025-02-10,675.86,675.92,675.76,675.84,494.0,333861720.0,202139.0
AU,AU2504.XSGE,2025-02-10 11:02:00,day,2025-02-10,day_2025-02-10,675.84,675.88,675.7,675.7,411.0,277748940.0,202055.0
AU,AU2504.XSGE,2025-02-10 11:03:00,day,2025-02-10,day_2025-02-10,675.7,675.84,675.68,675.8,289.0,195294760.0,201980.0
AU,AU2504.XSGE,2025-02-10 11:04:00,day,2025-02-10,day_2025-02-10,675.76,675.76,675.7,675.74,246.0,166231440.0,201982.0
AU,AU2504.XSGE,2025-02-10 11:05:00,day,2025-02-10,day_2025-02-10,675.72,675.78,675.66,675.76,199.0,134467040.0,201933.0
AU,AU2504.XSGE,2025-02-10 11:06:00,day,2025-02-10,day_2025-02-10,675.78,675.84,675.68,675.68,212.0,143260920.0,201908.0
AU,AU2504.XSGE,2025-02-10 11:07:00,day,2025-02-10,day_2025-02-10,675.7,675.78,675.26,675.34,973.0,657266620.0,201659.0
AU,AU2504.XSGE,2025-02-10 11:08:00,day,2025-02-10,day_2025-02-10,675.38,675.4,675.22,675.26,734.0,495654920.0,201736.0
AU,AU2504.XSGE,2025-02-10 11:09:00,day,2025-02-10,day_2025-02-10,675.24,675.24,674.98,675.06,936.0,631890340.0,201585.0
AU,AU2504.XSGE,2025-02-10 11:10:00,day,2025-02-10,day_2025-02-10,675.04,675.32,675.04,675.26,510.0,344356120.0,201479.0
AU,AU2504.XSGE,2025-02-10 11:11:00,day,2025-02-10,day_2025-02-10,675.26,675.3,675.04,675.22,398.0,268725760.0,201443.0
AU,AU2504.XSGE,2025-02-10 11:12:00,day,2025-02-10,day_2025-02-10,675.22,675.22,675.0,675.18,282.0,190389260.0,201440.0
AU,AU2504.XSGE,2025-02-10 11:13:00,day,2025-02-10,day_2025-02-10,675.14,675.24,675.12,675.18,290.0,195798560.0,201375.0
AU,AU2504.XSGE,2025-02-10 11:14:00,day,2025-02-10,day_2025-02-10,675.18,675.42,675.16,675.38,467.0,315362260.0,201430.0
AU,AU2504.XSGE,2025-02-10 11:15:00,day,2025-02-10,day_2025-02-10,675.38,675.42,675.3,675.38,240.0,162085740.0,201437.0
AU,AU2504.XSGE,2025-02-10 11:16:00,day,2025-02-10,day_2025-02-10,675.38,675.46,675.32,675.42,218.0,147240340.0,201375.0
AU,AU2504.XSGE,2025-02-10 11:17:00,day,2025-02-10,day_2025-02-10,675.42,675.42,675.18,675.26,257.0,173548620.0,201340.0
AU,AU2504.XSGE,2025-02-10 11:18:00,day,2025-02-10,day_2025-02-10,675.3,675.36,675.24,675.26,117.0,79009440.0,201333.0
AU,AU2504.XSGE,2025-02-10 11:19:00,day,2025-02-10,day_2025-02-10,675.26,675.38,675.2,675.32,308.0,207992540.0,201314.0
AU,AU2504.XSGE,2025-02-10 11:20:00,day,2025-02-10,day_2025-02-10,675.32,675.32,675.18,675.22,232.0,156656240.0,201269.0
AU,AU2504.XSGE,2025-02-10 11:21:00,day,2025-02-10,day_2025-02-10,675.24,675.44,675.24,675.42,191.0,128989240.0,201273.0
AU,AU2504.XSGE,2025-02-10 11:22:00,day,2025-02-10,day_2025-02-10,675.44,675.44,675.38,675.42,172.0,116171440.0,201230.0
AU,AU2504.XSGE,2025-02-10 11:23:00,day,2025-02-10,day_2025-02-10,675.4,675.6,675.4,675.56,325.0,219551540.0,201180.0
AU,AU2504.XSGE,2025-02-10 11:24:00,day,2025-02-10,day_2025-02-10,675.56,675.62,675.44,675.44,151.0,102005800.0,201150.0
AU,AU2504.XSGE,2025-02-10 11:25:00,day,2025-02-10,day_2025-02-10,675.44,675.5,675.32,675.36,159.0,107389960.0,201122.0
AU,AU2504.XSGE,2025-02-10 11:26:00,day,2025-02-10,day_2025-02-10,675.36,675.36,675.22,675.28,271.0,183007180.0,201151.0
AU,AU2504.XSGE,2025-02-10 11:27:00,day,2025-02-10,day_2025-02-10,675.28,675.36,675.26,675.34,101.0,68205680.0,201130.0
AU,AU2504.XSGE,2025-02-10 11:28:00,day,2025-02-10,day_2025-02-10,675.38,675.52,675.38,675.52,255.0,172238560.0,201058.0
AU,AU2504.XSGE,2025-02-10 11:29:00,day,2025-02-10,day_2025-02-10,675.52,675.56,675.46,675.46,134.0,90519380.0,201020.0
AU,AU2504.XSGE,2025-02-10 11:30:00,day,2025-02-10,day_2025-02-10,675.46,675.56,675.36,675.5,200.0,135083360.0,201014.0
AU,AU2504.XSGE,2025-02-10 13:31:00,day,2025-02-10,day_2025-02-10,676.3,676.38,676.14,676.36,1592.0,1076606920.0,201180.0
AU,AU2504.XSGE,2025-02-10 13:32:00,day,2025-02-10,day_2025-02-10,676.36,676.48,676.36,676.44,557.0,376766200.0,201382.0
AU,AU2504.XSGE,2025-02-10 13:33:00,day,2025-02-10,day_2025-02-10,676.42,676.44,676.32,676.32,370.0,250257600.0,201447.0
AU,AU2504.XSGE,2025-02-10 13:34:00,day,2025-02-10,day_2025-02-10,676.32,676.56,676.32,676.44,920.0,622333820.0,201586.0
AU,AU2504.XSGE,2025-02-10 13:35:00,day,2025-02-10,day_2025-02-10,676.4,676.6,676.36,676.56,420.0,284130800.0,201697.0
AU,AU2504.XSGE,2025-02-10 13:36:00,day,2025-02-10,day_2025-02-10,676.56,676.56,676.26,676.26,432.0,292211760.0,201704.0
AU,AU2504.XSGE,2025-02-10 13:37:00,day,2025-02-10,day_2025-02-10,676.3,676.4,676.24,676.38,352.0,238062820.0,201717.0
AU,AU2504.XSGE,2025-02-10 13:38:00,day,2025-02-10,day_2025-02-10,676.38,676.42,676.3,676.34,287.0,194115440.0,201714.0
AU,AU2504.XSGE,2025-02-10 13:39:00,day,2025-02-10,day_2025-02-10,676.34,676.44,676.3,676.42,299.0,202234360.0,201737.0
AU,AU2504.XSGE,2025-02-10 13:40:00,day,2025-02-10,day_2025-02-10,676.42,676.42,676.34,676.38,206.0,139334680.0,201690.0
AU,AU2504.XSGE,2025-02-10 13:41:00,day,2025-02-10,day_2025-02-10,676.36,676.68,676.32,676.62,668.0,451927120.0,201888.0
AU,AU2504.XSGE,2025-02-10 13:42:00,day,2025-02-10,day_2025-02-10,676.6,676.66,676.56,676.58,342.0,231403160.0,201938.0
AU,AU2504.XSGE,2025-02-10 13:43:00,day,2025-02-10,day_2025-02-10,676.6,676.6,676.4,676.44,282.0,190771000.0,201971.0
AU,AU2504.XSGE,2025-02-10 13:44:00,day,2025-02-10,day_2025-02-10,676.44,676.48,676.36,676.44,307.0,207666080.0,201988.0
AU,AU2504.XSGE,2025-02-10 13:45:00,day,2025-02-10,day_2025-02-10,676.46,676.6,676.44,676.58,247.0,167102300.0,202060.0
AU,AU2504.XSGE,2025-02-10 13:46:00,day,2025-02-10,day_2025-02-10,676.62,676.72,676.6,676.6,541.0,366080880.0,202201.0
AU,AU2504.XSGE,2025-02-10 13:47:00,day,2025-02-10,day_2025-02-10,676.6,676.9,676.6,676.76,443.0,299806680.0,202329.0
AU,AU2504.XSGE,2025-02-10 13:48:00,day,2025-02-10,day_2025-02-10,676.76,676.8,676.7,676.8,215.0,145501820.0,202351.0
AU,AU2504.XSGE,2025-02-10 13:49:00,day,2025-02-10,day_2025-02-10,676.8,676.84,676.64,676.84,641.0,433783260.0,202322.0
AU,AU2504.XSGE,2025-02-10 13:50:00,day,2025-02-10,day_2025-02-10,676.86,677.0,676.76,676.98,916.0,620041860.0,202486.0
AU,AU2504.XSGE,2025-02-10 13:51:00,day,2025-02-10,day_2025-02-10,677.0,677.08,676.78,676.82,842.0,570003100.0,202354.0
AU,AU2504.XSGE,2025-02-10 13:52:00,day,2025-02-10,day_2025-02-10,676.8,676.92,676.7,676.76,490.0,331633900.0,202317.0
AU,AU2504.XSGE,2025-02-10 13:53:00,day,2025-02-10,day_2025-02-10,676.72,676.88,676.7,676.88,384.0,259887500.0,202281.0
AU,AU2504.XSGE,2025-02-10 13:54:00,day,2025-02-10,day_2025-02-10,676.86,676.9,676.72,676.76,388.0,262602220.0,202194.0
AU,AU2504.XSGE,2025-02-10 13:55:00,day,2025-02-10,day_2025-02-10,676.76,676.86,676.74,676.78,304.0,205749640.0,202167.0
AU,AU2504.XSGE,2025-02-10 13:56:00,day,2025-02-10,day_2025-02-10,676.84,676.88,676.74,676.74,355.0,240269920.0,202170.0
AU,AU2504.XSGE,2025-02-10 13:57:00,day,2025-02-10,day_2025-02-10,676.74,676.78,676.56,676.56,644.0,435759280.0,202093.0
AU,AU2504.XSGE,2025-02-10 13:58:00,day,2025-02-10,day_2025-02-10,676.54,676.62,676.44,676.58,557.0,376828080.0,202067.0
AU,AU2504.XSGE,2025-02-10 13:59:00,day,2025-02-10,day_2025-02-10,676.58,676.92,676.58,676.9,467.0,316056100.0,202094.0
AU,AU2504.XSGE,2025-02-10 14:00:00,day,2025-02-10,day_2025-02-10,676.92,677.14,676.86,677.12,623.0,421759000.0,202163.0
AU,AU2504.XSGE,2025-02-10 14:01:00,day,2025-02-10,day_2025-02-10,677.16,677.46,677.1,677.26,1013.0,686080120.0,202158.0
AU,AU2504.XSGE,2025-02-10 14:02:00,day,2025-02-10,day_2025-02-10,677.26,677.36,677.14,677.34,781.0,528928740.0,202224.0
AU,AU2504.XSGE,2025-02-10 14:03:00,day,2025-02-10,day_2025-02-10,677.36,677.46,677.28,677.34,585.0,396269840.0,202269.0
AU,AU2504.XSGE,2025-02-10 14:04:00,day,2025-02-10,day_2025-02-10,677.34,677.66,677.34,677.58,838.0,567750320.0,202278.0
AU,AU2504.XSGE,2025-02-10 14:05:00,day,2025-02-10,day_2025-02-10,677.56,677.76,677.56,677.76,997.0,675635560.0,202282.0
AU,AU2504.XSGE,2025-02-10 14:06:00,day,2025-02-10,day_2025-02-10,677.72,677.82,677.58,677.58,602.0,407975700.0,202302.0
AU,AU2504.XSGE,2025-02-10 14:07:00,day,2025-02-10,day_2025-02-10,677.58,677.82,677.58,677.76,780.0,528632560.0,202216.0
AU,AU2504.XSGE,2025-02-10 14:08:00,day,2025-02-10,day_2025-02-10,677.74,677.88,677.66,677.76,455.0,308384020.0,202244.0
AU,AU2504.XSGE,2025-02-10 14:09:00,day,2025-02-10,day_2025-02-10,677.78,677.78,677.68,677.76,279.0,189088480.0,202218.0
AU,AU2504.XSGE,2025-02-10 14:10:00,day,2025-02-10,day_2025-02-10,677.78,677.98,677.72,677.74,630.0,427033380.0,202293.0
AU,AU2504.XSGE,2025-02-10 14:11:00,day,2025-02-10,day_2025-02-10,677.76,677.96,677.68,677.94,512.0,347037160.0,202206.0
AU,AU2504.XSGE,2025-02-10 14:12:00,day,2025-02-10,day_2025-02-10,677.92,678.1,677.86,677.96,761.0,515931040.0,202160.0
AU,AU2504.XSGE,2025-02-10 14:13:00,day,2025-02-10,day_2025-02-10,677.96,678.02,677.9,677.9,426.0,288817160.0,202168.0
AU,AU2504.XSGE,2025-02-10 14:14:00,day,2025-02-10,day_2025-02-10,677.9,677.9,677.82,677.88,383.0,259618600.0,202156.0
AU,AU2504.XSGE,2025-02-10 14:15:00,day,2025-02-10,day_2025-02-10,677.88,677.9,677.7,677.86,477.0,323301640.0,202062.0
AU,AU2504.XSGE,2025-02-10 14:16:00,day,2025-02-10,day_2025-02-10,677.86,678.18,677.82,678.14,650.0,440674220.0,202073.0
AU,AU2504.XSGE,2025-02-10 14:17:00,day,2025-02-10,day_2025-02-10,678.14,678.2,678.06,678.08,582.0,394671120.0,202037.0
AU,AU2504.XSGE,2025-02-10 14:18:00,day,2025-02-10,day_2025-02-10,678.1,678.18,677.94,677.98,405.0,274610720.0,202055.0
AU,AU2504.XSGE,2025-02-10 14:19:00,day,2025-02-10,day_2025-02-10,677.98,678.04,677.92,678.04,390.0,264408560.0,202022.0
AU,AU2504.XSGE,2025-02-10 14:20:00,day,2025-02-10,day_2025-02-10,678.0,678.1,677.96,678.0,228.0,154590380.0,202029.0
AU,AU2504.XSGE,2025-02-10 14:21:00,day,2025-02-10,day_2025-02-10,678.0,678.14,677.94,678.06,427.0,289514540.0,202045.0
AU,AU2504.XSGE,2025-02-10 14:22:00,day,2025-02-10,day_2025-02-10,678.04,678.28,678.04,678.18,665.0,450999260.0,202075.0
AU,AU2504.XSGE,2025-02-10 14:23:00,day,2025-02-10,day_2025-02-10,678.14,678.2,678.06,678.18,344.0,233269920.0,202050.0
AU,AU2504.XSGE,2025-02-10 14:24:00,day,2025-02-10,day_2025-02-10,678.2,678.24,678.12,678.18,361.0,244820080.0,202094.0
AU,AU2504.XSGE,2025-02-10 14:25:00,day,2025-02-10,day_2025-02-10,678.12,678.26,678.12,678.18,430.0,291619680.0,202173.0
AU,AU2504.XSGE,2025-02-10 14:26:00,day,2025-02-10,day_2025-02-10,678.18,678.36,678.16,678.32,475.0,322173400.0,202208.0
AU,AU2504.XSGE,2025-02-10 14:27:00,day,2025-02-10,day_2025-02-10,678.32,678.48,678.18,678.32,610.0,413754860.0,202235.0
AU,AU2504.XSGE,2025-02-10 14:28:00,day,2025-02-10,day_2025-02-10,678.32,678.48,678.22,678.42,611.0,414462760.0,202227.0
AU,AU2504.XSGE,2025-02-10 14:29:00,day,2025-02-10,day_2025-02-10,678.42,678.66,678.4,678.58,700.0,474965940.0,202252.0
AU,AU2504.XSGE,2025-02-10 14:30:00,day,2025-02-10,day_2025-02-10,678.56,678.64,678.5,678.56,547.0,371182060.0,202327.0
AU,AU2504.XSGE,2025-02-10 14:31:00,day,2025-02-10,day_2025-02-10,678.56,678.72,678.42,678.48,682.0,462784300.0,202376.0
AU,AU2504.XSGE,2025-02-10 14:32:00,day,2025-02-10,day_2025-02-10,678.48,678.48,678.3,678.3,571.0,387354720.0,202197.0
AU,AU2504.XSGE,2025-02-10 14:33:00,day,2025-02-10,day_2025-02-10,678.3,678.52,678.26,678.44,419.0,284244700.0,202162.0
AU,AU2504.XSGE,2025-02-10 14:34:00,day,2025-02-10,day_2025-02-10,678.44,678.52,678.42,678.48,154.0,104486400.0,202172.0
AU,AU2504.XSGE,2025-02-10 14:35:00,day,2025-02-10,day_2025-02-10,678.48,678.58,678.46,678.52,274.0,185914060.0,202152.0
AU,AU2504.XSGE,2025-02-10 14:36:00,day,2025-02-10,day_2025-02-10,678.54,678.58,678.4,678.44,267.0,181160200.0,202138.0
AU,AU2504.XSGE,2025-02-10 14:37:00,day,2025-02-10,day_2025-02-10,678.42,678.64,678.42,678.46,462.0,313483760.0,202110.0
AU,AU2504.XSGE,2025-02-10 14:38:00,day,2025-02-10,day_2025-02-10,678.42,678.42,678.2,678.22,668.0,453100300.0,202030.0
AU,AU2504.XSGE,2025-02-10 14:39:00,day,2025-02-10,day_2025-02-10,678.22,678.38,678.16,678.34,457.0,309965680.0,202010.0
AU,AU2504.XSGE,2025-02-10 14:40:00,day,2025-02-10,day_2025-02-10,678.32,678.42,678.32,678.42,257.0,174343400.0,201997.0
AU,AU2504.XSGE,2025-02-10 14:41:00,day,2025-02-10,day_2025-02-10,678.4,678.56,678.38,678.5,243.0,164871300.0,201961.0
AU,AU2504.XSGE,2025-02-10 14:42:00,day,2025-02-10,day_2025-02-10,678.52,678.66,678.5,678.6,413.0,280257960.0,202016.0
AU,AU2504.XSGE,2025-02-10 14:43:00,day,2025-02-10,day_2025-02-10,678.6,678.64,678.46,678.48,366.0,248351620.0,201973.0
AU,AU2504.XSGE,2025-02-10 14:44:00,day,2025-02-10,day_2025-02-10,678.46,678.52,678.38,678.42,227.0,154008280.0,201963.0
AU,AU2504.XSGE,2025-02-10 14:45:00,day,2025-02-10,day_2025-02-10,678.42,678.6,678.38,678.54,312.0,211697420.0,201999.0
AU,AU2504.XSGE,2025-02-10 14:46:00,day,2025-02-10,day_2025-02-10,678.54,678.62,678.5,678.56,248.0,168280800.0,201999.0
AU,AU2504.XSGE,2025-02-10 14:47:00,day,2025-02-10,day_2025-02-10,678.58,678.98,678.5,678.92,718.0,487375760.0,201975.0
AU,AU2504.XSGE,2025-02-10 14:48:00,day,2025-02-10,day_2025-02-10,678.9,679.16,678.88,679.12,1044.0,708875080.0,202041.0
AU,AU2504.XSGE,2025-02-10 14:49:00,day,2025-02-10,day_2025-02-10,679.14,679.5,679.12,679.44,1387.0,942246320.0,202068.0
AU,AU2504.XSGE,2025-02-10 14:50:00,day,2025-02-10,day_2025-02-10,679.42,679.46,679.28,679.28,629.0,427305620.0,202059.0
AU,AU2504.XSGE,2025-02-10 14:51:00,day,2025-02-10,day_2025-02-10,679.34,679.38,679.04,679.26,724.0,491766100.0,201999.0
AU,AU2504.XSGE,2025-02-10 14:52:00,day,2025-02-10,day_2025-02-10,679.24,679.28,679.06,679.2,549.0,372868200.0,201916.0
AU,AU2504.XSGE,2025-02-10 14:53:00,day,2025-02-10,day_2025-02-10,679.2,679.34,679.12,679.28,558.0,379001820.0,201895.0
AU,AU2504.XSGE,2025-02-10 14:54:00,day,2025-02-10,day_2025-02-10,679.28,679.28,678.74,678.76,819.0,556052940.0,201759.0
AU,AU2504.XSGE,2025-02-10 14:55:00,day,2025-02-10,day_2025-02-10,678.78,679.02,678.68,679.0,591.0,401195380.0,201691.0
AU,AU2504.XSGE,2025-02-10 14:56:00,day,2025-02-10,day_2025-02-10,679.0,679.1,678.92,678.96,557.0,378217680.0,201753.0
AU,AU2504.XSGE,2025-02-10 14:57:00,day,2025-02-10,day_2025-02-10,678.96,679.04,678.88,678.98,440.0,298739240.0,201723.0
AU,AU2504.XSGE,2025-02-10 14:58:00,day,2025-02-10,day_2025-02-10,679.0,679.12,678.96,679.06,416.0,282486260.0,201697.0
AU,AU2504.XSGE,2025-02-10 14:59:00,day,2025-02-10,day_2025-02-10,679.04,679.1,678.94,679.08,483.0,327964420.0,201641.0
AU,AU2504.XSGE,2025-02-10 15:00:00,day,2025-02-10,day_2025-02-10,679.08,679.3,678.96,679.08,935.0,635040880.0,201628.0
AU,AU2504.XSGE,2025-02-10 21:01:00,night,2025-02-10,night_2025-02-10,682.22,683.3,681.52,681.92,4181.0,2851454320.0,201977.0
AU,AU2504.XSGE,2025-02-10 21:02:00,night,2025-02-10,night_2025-02-10,681.9,682.02,681.58,681.6,1471.0,1002924860.0,202198.0
AU,AU2504.XSGE,2025-02-10 21:03:00,night,2025-02-10,night_2025-02-10,681.6,681.94,681.5,681.9,1201.0,818790260.0,202359.0
AU,AU2504.XSGE,2025-02-10 21:04:00,night,2025-02-10,night_2025-02-10,681.9,682.52,681.84,682.44,1535.0,1047237340.0,202540.0
AU,AU2504.XSGE,2025-02-10 21:05:00,night,2025-02-10,night_2025-02-10,682.42,682.66,682.36,682.58,1181.0,806032600.0,202673.0
AU,AU2504.XSGE,2025-02-10 21:06:00,night,2025-02-10,night_2025-02-10,682.56,682.6,682.34,682.42,882.0,601943560.0,202778.0
AU,AU2504.XSGE,2025-02-10 21:07:00,night,2025-02-10,night_2025-02-10,682.4,682.66,682.4,682.48,879.0,599967420.0,202862.0
AU,AU2504.XSGE,2025-02-10 21:08:00,night,2025-02-10,night_2025-02-10,682.48,682.66,682.18,682.22,1124.0,767027660.0,202834.0
AU,AU2504.XSGE,2025-02-10 21:09:00,night,2025-02-10,night_2025-02-10,682.24,682.36,681.96,682.3,1043.0,711501000.0,202774.0
AU,AU2504.XSGE,2025-02-10 21:10:00,night,2025-02-10,night_2025-02-10,682.34,682.46,682.32,682.38,555.0,378721920.0,202844.0
AU,AU2504.XSGE,2025-02-10 21:11:00,night,2025-02-10,night_2025-02-10,682.38,682.5,682.22,682.24,478.0,326176780.0,202939.0
AU,AU2504.XSGE,2025-02-10 21:12:00,night,2025-02-10,night_2025-02-10,682.26,682.48,682.16,682.34,509.0,347308220.0,202947.0
AU,AU2504.XSGE,2025-02-10 21:13:00,night,2025-02-10,night_2025-02-10,682.34,682.44,682.3,682.32,359.0,244974200.0,202970.0
AU,AU2504.XSGE,2025-02-10 21:14:00,night,2025-02-10,night_2025-02-10,682.32,682.52,682.32,682.52,583.0,397857120.0,202992.0
AU,AU2504.XSGE,2025-02-10 21:15:00,night,2025-02-10,night_2025-02-10,682.5,682.8,682.46,682.68,1206.0,823263660.0,203099.0
AU,AU2504.XSGE,2025-02-10 21:16:00,night,2025-02-10,night_2025-02-10,682.66,682.7,682.44,682.66,1282.0,875067060.0,203239.0
AU,AU2504.XSGE,2025-02-10 21:17:00,night,2025-02-10,night_2025-02-10,682.66,682.78,682.58,682.72,787.0,537282320.0,203242.0
AU,AU2504.XSGE,2025-02-10 21:18:00,night,2025-02-10,night_2025-02-10,682.74,683.02,682.72,682.9,1224.0,835912100.0,203461.0
AU,AU2504.XSGE,2025-02-10 21:19:00,night,2025-02-10,night_2025-02-10,682.9,682.92,682.7,682.9,756.0,516203500.0,203467.0
AU,AU2504.XSGE,2025-02-10 21:20:00,night,2025-02-10,night_2025-02-10,682.9,683.28,682.9,683.24,1376.0,939968200.0,203627.0
AU,AU2504.XSGE,2025-02-10 21:21:00,night,2025-02-10,night_2025-02-10,683.26,683.7,683.24,683.46,2278.0,1556984460.0,203923.0
AU,AU2504.XSGE,2025-02-10 21:22:00,night,2025-02-10,night_2025-02-10,683.44,683.44,683.2,683.28,956.0,653248040.0,203968.0
AU,AU2504.XSGE,2025-02-10 21:23:00,night,2025-02-10,night_2025-02-10,683.26,683.48,682.82,682.82,1096.0,748722020.0,203990.0
AU,AU2504.XSGE,2025-02-10 21:24:00,night,2025-02-10,night_2025-02-10,682.8,682.94,682.72,682.8,897.0,612499720.0,204040.0
AU,AU2504.XSGE,2025-02-10 21:25:00,night,2025-02-10,night_2025-02-10,682.8,682.86,682.38,682.4,1325.0,904441720.0,203855.0
AU,AU2504.XSGE,2025-02-10 21:26:00,night,2025-02-10,night_2025-02-10,682.38,682.42,681.92,682.04,1801.0,1228558580.0,203644.0
AU,AU2504.XSGE,2025-02-10 21:27:00,night,2025-02-10,night_2025-02-10,682.06,682.14,681.56,681.58,1657.0,1129682660.0,203455.0
AU,AU2504.XSGE,2025-02-10 21:28:00,night,2025-02-10,night_2025-02-10,681.6,682.04,681.6,681.9,1149.0,783448700.0,203404.0
AU,AU2504.XSGE,2025-02-10 21:29:00,night,2025-02-10,night_2025-02-10,681.9,682.0,681.66,681.78,984.0,670944560.0,203566.0
AU,AU2504.XSGE,2025-02-10 21:30:00,night,2025-02-10,night_2025-02-10,681.82,681.9,681.74,681.9,450.0,306819680.0,203615.0
AU,AU2504.XSGE,2025-02-10 21:31:00,night,2025-02-10,night_2025-02-10,681.9,681.94,681.64,681.74,751.0,512032800.0,203613.0
AU,AU2504.XSGE,2025-02-10 21:32:00,night,2025-02-10,night_2025-02-10,681.76,681.9,681.3,681.5,1486.0,1012696820.0,203560.0
AU,AU2504.XSGE,2025-02-10 21:33:00,night,2025-02-10,night_2025-02-10,681.5,681.6,681.3,681.46,850.0,579206520.0,203517.0
AU,AU2504.XSGE,2025-02-10 21:34:00,night,2025-02-10,night_2025-02-10,681.46,681.86,681.32,681.84,953.0,649557920.0,203486.0
AU,AU2504.XSGE,2025-02-10 21:35:00,night,2025-02-10,night_2025-02-10,681.88,681.96,681.68,681.72,845.0,576162420.0,203600.0
AU,AU2504.XSGE,2025-02-10 21:36:00,night,2025-02-10,night_2025-02-10,681.72,682.1,681.72,682.06,837.0,570789460.0,203627.0
AU,AU2504.XSGE,2025-02-10 21:37:00,night,2025-02-10,night_2025-02-10,682.04,682.06,681.66,681.78,620.0,422763220.0,203599.0
AU,AU2504.XSGE,2025-02-10 21:38:00,night,2025-02-10,night_2025-02-10,681.76,681.84,681.54,681.78,517.0,352420080.0,203585.0
AU,AU2504.XSGE,2025-02-10 21:39:00,night,2025-02-10,night_2025-02-10,681.78,681.9,681.54,681.58,571.0,389262720.0,203591.0
AU,AU2504.XSGE,2025-02-10 21:40:00,night,2025-02-10,night_2025-02-10,681.6,681.64,681.24,681.46,1050.0,715487300.0,203652.0
AU,AU2504.XSGE,2025-02-10 21:41:00,night,2025-02-10,night_2025-02-10,681.44,681.46,680.84,680.98,2133.0,1452736440.0,203593.0
AU,AU2504.XSGE,2025-02-10 21:42:00,night,2025-02-10,night_2025-02-10,680.98,681.26,680.88,681.14,897.0,610957440.0,203451.0
AU,AU2504.XSGE,2025-02-10 21:43:00,night,2025-02-10,night_2025-02-10,681.16,681.38,681.06,681.1,825.0,561988480.0,203392.0
AU,AU2504.XSGE,2025-02-10 21:44:00,night,2025-02-10,night_2025-02-10,681.14,681.2,680.6,680.68,1348.0,917763660.0,203267.0
AU,AU2504.XSGE,2025-02-10 21:45:00,night,2025-02-10,night_2025-02-10,680.66,680.9,680.54,680.68,944.0,642626860.0,203278.0
AU,AU2504.XSGE,2025-02-10 21:46:00,night,2025-02-10,night_2025-02-10,680.68,680.82,680.52,680.8,899.0,611905720.0,203277.0
AU,AU2504.XSGE,2025-02-10 21:47:00,night,2025-02-10,night_2025-02-10,680.82,681.2,680.8,681.16,883.0,601315400.0,203202.0
AU,AU2504.XSGE,2025-02-10 21:48:00,night,2025-02-10,night_2025-02-10,681.12,681.32,681.12,681.2,797.0,542937940.0,203096.0
AU,AU2504.XSGE,2025-02-10 21:49:00,night,2025-02-10,night_2025-02-10,681.2,681.2,680.8,680.96,664.0,452194980.0,203074.0
AU,AU2504.XSGE,2025-02-10 21:50:00,night,2025-02-10,night_2025-02-10,680.96,681.0,680.76,680.82,569.0,387399820.0,203106.0
AU,AU2504.XSGE,2025-02-10 21:51:00,night,2025-02-10,night_2025-02-10,680.8,681.12,680.74,681.08,784.0,533840480.0,203116.0
AU,AU2504.XSGE,2025-02-10 21:52:00,night,2025-02-10,night_2025-02-10,681.08,681.08,680.92,681.0,529.0,360248180.0,203090.0
AU,AU2504.XSGE,2025-02-10 21:53:00,night,2025-02-10,night_2025-02-10,681.0,681.3,680.98,681.28,606.0,412778100.0,203053.0
AU,AU2504.XSGE,2025-02-10 21:54:00,night,2025-02-10,night_2025-02-10,681.3,681.58,681.24,681.48,985.0,671171660.0,203012.0
AU,AU2504.XSGE,2025-02-10 21:55:00,night,2025-02-10,night_2025-02-10,681.5,681.52,681.32,681.34,458.0,312095500.0,203046.0
AU,AU2504.XSGE,2025-02-10 21:56:00,night,2025-02-10,night_2025-02-10,681.34,681.58,681.34,681.58,339.0,231011660.0,203078.0
AU,AU2504.XSGE,2025-02-10 21:57:00,night,2025-02-10,night_2025-02-10,681.6,681.72,681.4,681.4,657.0,447793360.0,203088.0
AU,AU2504.XSGE,2025-02-10 21:58:00,night,2025-02-10,night_2025-02-10,681.4,681.4,681.06,681.06,525.0,357644860.0,203062.0
AU,AU2504.XSGE,2025-02-10 21:59:00,night,2025-02-10,night_2025-02-10,681.1,681.1,680.92,680.94,542.0,369090340.0,203075.0
AU,AU2504.XSGE,2025-02-10 22:00:00,night,2025-02-10,night_2025-02-10,680.94,681.16,680.94,681.14,309.0,210452180.0,203086.0
AU,AU2504.XSGE,2025-02-10 22:01:00,night,2025-02-10,night_2025-02-10,681.14,681.28,680.98,681.06,385.0,262242500.0,203093.0
AU,AU2504.XSGE,2025-02-10 22:02:00,night,2025-02-10,night_2025-02-10,681.06,681.08,680.62,680.62,960.0,653518680.0,203169.0
AU,AU2504.XSGE,2025-02-10 22:03:00,night,2025-02-10,night_2025-02-10,680.6,680.74,680.28,680.32,1237.0,841813900.0,203085.0
AU,AU2504.XSGE,2025-02-10 22:04:00,night,2025-02-10,night_2025-02-10,680.28,680.52,680.2,680.32,980.0,666769740.0,202984.0
AU,AU2504.XSGE,2025-02-10 22:05:00,night,2025-02-10,night_2025-02-10,680.32,680.32,679.84,679.98,1753.0,1192095960.0,203037.0
AU,AU2504.XSGE,2025-02-10 22:06:00,night,2025-02-10,night_2025-02-10,680.0,680.34,679.96,680.18,967.0,657722440.0,202998.0
AU,AU2504.XSGE,2025-02-10 22:07:00,night,2025-02-10,night_2025-02-10,680.22,680.36,679.9,679.98,802.0,545434280.0,203013.0
AU,AU2504.XSGE,2025-02-10 22:08:00,night,2025-02-10,night_2025-02-10,679.98,680.26,679.9,680.14,767.0,521605940.0,202926.0
AU,AU2504.XSGE,2025-02-10 22:09:00,night,2025-02-10,night_2025-02-10,680.12,680.34,680.08,680.24,587.0,399289120.0,202957.0
AU,AU2504.XSGE,2025-02-10 22:10:00,night,2025-02-10,night_2025-02-10,680.22,680.42,680.18,680.4,973.0,661962200.0,202972.0
AU,AU2504.XSGE,2025-02-10 22:11:00,night,2025-02-10,night_2025-02-10,680.36,680.36,680.14,680.28,473.0,321757540.0,203026.0
AU,AU2504.XSGE,2025-02-10 22:12:00,night,2025-02-10,night_2025-02-10,680.3,680.32,680.0,680.14,497.0,338016280.0,203013.0
AU,AU2504.XSGE,2025-02-10 22:13:00,night,2025-02-10,night_2025-02-10,680.12,680.44,680.08,680.28,582.0,395941160.0,203035.0
AU,AU2504.XSGE,2025-02-10 22:14:00,night,2025-02-10,night_2025-02-10,680.26,680.46,679.86,680.46,1152.0,783563480.0,203025.0
AU,AU2504.XSGE,2025-02-10 22:15:00,night,2025-02-10,night_2025-02-10,680.46,680.7,680.46,680.66,941.0,640465780.0,203058.0
AU,AU2504.XSGE,2025-02-10 22:16:00,night,2025-02-10,night_2025-02-10,680.68,680.86,680.62,680.74,587.0,399579000.0,203101.0
AU,AU2504.XSGE,2025-02-10 22:17:00,night,2025-02-10,night_2025-02-10,680.74,680.78,680.5,680.78,567.0,385939600.0,203157.0
AU,AU2504.XSGE,2025-02-10 22:18:00,night,2025-02-10,night_2025-02-10,680.78,681.16,680.76,681.06,1124.0,765447560.0,203166.0
AU,AU2504.XSGE,2025-02-10 22:19:00,night,2025-02-10,night_2025-02-10,681.06,681.14,680.94,681.02,648.0,441304480.0,203206.0
AU,AU2504.XSGE,2025-02-10 22:20:00,night,2025-02-10,night_2025-02-10,681.02,681.36,680.96,681.36,665.0,452961640.0,203298.0
AU,AU2504.XSGE,2025-02-10 22:21:00,night,2025-02-10,night_2025-02-10,681.34,681.56,681.24,681.52,924.0,629607980.0,203385.0
AU,AU2504.XSGE,2025-02-10 22:22:00,night,2025-02-10,night_2025-02-10,681.56,681.86,681.56,681.64,1105.0,753248880.0,203378.0
AU,AU2504.XSGE,2025-02-10 22:23:00,night,2025-02-10,night_2025-02-10,681.68,681.94,681.68,681.78,1080.0,736368980.0,203553.0
AU,AU2504.XSGE,2025-02-10 22:24:00,night,2025-02-10,night_2025-02-10,681.76,681.78,681.34,681.4,905.0,616786060.0,203475.0
AU,AU2504.XSGE,2025-02-10 22:25:00,night,2025-02-10,night_2025-02-10,681.4,681.42,681.22,681.28,517.0,352224680.0,203465.0
AU,AU2504.XSGE,2025-02-10 22:26:00,night,2025-02-10,night_2025-02-10,681.24,681.54,681.2,681.38,545.0,371369420.0,203508.0
AU,AU2504.XSGE,2025-02-10 22:27:00,night,2025-02-10,night_2025-02-10,681.36,681.44,681.32,681.34,258.0,175797280.0,203544.0
AU,AU2504.XSGE,2025-02-10 22:28:00,night,2025-02-10,night_2025-02-10,681.34,681.66,681.34,681.62,415.0,282821560.0,203579.0
AU,AU2504.XSGE,2025-02-10 22:29:00,night,2025-02-10,night_2025-02-10,681.62,681.78,681.58,681.64,605.0,412421520.0,203621.0
AU,AU2504.XSGE,2025-02-10 22:30:00,night,2025-02-10,night_2025-02-10,681.64,681.98,681.64,681.96,798.0,544087340.0,203726.0
AU,AU2504.XSGE,2025-02-10 22:31:00,night,2025-02-10,night_2025-02-10,682.0,682.12,681.8,681.8,995.0,678580000.0,203812.0
AU,AU2504.XSGE,2025-02-10 22:32:00,night,2025-02-10,night_2025-02-10,681.8,682.16,681.8,682.06,772.0,526537840.0,203804.0
AU,AU2504.XSGE,2025-02-10 22:33:00,night,2025-02-10,night_2025-02-10,682.06,682.06,681.78,681.8,412.0,280962560.0,203792.0
AU,AU2504.XSGE,2025-02-10 22:34:00,night,2025-02-10,night_2025-02-10,681.78,682.0,681.78,681.94,414.0,282306200.0,203827.0
AU,AU2504.XSGE,2025-02-10 22:35:00,night,2025-02-10,night_2025-02-10,681.94,682.1,681.92,682.0,387.0,263939000.0,203895.0
AU,AU2504.XSGE,2025-02-10 22:36:00,night,2025-02-10,night_2025-02-10,682.02,682.22,681.96,682.06,758.0,517048480.0,203952.0
AU,AU2504.XSGE,2025-02-10 22:37:00,night,2025-02-10,night_2025-02-10,682.06,682.08,681.54,681.58,1016.0,692676280.0,203863.0
AU,AU2504.XSGE,2025-02-10 22:38:00,night,2025-02-10,night_2025-02-10,681.6,681.82,681.48,681.82,910.0,620281080.0,203925.0
AU,AU2504.XSGE,2025-02-10 22:39:00,night,2025-02-10,night_2025-02-10,681.84,681.92,681.76,681.86,507.0,345695940.0,203958.0
AU,AU2504.XSGE,2025-02-10 22:40:00,night,2025-02-10,night_2025-02-10,681.92,682.32,681.92,682.32,726.0,495235640.0,204071.0
AU,AU2504.XSGE,2025-02-10 22:41:00,night,2025-02-10,night_2025-02-10,682.34,682.34,682.12,682.14,505.0,344514400.0,204091.0
AU,AU2504.XSGE,2025-02-10 22:42:00,night,2025-02-10,night_2025-02-10,682.14,682.24,681.84,682.02,620.0,422873460.0,204130.0
AU,AU2504.XSGE,2025-02-10 22:43:00,night,2025-02-10,night_2025-02-10,682.02,682.34,682.02,682.22,778.0,530774060.0,204194.0
AU,AU2504.XSGE,2025-02-10 22:44:00,night,2025-02-10,night_2025-02-10,682.22,682.22,682.06,682.12,408.0,278305240.0,204193.0
AU,AU2504.XSGE,2025-02-10 22:45:00,night,2025-02-10,night_2025-02-10,682.14,682.22,682.06,682.16,303.0,206686680.0,204207.0
AU,AU2504.XSGE,2025-02-10 22:46:00,night,2025-02-10,night_2025-02-10,682.16,682.46,682.16,682.26,706.0,481740400.0,204265.0
AU,AU2504.XSGE,2025-02-10 22:47:00,night,2025-02-10,night_2025-02-10,682.26,682.42,682.12,682.36,505.0,344553580.0,204272.0
AU,AU2504.XSGE,2025-02-10 22:48:00,night,2025-02-10,night_2025-02-10,682.36,682.4,682.26,682.38,397.0,270891000.0,204289.0
AU,AU2504.XSGE,2025-02-10 22:49:00,night,2025-02-10,night_2025-02-10,682.4,682.4,682.24,682.28,316.0,215613100.0,204333.0
AU,AU2504.XSGE,2025-02-10 22:50:00,night,2025-02-10,night_2025-02-10,682.26,682.26,682.02,682.14,554.0,377880160.0,204352.0
AU,AU2504.XSGE,2025-02-10 22:51:00,night,2025-02-10,night_2025-02-10,682.14,682.16,681.98,682.06,344.0,234629900.0,204357.0
AU,AU2504.XSGE,2025-02-10 22:52:00,night,2025-02-10,night_2025-02-10,682.08,682.4,682.06,682.34,550.0,375237340.0,204347.0
AU,AU2504.XSGE,2025-02-10 22:53:00,night,2025-02-10,night_2025-02-10,682.34,682.56,682.34,682.5,749.0,511183400.0,204354.0
AU,AU2504.XSGE,2025-02-10 22:54:00,night,2025-02-10,night_2025-02-10,682.52,682.6,682.34,682.56,449.0,306437980.0,204370.0
AU,AU2504.XSGE,2025-02-10 22:55:00,night,2025-02-10,night_2025-02-10,682.58,682.68,682.52,682.64,506.0,345392240.0,204423.0
AU,AU2504.XSGE,2025-02-10 22:56:00,night,2025-02-10,night_2025-02-10,682.64,682.9,682.6,682.64,749.0,511376900.0,204486.0
AU,AU2504.XSGE,2025-02-10 22:57:00,night,2025-02-10,night_2025-02-10,682.68,682.68,682.36,682.36,615.0,419737980.0,204567.0
AU,AU2504.XSGE,2025-02-10 22:58:00,night,2025-02-10,night_2025-02-10,682.38,682.48,682.36,682.36,295.0,201310360.0,204573.0
AU,AU2504.XSGE,2025-02-10 22:59:00,night,2025-02-10,night_2025-02-10,682.38,682.68,682.38,682.64,509.0,347430840.0,204566.0
AU,AU2504.XSGE,2025-02-10 23:00:00,night,2025-02-10,night_2025-02-10,682.64,682.86,682.64,682.82,451.0,307924680.0,204593.0
AU,AU2504.XSGE,2025-02-10 23:01:00,night,2025-02-10,night_2025-02-10,682.8,682.84,682.5,682.54,733.0,500374820.0,204617.0
AU,AU2504.XSGE,2025-02-10 23:02:00,night,2025-02-10,night_2025-02-10,682.5,682.5,682.3,682.34,551.0,375987240.0,204618.0
AU,AU2504.XSGE,2025-02-10 23:03:00,night,2025-02-10,night_2025-02-10,682.32,682.54,682.08,682.52,777.0,530117280.0,204549.0
AU,AU2504.XSGE,2025-02-10 23:04:00,night,2025-02-10,night_2025-02-10,682.54,682.54,682.22,682.34,432.0,294777080.0,204540.0
AU,AU2504.XSGE,2025-02-10 23:05:00,night,2025-02-10,night_2025-02-10,682.36,682.52,682.28,682.48,310.0,211552720.0,204561.0
AU,AU2504.XSGE,2025-02-10 23:06:00,night,2025-02-10,night_2025-02-10,682.48,682.8,682.4,682.8,564.0,384986000.0,204517.0
AU,AU2504.XSGE,2025-02-10 23:07:00,night,2025-02-10,night_2025-02-10,682.76,682.76,682.64,682.7,345.0,235535700.0,204563.0
AU,AU2504.XSGE,2025-02-10 23:08:00,night,2025-02-10,night_2025-02-10,682.68,682.84,682.66,682.78,357.0,243743260.0,204597.0
AU,AU2504.XSGE,2025-02-10 23:09:00,night,2025-02-10,night_2025-02-10,682.8,683.06,682.78,683.0,980.0,669293400.0,204700.0
AU,AU2504.XSGE,2025-02-10 23:10:00,night,2025-02-10,night_2025-02-10,682.98,683.0,682.74,682.88,463.0,316158940.0,204756.0
AU,AU2504.XSGE,2025-02-10 23:11:00,night,2025-02-10,night_2025-02-10,682.88,682.92,682.7,682.74,451.0,307950440.0,204760.0
AU,AU2504.XSGE,2025-02-10 23:12:00,night,2025-02-10,night_2025-02-10,682.82,683.0,682.78,682.96,340.0,232175440.0,204794.0
AU,AU2504.XSGE,2025-02-10 23:13:00,night,2025-02-10,night_2025-02-10,682.96,683.02,682.86,682.88,312.0,213079440.0,204853.0
AU,AU2504.XSGE,2025-02-10 23:14:00,night,2025-02-10,night_2025-02-10,682.88,682.98,682.84,682.92,346.0,236287960.0,204887.0
AU,AU2504.XSGE,2025-02-10 23:15:00,night,2025-02-10,night_2025-02-10,682.92,682.98,682.78,682.92,422.0,288173380.0,204902.0
AU,AU2504.XSGE,2025-02-10 23:16:00,night,2025-02-10,night_2025-02-10,682.92,682.96,682.74,682.82,354.0,241723140.0,204924.0
AU,AU2504.XSGE,2025-02-10 23:17:00,night,2025-02-10,night_2025-02-10,682.82,682.88,682.78,682.8,225.0,153636460.0,204909.0
AU,AU2504.XSGE,2025-02-10 23:18:00,night,2025-02-10,night_2025-02-10,682.84,682.9,682.78,682.86,231.0,157737260.0,204902.0
AU,AU2504.XSGE,2025-02-10 23:19:00,night,2025-02-10,night_2025-02-10,682.86,682.92,682.82,682.86,197.0,134526660.0,204948.0
AU,AU2504.XSGE,2025-02-10 23:20:00,night,2025-02-10,night_2025-02-10,682.88,683.2,682.88,683.12,713.0,487050440.0,205017.0
AU,AU2504.XSGE,2025-02-10 23:21:00,night,2025-02-10,night_2025-02-10,683.12,683.16,683.02,683.14,354.0,241815620.0,205048.0
AU,AU2504.XSGE,2025-02-10 23:22:00,night,2025-02-10,night_2025-02-10,683.16,683.24,683.02,683.06,365.0,249336660.0,205057.0
AU,AU2504.XSGE,2025-02-10 23:23:00,night,2025-02-10,night_2025-02-10,683.06,683.16,683.04,683.1,256.0,174873600.0,205057.0
AU,AU2504.XSGE,2025-02-10 23:24:00,night,2025-02-10,night_2025-02-10,683.1,683.16,683.0,683.0,305.0,208341360.0,205109.0
AU,AU2504.XSGE,2025-02-10 23:25:00,night,2025-02-10,night_2025-02-10,683.0,683.0,682.74,682.82,624.0,426096980.0,205003.0
AU,AU2504.XSGE,2025-02-10 23:26:00,night,2025-02-10,night_2025-02-10,682.8,683.0,682.8,682.9,394.0,269068200.0,205037.0
AU,AU2504.XSGE,2025-02-10 23:27:00,night,2025-02-10,night_2025-02-10,682.9,682.9,682.6,682.68,580.0,395977060.0,205035.0
AU,AU2504.XSGE,2025-02-10 23:28:00,night,2025-02-10,night_2025-02-10,682.64,682.74,682.5,682.5,377.0,257352280.0,205000.0
AU,AU2504.XSGE,2025-02-10 23:29:00,night,2025-02-10,night_2025-02-10,682.52,682.7,682.52,682.64,240.0,163830900.0,204961.0
AU,AU2504.XSGE,2025-02-10 23:30:00,night,2025-02-10,night_2025-02-10,682.68,682.8,682.56,682.64,291.0,198664540.0,204965.0
AU,AU2504.XSGE,2025-02-10 23:31:00,night,2025-02-10,night_2025-02-10,682.66,682.74,682.44,682.5,486.0,331719860.0,204941.0
AU,AU2504.XSGE,2025-02-10 23:32:00,night,2025-02-10,night_2025-02-10,682.5,682.7,682.46,682.46,480.0,327635300.0,204897.0
AU,AU2504.XSGE,2025-02-10 23:33:00,night,2025-02-10,night_2025-02-10,682.46,682.46,682.08,682.22,799.0,545094080.0,204787.0
AU,AU2504.XSGE,2025-02-10 23:34:00,night,2025-02-10,night_2025-02-10,682.22,682.44,682.16,682.42,451.0,307727960.0,204797.0
AU,AU2504.XSGE,2025-02-10 23:35:00,night,2025-02-10,night_2025-02-10,682.4,682.7,682.38,682.68,470.0,320800100.0,204835.0
AU,AU2504.XSGE,2025-02-10 23:36:00,night,2025-02-10,night_2025-02-10,682.68,682.98,682.68,682.98,793.0,541527480.0,204881.0
AU,AU2504.XSGE,2025-02-10 23:37:00,night,2025-02-10,night_2025-02-10,683.0,683.04,682.86,682.92,367.0,250639880.0,204878.0
AU,AU2504.XSGE,2025-02-10 23:38:00,night,2025-02-10,night_2025-02-10,682.92,683.0,682.84,682.88,308.0,210339360.0,204852.0
AU,AU2504.XSGE,2025-02-10 23:39:00,night,2025-02-10,night_2025-02-10,682.86,682.98,682.86,682.9,290.0,198046960.0,204844.0
AU,AU2504.XSGE,2025-02-10 23:40:00,night,2025-02-10,night_2025-02-10,682.92,683.04,682.84,682.96,392.0,267711840.0,204891.0
AU,AU2504.XSGE,2025-02-10 23:41:00,night,2025-02-10,night_2025-02-10,683.0,683.22,683.0,683.12,606.0,413987040.0,204996.0
AU,AU2504.XSGE,2025-02-10 23:42:00,night,2025-02-10,night_2025-02-10,683.12,683.2,682.92,682.98,428.0,292356140.0,204972.0
AU,AU2504.XSGE,2025-02-10 23:43:00,night,2025-02-10,night_2025-02-10,682.98,683.04,682.86,682.86,297.0,202838480.0,205002.0
AU,AU2504.XSGE,2025-02-10 23:44:00,night,2025-02-10,night_2025-02-10,682.86,682.86,682.6,682.7,434.0,296296200.0,204921.0
AU,AU2504.XSGE,2025-02-10 23:45:00,night,2025-02-10,night_2025-02-10,682.7,682.7,682.56,682.64,221.0,150860920.0,204906.0
AU,AU2504.XSGE,2025-02-10 23:46:00,night,2025-02-10,night_2025-02-10,682.66,682.74,682.6,682.6,219.0,149506240.0,204924.0
AU,AU2504.XSGE,2025-02-10 23:47:00,night,2025-02-10,night_2025-02-10,682.64,682.7,682.54,682.56,252.0,172021660.0,204908.0
AU,AU2504.XSGE,2025-02-10 23:48:00,night,2025-02-10,night_2025-02-10,682.54,682.58,682.38,682.48,404.0,275722880.0,204862.0
AU,AU2504.XSGE,2025-02-10 23:49:00,night,2025-02-10,night_2025-02-10,682.48,682.54,682.26,682.3,376.0,256573960.0,204865.0
AU,AU2504.XSGE,2025-02-10 23:50:00,night,2025-02-10,night_2025-02-10,682.28,682.32,682.1,682.14,507.0,345881620.0,204856.0
AU,AU2504.XSGE,2025-02-10 23:51:00,night,2025-02-10,night_2025-02-10,682.12,682.34,682.1,682.28,351.0,239459760.0,204842.0
AU,AU2504.XSGE,2025-02-10 23:52:00,night,2025-02-10,night_2025-02-10,682.26,682.52,682.24,682.44,450.0,307090320.0,204865.0
AU,AU2504.XSGE,2025-02-10 23:53:00,night,2025-02-10,night_2025-02-10,682.44,682.62,682.4,682.6,387.0,264148240.0,204898.0
AU,AU2504.XSGE,2025-02-10 23:54:00,night,2025-02-10,night_2025-02-10,682.6,682.62,682.5,682.56,159.0,108526300.0,204914.0
AU,AU2504.XSGE,2025-02-10 23:55:00,night,2025-02-10,night_2025-02-10,682.56,682.58,682.48,682.54,131.0,89408800.0,204909.0
AU,AU2504.XSGE,2025-02-10 23:56:00,night,2025-02-10,night_2025-02-10,682.54,682.64,682.34,682.36,355.0,242294340.0,204923.0
AU,AU2504.XSGE,2025-02-10 23:57:00,night,2025-02-10,night_2025-02-10,682.34,682.4,682.34,682.4,162.0,110542860.0,204949.0
AU,AU2504.XSGE,2025-02-10 23:58:00,night,2025-02-10,night_2025-02-10,682.4,682.6,682.4,682.58,176.0,120128760.0,204949.0
AU,AU2504.XSGE,2025-02-10 23:59:00,night,2025-02-10,night_2025-02-10,682.6,682.74,682.54,682.68,285.0,194555780.0,204942.0
AU,AU2504.XSGE,2025-02-11 00:00:00,night,2025-02-10,night_2025-02-10,682.7,682.8,682.68,682.7,278.0,189801340.0,204938.0
AU,AU2504.XSGE,2025-02-11 00:01:00,night,2025-02-10,night_2025-02-10,682.74,682.78,682.62,682.7,285.0,194573960.0,204930.0
AU,AU2504.XSGE,2025-02-11 00:02:00,night,2025-02-10,night_2025-02-10,682.68,682.88,682.68,682.88,294.0,200747860.0,204933.0
AU,AU2504.XSGE,2025-02-11 00:03:00,night,2025-02-10,night_2025-02-10,682.88,682.88,682.7,682.74,195.0,133138940.0,204919.0
AU,AU2504.XSGE,2025-02-11 00:04:00,night,2025-02-10,night_2025-02-10,682.76,682.96,682.74,682.92,240.0,163887880.0,204924.0
AU,AU2504.XSGE,2025-02-11 00:05:00,night,2025-02-10,night_2025-02-10,682.92,682.94,682.86,682.92,258.0,176189100.0,204917.0
AU,AU2504.XSGE,2025-02-11 00:06:00,night,2025-02-10,night_2025-02-10,682.9,682.9,682.64,682.66,288.0,196649080.0,204900.0
AU,AU2504.XSGE,2025-02-11 00:07:00,night,2025-02-10,night_2025-02-10,682.66,682.76,682.62,682.66,222.0,151553240.0,204902.0
AU,AU2504.XSGE,2025-02-11 00:08:00,night,2025-02-10,night_2025-02-10,682.64,682.64,682.52,682.6,233.0,159041880.0,204872.0
AU,AU2504.XSGE,2025-02-11 00:09:00,night,2025-02-10,night_2025-02-10,682.6,682.6,682.44,682.44,192.0,131044180.0,204838.0
AU,AU2504.XSGE,2025-02-11 00:10:00,night,2025-02-10,night_2025-02-10,682.46,682.5,682.38,682.42,186.0,126931500.0,204843.0
AU,AU2504.XSGE,2025-02-11 00:11:00,night,2025-02-10,night_2025-02-10,682.42,682.62,682.4,682.48,215.0,146740520.0,204811.0
AU,AU2504.XSGE,2025-02-11 00:12:00,night,2025-02-10,night_2025-02-10,682.5,682.58,682.42,682.52,206.0,140596140.0,204821.0
AU,AU2504.XSGE,2025-02-11 00:13:00,night,2025-02-10,night_2025-02-10,682.54,682.66,682.52,682.6,137.0,93518440.0,204829.0
AU,AU2504.XSGE,2025-02-11 00:14:00,night,2025-02-10,night_2025-02-10,682.56,682.56,682.44,682.48,123.0,83946220.0,204843.0
AU,AU2504.XSGE,2025-02-11 00:15:00,night,2025-02-10,night_2025-02-10,682.48,682.66,682.46,682.6,139.0,94879440.0,204844.0
AU,AU2504.XSGE,2025-02-11 00:16:00,night,2025-02-10,night_2025-02-10,682.6,682.66,682.54,682.54,118.0,80547060.0,204840.0
AU,AU2504.XSGE,2025-02-11 00:17:00,night,2025-02-10,night_2025-02-10,682.54,682.58,682.44,682.54,229.0,156292180.0,204836.0
AU,AU2504.XSGE,2025-02-11 00:18:00,night,2025-02-10,night_2025-02-10,682.52,682.54,682.44,682.44,128.0,87357800.0,204858.0
AU,AU2504.XSGE,2025-02-11 00:19:00,night,2025-02-10,night_2025-02-10,682.48,682.5,682.36,682.38,143.0,97583200.0,204840.0
AU,AU2504.XSGE,2025-02-11 00:20:00,night,2025-02-10,night_2025-02-10,682.4,682.5,682.28,682.3,214.0,146020900.0,204813.0
AU,AU2504.XSGE,2025-02-11 00:21:00,night,2025-02-10,night_2025-02-10,682.3,682.56,682.26,682.52,234.0,159678640.0,204794.0
AU,AU2504.XSGE,2025-02-11 00:22:00,night,2025-02-10,night_2025-02-10,682.5,682.64,682.46,682.52,189.0,129000340.0,204793.0
AU,AU2504.XSGE,2025-02-11 00:23:00,night,2025-02-10,night_2025-02-10,682.52,682.56,682.48,682.52,104.0,70982700.0,204797.0
AU,AU2504.XSGE,2025-02-11 00:24:00,night,2025-02-10,night_2025-02-10,682.5,682.52,682.32,682.4,176.0,120107600.0,204796.0
AU,AU2504.XSGE,2025-02-11 00:25:00,night,2025-02-10,night_2025-02-10,682.4,682.4,682.32,682.4,104.0,70966620.0,204781.0
AU,AU2504.XSGE,2025-02-11 00:26:00,night,2025-02-10,night_2025-02-10,682.4,682.42,682.2,682.3,210.0,143275040.0,204745.0
AU,AU2504.XSGE,2025-02-11 00:27:00,night,2025-02-10,night_2025-02-10,682.3,682.38,682.18,682.2,255.0,173974960.0,204734.0
AU,AU2504.XSGE,2025-02-11 00:28:00,night,2025-02-10,night_2025-02-10,682.2,682.26,682.14,682.22,272.0,185556420.0,204775.0
AU,AU2504.XSGE,2025-02-11 00:29:00,night,2025-02-10,night_2025-02-10,682.26,682.48,682.26,682.42,210.0,143298000.0,204778.0
AU,AU2504.XSGE,2025-02-11 00:30:00,night,2025-02-10,night_2025-02-10,682.42,682.5,682.3,682.3,196.0,133752680.0,204796.0
AU,AU2504.XSGE,2025-02-11 00:31:00,night,2025-02-10,night_2025-02-10,682.32,682.46,682.22,682.22,216.0,147395260.0,204785.0
AU,AU2504.XSGE,2025-02-11 00:32:00,night,2025-02-10,night_2025-02-10,682.22,682.22,681.88,681.92,704.0,480129740.0,204774.0
AU,AU2504.XSGE,2025-02-11 00:33:00,night,2025-02-10,night_2025-02-10,681.9,682.06,681.88,681.9,340.0,231870080.0,204782.0
AU,AU2504.XSGE,2025-02-11 00:34:00,night,2025-02-10,night_2025-02-10,681.9,681.94,681.66,681.78,551.0,375662780.0,204835.0
AU,AU2504.XSGE,2025-02-11 00:35:00,night,2025-02-10,night_2025-02-10,681.78,681.94,681.68,681.94,376.0,256369900.0,204844.0
AU,AU2504.XSGE,2025-02-11 00:36:00,night,2025-02-10,night_2025-02-10,681.92,682.08,681.92,682.0,290.0,197785060.0,204859.0
AU,AU2504.XSGE,2025-02-11 00:37:00,night,2025-02-10,night_2025-02-10,682.0,682.14,681.88,682.12,213.0,145261900.0,204854.0
AU,AU2504.XSGE,2025-02-11 00:38:00,night,2025-02-10,night_2025-02-10,682.1,682.22,682.04,682.16,305.0,208053860.0,204874.0
AU,AU2504.XSGE,2025-02-11 00:39:00,night,2025-02-10,night_2025-02-10,682.18,682.34,682.12,682.3,307.0,209458700.0,204867.0
AU,AU2504.XSGE,2025-02-11 00:40:00,night,2025-02-10,night_2025-02-10,682.3,682.32,682.14,682.26,210.0,143266680.0,204859.0
AU,AU2504.XSGE,2025-02-11 00:41:00,night,2025-02-10,night_2025-02-10,682.24,682.3,682.2,682.26,158.0,107795680.0,204852.0
AU,AU2504.XSGE,2025-02-11 00:42:00,night,2025-02-10,night_2025-02-10,682.22,682.3,682.22,682.3,142.0,96882480.0,204866.0
AU,AU2504.XSGE,2025-02-11 00:43:00,night,2025-02-10,night_2025-02-10,682.3,682.3,682.06,682.1,149.0,101652400.0,204860.0
AU,AU2504.XSGE,2025-02-11 00:44:00,night,2025-02-10,night_2025-02-10,682.08,682.1,681.9,682.04,281.0,191644200.0,204885.0
AU,AU2504.XSGE,2025-02-11 00:45:00,night,2025-02-10,night_2025-02-10,682.06,682.06,681.78,681.82,375.0,255715360.0,204826.0
AU,AU2504.XSGE,2025-02-11 00:46:00,night,2025-02-10,night_2025-02-10,681.82,681.98,681.82,681.9,245.0,167070000.0,204858.0
AU,AU2504.XSGE,2025-02-11 00:47:00,night,2025-02-10,night_2025-02-10,681.88,681.88,681.56,681.66,388.0,264494320.0,204874.0
AU,AU2504.XSGE,2025-02-11 00:48:00,night,2025-02-10,night_2025-02-10,681.66,681.8,681.64,681.72,173.0,117937900.0,204850.0
AU,AU2504.XSGE,2025-02-11 00:49:00,night,2025-02-10,night_2025-02-10,681.74,681.76,681.64,681.7,136.0,92709300.0,204848.0
AU,AU2504.XSGE,2025-02-11 00:50:00,night,2025-02-10,night_2025-02-10,681.7,681.72,681.28,681.42,650.0,442947520.0,204784.0
AU,AU2504.XSGE,2025-02-11 00:51:00,night,2025-02-10,night_2025-02-10,681.38,681.54,681.38,681.4,388.0,264416820.0,204729.0
AU,AU2504.XSGE,2025-02-11 00:52:00,night,2025-02-10,night_2025-02-10,681.42,681.5,681.22,681.24,493.0,335895800.0,204756.0
AU,AU2504.XSGE,2025-02-11 00:53:00,night,2025-02-10,night_2025-02-10,681.24,681.58,681.24,681.44,402.0,273942000.0,204718.0
AU,AU2504.XSGE,2025-02-11 00:54:00,night,2025-02-10,night_2025-02-10,681.46,681.66,681.38,681.66,313.0,213318880.0,204689.0
AU,AU2504.XSGE,2025-02-11 00:55:00,night,2025-02-10,night_2025-02-10,681.64,681.72,681.48,681.5,334.0,227665880.0,204712.0
AU,AU2504.XSGE,2025-02-11 00:56:00,night,2025-02-10,night_2025-02-10,681.52,681.6,681.44,681.44,190.0,129489140.0,204715.0
AU,AU2504.XSGE,2025-02-11 00:57:00,night,2025-02-10,night_2025-02-10,681.46,681.46,681.36,681.38,174.0,118561560.0,204740.0
AU,AU2504.XSGE,2025-02-11 00:58:00,night,2025-02-10,night_2025-02-10,681.42,681.56,681.42,681.52,173.0,117900840.0,204726.0
AU,AU2504.XSGE,2025-02-11 00:59:00,night,2025-02-10,night_2025-02-10,681.52,681.6,681.42,681.5,161.0,109723600.0,204713.0
AU,AU2504.XSGE,2025-02-11 01:00:00,night,2025-02-10,night_2025-02-10,681.52,681.56,681.48,681.5,191.0,130171480.0,204714.0
AU,AU2504.XSGE,2025-02-11 01:01:00,night,2025-02-10,night_2025-02-10,681.54,681.72,681.44,681.7,236.0,160851400.0,204748.0
AU,AU2504.XSGE,2025-02-11 01:02:00,night,2025-02-10,night_2025-02-10,681.7,681.78,681.64,681.64,317.0,216106820.0,204698.0
AU,AU2504.XSGE,2025-02-11 01:03:00,night,2025-02-10,night_2025-02-10,681.66,681.7,681.6,681.6,147.0,100201500.0,204718.0
AU,AU2504.XSGE,2025-02-11 01:04:00,night,2025-02-10,night_2025-02-10,681.58,681.62,681.5,681.58,146.0,99510540.0,204702.0
AU,AU2504.XSGE,2025-02-11 01:05:00,night,2025-02-10,night_2025-02-10,681.58,681.68,681.58,681.58,86.0,58619740.0,204714.0
AU,AU2504.XSGE,2025-02-11 01:06:00,night,2025-02-10,night_2025-02-10,681.58,681.62,681.5,681.52,98.0,66792040.0,204697.0
AU,AU2504.XSGE,2025-02-11 01:07:00,night,2025-02-10,night_2025-02-10,681.52,681.62,681.5,681.6,143.0,97466020.0,204717.0
AU,AU2504.XSGE,2025-02-11 01:08:00,night,2025-02-10,night_2025-02-10,681.6,681.6,681.34,681.34,263.0,179218820.0,204725.0
AU,AU2504.XSGE,2025-02-11 01:09:00,night,2025-02-10,night_2025-02-10,681.36,681.46,681.26,681.34,277.0,188733160.0,204750.0
AU,AU2504.XSGE,2025-02-11 01:10:00,night,2025-02-10,night_2025-02-10,681.38,681.44,681.34,681.34,121.0,82445180.0,204742.0
AU,AU2504.XSGE,2025-02-11 01:11:00,night,2025-02-10,night_2025-02-10,681.38,681.4,681.14,681.14,267.0,181903040.0,204736.0
AU,AU2504.XSGE,2025-02-11 01:12:00,night,2025-02-10,night_2025-02-10,681.16,681.28,681.12,681.24,296.0,201629440.0,204702.0
AU,AU2504.XSGE,2025-02-11 01:13:00,night,2025-02-10,night_2025-02-10,681.22,681.32,681.16,681.16,171.0,116490620.0,204705.0
AU,AU2504.XSGE,2025-02-11 01:14:00,night,2025-02-10,night_2025-02-10,681.16,681.26,681.14,681.26,155.0,105588100.0,204703.0
AU,AU2504.XSGE,2025-02-11 01:15:00,night,2025-02-10,night_2025-02-10,681.22,681.44,681.22,681.4,228.0,155346640.0,204668.0
AU,AU2504.XSGE,2025-02-11 01:16:00,night,2025-02-10,night_2025-02-10,681.34,681.46,681.3,681.36,181.0,123329460.0,204654.0
AU,AU2504.XSGE,2025-02-11 01:17:00,night,2025-02-10,night_2025-02-10,681.34,681.34,681.2,681.3,112.0,76302420.0,204651.0
AU,AU2504.XSGE,2025-02-11 01:18:00,night,2025-02-10,night_2025-02-10,681.3,681.4,681.3,681.3,100.0,68135300.0,204659.0
AU,AU2504.XSGE,2025-02-11 01:19:00,night,2025-02-10,night_2025-02-10,681.22,681.22,680.88,680.88,631.0,429732600.0,204650.0
AU,AU2504.XSGE,2025-02-11 01:20:00,night,2025-02-10,night_2025-02-10,680.88,681.02,680.88,680.92,209.0,142318720.0,204648.0
AU,AU2504.XSGE,2025-02-11 01:21:00,night,2025-02-10,night_2025-02-10,680.96,681.02,680.9,680.98,159.0,108273320.0,204649.0
AU,AU2504.XSGE,2025-02-11 01:22:00,night,2025-02-10,night_2025-02-10,680.98,681.02,680.76,680.98,271.0,184515220.0,204667.0
AU,AU2504.XSGE,2025-02-11 01:23:00,night,2025-02-10,night_2025-02-10,680.98,681.0,680.92,680.96,111.0,75585920.0,204684.0
AU,AU2504.XSGE,2025-02-11 01:24:00,night,2025-02-10,night_2025-02-10,680.96,681.04,680.86,680.92,166.0,113036520.0,204697.0
AU,AU2504.XSGE,2025-02-11 01:25:00,night,2025-02-10,night_2025-02-10,680.92,680.92,680.82,680.88,145.0,98727640.0,204706.0
AU,AU2504.XSGE,2025-02-11 01:26:00,night,2025-02-10,night_2025-02-10,680.82,680.92,680.8,680.86,145.0,98724220.0,204702.0
AU,AU2504.XSGE,2025-02-11 01:27:00,night,2025-02-10,night_2025-02-10,680.86,680.88,680.7,680.8,280.0,190616360.0,204743.0
AU,AU2504.XSGE,2025-02-11 01:28:00,night,2025-02-10,night_2025-02-10,680.78,681.06,680.78,680.98,263.0,179096420.0,204764.0
AU,AU2504.XSGE,2025-02-11 01:29:00,night,2025-02-10,night_2025-02-10,681.02,681.32,680.9,681.3,292.0,198884900.0,204721.0
AU,AU2504.XSGE,2025-02-11 01:30:00,night,2025-02-10,night_2025-02-10,681.32,681.32,681.14,681.18,291.0,198243200.0,204673.0
AU,AU2504.XSGE,2025-02-11 01:31:00,night,2025-02-10,night_2025-02-10,681.18,681.24,681.1,681.24,146.0,99447660.0,204695.0
AU,AU2504.XSGE,2025-02-11 01:32:00,night,2025-02-10,night_2025-02-10,681.26,681.38,681.1,681.1,251.0,170991760.0,204684.0
AU,AU2504.XSGE,2025-02-11 01:33:00,night,2025-02-10,night_2025-02-10,681.1,681.1,680.88,680.96,240.0,163429480.0,204656.0
AU,AU2504.XSGE,2025-02-11 01:34:00,night,2025-02-10,night_2025-02-10,680.96,681.02,680.86,680.96,140.0,95331580.0,204667.0
AU,AU2504.XSGE,2025-02-11 01:35:00,night,2025-02-10,night_2025-02-10,680.94,680.94,680.68,680.68,274.0,186544900.0,204691.0
AU,AU2504.XSGE,2025-02-11 01:36:00,night,2025-02-10,night_2025-02-10,680.68,681.16,680.68,681.12,402.0,273728820.0,204690.0
AU,AU2504.XSGE,2025-02-11 01:37:00,night,2025-02-10,night_2025-02-10,681.12,681.16,681.0,681.06,285.0,194110540.0,204721.0
AU,AU2504.XSGE,2025-02-11 01:38:00,night,2025-02-10,night_2025-02-10,681.04,681.14,681.02,681.14,126.0,85819100.0,204729.0
AU,AU2504.XSGE,2025-02-11 01:39:00,night,2025-02-10,night_2025-02-10,681.12,681.3,681.12,681.3,247.0,168268560.0,204728.0
AU,AU2504.XSGE,2025-02-11 01:40:00,night,2025-02-10,night_2025-02-10,681.28,681.32,681.24,681.24,151.0,102872820.0,204739.0
AU,AU2504.XSGE,2025-02-11 01:41:00,night,2025-02-10,night_2025-02-10,681.26,681.26,681.14,681.18,142.0,96730800.0,204728.0
AU,AU2504.XSGE,2025-02-11 01:42:00,night,2025-02-10,night_2025-02-10,681.18,681.52,681.18,681.46,301.0,205094440.0,204685.0
AU,AU2504.XSGE,2025-02-11 01:43:00,night,2025-02-10,night_2025-02-10,681.48,681.56,681.44,681.52,238.0,162196380.0,204675.0
AU,AU2504.XSGE,2025-02-11 01:44:00,night,2025-02-10,night_2025-02-10,681.58,681.82,681.58,681.76,436.0,297227160.0,204694.0
AU,AU2504.XSGE,2025-02-11 01:45:00,night,2025-02-10,night_2025-02-10,681.78,681.8,681.68,681.76,194.0,132256780.0,204715.0
AU,AU2504.XSGE,2025-02-11 01:46:00,night,2025-02-10,night_2025-02-10,681.76,681.8,681.62,681.76,220.0,149983800.0,204677.0
AU,AU2504.XSGE,2025-02-11 01:47:00,night,2025-02-10,night_2025-02-10,681.76,681.8,681.66,681.66,188.0,128165100.0,204662.0
AU,AU2504.XSGE,2025-02-11 01:48:00,night,2025-02-10,night_2025-02-10,681.66,681.76,681.66,681.72,122.0,83168400.0,204634.0
AU,AU2504.XSGE,2025-02-11 01:49:00,night,2025-02-10,night_2025-02-10,681.72,681.96,681.62,681.7,322.0,219533400.0,204576.0
AU,AU2504.XSGE,2025-02-11 01:50:00,night,2025-02-10,night_2025-02-10,681.68,681.72,681.58,681.72,156.0,106337120.0,204581.0
AU,AU2504.XSGE,2025-02-11 01:51:00,night,2025-02-10,night_2025-02-10,681.72,681.84,681.7,681.82,194.0,132264960.0,204575.0
AU,AU2504.XSGE,2025-02-11 01:52:00,night,2025-02-10,night_2025-02-10,681.82,681.9,681.82,681.9,129.0,87963100.0,204580.0
AU,AU2504.XSGE,2025-02-11 01:53:00,night,2025-02-10,night_2025-02-10,681.88,681.92,681.86,681.9,48.0,32730560.0,204576.0
AU,AU2504.XSGE,2025-02-11 01:54:00,night,2025-02-10,night_2025-02-10,681.9,682.04,681.9,682.0,246.0,167762880.0,204562.0
AU,AU2504.XSGE,2025-02-11 01:55:00,night,2025-02-10,night_2025-02-10,681.98,682.06,681.92,682.0,165.0,112527900.0,204593.0
AU,AU2504.XSGE,2025-02-11 01:56:00,night,2025-02-10,night_2025-02-10,682.0,682.1,681.94,682.1,159.0,108441200.0,204571.0
AU,AU2504.XSGE,2025-02-11 01:57:00,night,2025-02-10,night_2025-02-10,682.1,682.24,682.08,682.12,283.0,193050880.0,204626.0
AU,AU2504.XSGE,2025-02-11 01:58:00,night,2025-02-10,night_2025-02-10,682.12,682.18,681.96,682.0,214.0,145959640.0,204647.0
AU,AU2504.XSGE,2025-02-11 01:59:00,night,2025-02-10,night_2025-02-10,682.0,682.02,681.92,681.94,132.0,90018400.0,204653.0
AU,AU2504.XSGE,2025-02-11 02:00:00,night,2025-02-10,night_2025-02-10,681.94,682.0,681.84,681.96,154.0,105017600.0,204623.0
AU,AU2504.XSGE,2025-02-11 02:01:00,night,2025-02-10,night_2025-02-10,681.98,682.0,681.86,681.94,142.0,96832880.0,204614.0
AU,AU2504.XSGE,2025-02-11 02:02:00,night,2025-02-10,night_2025-02-10,681.92,682.12,681.9,681.9,112.0,76382920.0,204608.0
AU,AU2504.XSGE,2025-02-11 02:03:00,night,2025-02-10,night_2025-02-10,681.9,682.06,681.84,682.02,135.0,92058460.0,204585.0
AU,AU2504.XSGE,2025-02-11 02:04:00,night,2025-02-10,night_2025-02-10,682.02,682.24,682.02,682.24,196.0,133695060.0,204565.0
AU,AU2504.XSGE,2025-02-11 02:05:00,night,2025-02-10,night_2025-02-10,682.24,682.24,682.04,682.08,119.0,81174460.0,204556.0
AU,AU2504.XSGE,2025-02-11 02:06:00,night,2025-02-10,night_2025-02-10,682.08,682.08,681.76,681.76,142.0,96830080.0,204533.0
AU,AU2504.XSGE,2025-02-11 02:07:00,night,2025-02-10,night_2025-02-10,681.78,681.8,681.64,681.78,216.0,147250400.0,204494.0
AU,AU2504.XSGE,2025-02-11 02:08:00,night,2025-02-10,night_2025-02-10,681.78,681.88,681.66,681.88,114.0,77720640.0,204480.0
AU,AU2504.XSGE,2025-02-11 02:09:00,night,2025-02-10,night_2025-02-10,681.88,681.94,681.8,681.8,82.0,55913540.0,204474.0
AU,AU2504.XSGE,2025-02-11 02:10:00,night,2025-02-10,night_2025-02-10,681.84,681.88,681.7,681.88,105.0,71587700.0,204477.0
AU,AU2504.XSGE,2025-02-11 02:11:00,night,2025-02-10,night_2025-02-10,681.88,682.02,681.82,682.0,148.0,100923480.0,204494.0
AU,AU2504.XSGE,2025-02-11 02:12:00,night,2025-02-10,night_2025-02-10,682.0,682.0,681.88,681.96,102.0,69558920.0,204497.0
AU,AU2504.XSGE,2025-02-11 02:13:00,night,2025-02-10,night_2025-02-10,681.98,682.02,681.94,682.0,63.0,42965860.0,204498.0
AU,AU2504.XSGE,2025-02-11 02:14:00,night,2025-02-10,night_2025-02-10,681.98,682.22,681.98,682.16,184.0,125510680.0,204493.0
AU,AU2504.XSGE,2025-02-11 02:15:00,night,2025-02-10,night_2025-02-10,682.2,682.28,682.16,682.18,172.0,117339240.0,204488.0
AU,AU2504.XSGE,2025-02-11 02:16:00,night,2025-02-10,night_2025-02-10,682.2,682.42,682.18,682.34,306.0,208786040.0,204478.0
AU,AU2504.XSGE,2025-02-11 02:17:00,night,2025-02-10,night_2025-02-10,682.32,682.4,682.28,682.34,143.0,97573960.0,204492.0
AU,AU2504.XSGE,2025-02-11 02:18:00,night,2025-02-10,night_2025-02-10,682.34,682.44,682.28,682.4,196.0,133744640.0,204495.0
AU,AU2504.XSGE,2025-02-11 02:19:00,night,2025-02-10,night_2025-02-10,682.4,682.44,682.26,682.34,98.0,66868540.0,204508.0
AU,AU2504.XSGE,2025-02-11 02:20:00,night,2025-02-10,night_2025-02-10,682.38,682.38,682.28,682.34,101.0,68913600.0,204514.0
AU,AU2504.XSGE,2025-02-11 02:21:00,night,2025-02-10,night_2025-02-10,682.3,682.6,682.3,682.54,258.0,176075780.0,204496.0
AU,AU2504.XSGE,2025-02-11 02:22:00,night,2025-02-10,night_2025-02-10,682.52,682.62,682.4,682.6,228.0,155616860.0,204494.0
AU,AU2504.XSGE,2025-02-11 02:23:00,night,2025-02-10,night_2025-02-10,682.58,682.68,682.54,682.58,136.0,92836360.0,204489.0
AU,AU2504.XSGE,2025-02-11 02:24:00,night,2025-02-10,night_2025-02-10,682.56,682.66,682.42,682.62,175.0,119443900.0,204481.0
AU,AU2504.XSGE,2025-02-11 02:25:00,night,2025-02-10,night_2025-02-10,682.64,682.8,682.62,682.74,221.0,150880200.0,204453.0
AU,AU2504.XSGE,2025-02-11 02:26:00,night,2025-02-10,night_2025-02-10,682.74,682.84,682.74,682.78,240.0,163872140.0,204403.0
AU,AU2504.XSGE,2025-02-11 02:27:00,night,2025-02-10,night_2025-02-10,682.8,682.94,682.8,682.94,222.0,151598000.0,204380.0
AU,AU2504.XSGE,2025-02-11 02:28:00,night,2025-02-10,night_2025-02-10,682.92,682.96,682.88,682.96,198.0,135220480.0,204318.0
AU,AU2504.XSGE,2025-02-11 02:29:00,night,2025-02-10,night_2025-02-10,682.92,682.96,682.8,682.82,201.0,137256700.0,204285.0
AU,AU2504.XSGE,2025-02-11 02:30:00,night,2025-02-10,night_2025-02-10,682.8,682.9,682.62,682.74,357.0,243752760.0,204159.0
AU,AU2504.XSGE,2025-02-11 09:01:00,day,2025-02-11,day_2025-02-11,685.12,686.32,685.12,686.02,5282.0,3622787080.0,204732.0
AU,AU2504.XSGE,2025-02-11 09:02:00,day,2025-02-11,day_2025-02-11,686.04,686.42,685.94,686.32,2339.0,1604840860.0,204699.0
AU,AU2504.XSGE,2025-02-11 09:03:00,day,2025-02-11,day_2025-02-11,686.3,686.36,686.06,686.06,1206.0,827565840.0,204622.0
AU,AU2504.XSGE,2025-02-11 09:04:00,day,2025-02-11,day_2025-02-11,686.08,686.22,685.84,686.1,1103.0,756691140.0,204633.0
AU,AU2504.XSGE,2025-02-11 09:05:00,day,2025-02-11,day_2025-02-11,686.1,686.12,685.92,685.92,859.0,589315980.0,204616.0
AU,AU2504.XSGE,2025-02-11 09:06:00,day,2025-02-11,day_2025-02-11,685.92,686.04,685.68,686.04,993.0,681008680.0,204505.0
AU,AU2504.XSGE,2025-02-11 09:07:00,day,2025-02-11,day_2025-02-11,686.06,686.38,686.0,686.36,996.0,683461060.0,204472.0
AU,AU2504.XSGE,2025-02-11 09:08:00,day,2025-02-11,day_2025-02-11,686.4,686.6,686.36,686.58,1051.0,721476880.0,204561.0
AU,AU2504.XSGE,2025-02-11 09:09:00,day,2025-02-11,day_2025-02-11,686.58,686.8,686.54,686.64,956.0,656444580.0,204626.0
AU,AU2504.XSGE,2025-02-11 09:10:00,day,2025-02-11,day_2025-02-11,686.68,687.12,686.6,687.1,1362.0,935589880.0,204704.0
AU,AU2504.XSGE,2025-02-11 09:11:00,day,2025-02-11,day_2025-02-11,687.08,687.26,686.92,687.12,1271.0,873281800.0,204749.0
AU,AU2504.XSGE,2025-02-11 09:12:00,day,2025-02-11,day_2025-02-11,687.12,688.1,687.12,688.0,2138.0,1470348920.0,204838.0
AU,AU2504.XSGE,2025-02-11 09:13:00,day,2025-02-11,day_2025-02-11,687.98,688.24,687.9,688.02,1924.0,1323738420.0,204820.0
AU,AU2504.XSGE,2025-02-11 09:14:00,day,2025-02-11,day_2025-02-11,688.0,688.54,688.0,688.52,1858.0,1278876980.0,204790.0
AU,AU2504.XSGE,2025-02-11 09:15:00,day,2025-02-11,day_2025-02-11,688.48,688.52,688.04,688.04,1273.0,876298520.0,204985.0
AU,AU2504.XSGE,2025-02-11 09:16:00,day,2025-02-11,day_2025-02-11,688.04,688.56,688.04,688.24,1610.0,1108242140.0,205084.0
AU,AU2504.XSGE,2025-02-11 09:17:00,day,2025-02-11,day_2025-02-11,688.24,688.28,687.86,687.92,1163.0,800218640.0,205088.0
AU,AU2504.XSGE,2025-02-11 09:18:00,day,2025-02-11,day_2025-02-11,687.88,688.32,687.88,688.14,878.0,604198500.0,205187.0
AU,AU2504.XSGE,2025-02-11 09:19:00,day,2025-02-11,day_2025-02-11,688.18,688.4,688.16,688.4,668.0,459758300.0,205211.0
AU,AU2504.XSGE,2025-02-11 09:20:00,day,2025-02-11,day_2025-02-11,688.4,688.82,688.24,688.72,1236.0,851104920.0,205219.0
AU,AU2504.XSGE,2025-02-11 09:21:00,day,2025-02-11,day_2025-02-11,688.72,688.72,688.26,688.36,1017.0,700199860.0,205240.0
AU,AU2504.XSGE,2025-02-11 09:22:00,day,2025-02-11,day_2025-02-11,688.42,688.84,688.38,688.8,959.0,660442140.0,205266.0
AU,AU2504.XSGE,2025-02-11 09:23:00,day,2025-02-11,day_2025-02-11,688.8,688.8,688.56,688.68,837.0,576436160.0,205234.0
AU,AU2504.XSGE,2025-02-11 09:24:00,day,2025-02-11,day_2025-02-11,688.68,688.68,688.4,688.48,764.0,526019640.0,205207.0
AU,AU2504.XSGE,2025-02-11 09:25:00,day,2025-02-11,day_2025-02-11,688.46,688.62,688.42,688.62,747.0,514349760.0,205167.0
AU,AU2504.XSGE,2025-02-11 09:26:00,day,2025-02-11,day_2025-02-11,688.58,688.64,688.46,688.56,610.0,420016420.0,205044.0
AU,AU2504.XSGE,2025-02-11 09:27:00,day,2025-02-11,day_2025-02-11,688.58,688.74,688.48,688.62,646.0,444840580.0,205068.0
AU,AU2504.XSGE,2025-02-11 09:28:00,day,2025-02-11,day_2025-02-11,688.66,688.7,688.18,688.34,844.0,581045720.0,205031.0
AU,AU2504.XSGE,2025-02-11 09:29:00,day,2025-02-11,day_2025-02-11,688.34,688.68,688.32,688.58,524.0,360793140.0,205021.0
AU,AU2504.XSGE,2025-02-11 09:30:00,day,2025-02-11,day_2025-02-11,688.6,688.6,688.18,688.24,575.0,395791140.0,204976.0
AU,AU2504.XSGE,2025-02-11 09:31:00,day,2025-02-11,day_2025-02-11,688.2,688.24,688.0,688.1,988.0,679860720.0,204739.0
AU,AU2504.XSGE,2025-02-11 09:32:00,day,2025-02-11,day_2025-02-11,688.1,688.28,688.1,688.24,642.0,441803260.0,204681.0
AU,AU2504.XSGE,2025-02-11 09:33:00,day,2025-02-11,day_2025-02-11,688.22,688.56,688.2,688.56,587.0,404064060.0,204570.0
AU,AU2504.XSGE,2025-02-11 09:34:00,day,2025-02-11,day_2025-02-11,688.56,688.78,688.44,688.7,985.0,678260880.0,204601.0
AU,AU2504.XSGE,2025-02-11 09:35:00,day,2025-02-11,day_2025-02-11,688.7,688.76,688.62,688.64,552.0,380156960.0,204578.0
AU,AU2504.XSGE,2025-02-11 09:36:00,day,2025-02-11,day_2025-02-11,688.68,688.68,688.32,688.32,456.0,313969500.0,204585.0
AU,AU2504.XSGE,2025-02-11 09:37:00,day,2025-02-11,day_2025-02-11,688.34,688.48,688.32,688.48,426.0,293264380.0,204547.0
AU,AU2504.XSGE,2025-02-11 09:38:00,day,2025-02-11,day_2025-02-11,688.46,688.48,688.32,688.32,457.0,314592200.0,204572.0
AU,AU2504.XSGE,2025-02-11 09:39:00,day,2025-02-11,day_2025-02-11,688.34,688.5,688.26,688.46,457.0,314578220.0,204545.0
AU,AU2504.XSGE,2025-02-11 09:40:00,day,2025-02-11,day_2025-02-11,688.48,688.74,688.46,688.66,992.0,683085980.0,204459.0
AU,AU2504.XSGE,2025-02-11 09:41:00,day,2025-02-11,day_2025-02-11,688.68,688.78,688.5,688.64,488.0,336054920.0,204445.0
AU,AU2504.XSGE,2025-02-11 09:42:00,day,2025-02-11,day_2025-02-11,688.64,689.02,688.6,688.92,1068.0,735657280.0,204507.0
AU,AU2504.XSGE,2025-02-11 09:43:00,day,2025-02-11,day_2025-02-11,688.92,688.96,688.6,688.6,704.0,484898720.0,204463.0
AU,AU2504.XSGE,2025-02-11 09:44:00,day,2025-02-11,day_2025-02-11,688.62,688.7,688.46,688.7,545.0,375257300.0,204343.0
AU,AU2504.XSGE,2025-02-11 09:45:00,day,2025-02-11,day_2025-02-11,688.72,688.86,688.72,688.86,474.0,326495980.0,204319.0
AU,AU2504.XSGE,2025-02-11 09:46:00,day,2025-02-11,day_2025-02-11,688.84,688.98,688.74,688.76,831.0,572453580.0,204388.0
AU,AU2504.XSGE,2025-02-11 09:47:00,day,2025-02-11,day_2025-02-11,688.78,689.08,688.78,688.98,534.0,367899780.0,204491.0
AU,AU2504.XSGE,2025-02-11 09:48:00,day,2025-02-11,day_2025-02-11,688.98,689.24,688.94,688.98,782.0,538861440.0,204729.0
AU,AU2504.XSGE,2025-02-11 09:49:00,day,2025-02-11,day_2025-02-11,689.02,689.04,688.66,688.68,903.0,622055040.0,204730.0
AU,AU2504.XSGE,2025-02-11 09:50:00,day,2025-02-11,day_2025-02-11,688.68,688.92,688.66,688.88,599.0,412582940.0,204713.0
AU,AU2504.XSGE,2025-02-11 09:51:00,day,2025-02-11,day_2025-02-11,688.9,688.94,688.76,688.78,459.0,316191060.0,204749.0
AU,AU2504.XSGE,2025-02-11 09:52:00,day,2025-02-11,day_2025-02-11,688.78,689.12,688.74,689.12,568.0,391326000.0,204664.0
AU,AU2504.XSGE,2025-02-11 09:53:00,day,2025-02-11,day_2025-02-11,689.12,689.64,689.12,689.6,1414.0,974848740.0,204590.0
AU,AU2504.XSGE,2025-02-11 09:54:00,day,2025-02-11,day_2025-02-11,689.62,689.96,689.62,689.9,1353.0,933365660.0,204660.0
AU,AU2504.XSGE,2025-02-11 09:55:00,day,2025-02-11,day_2025-02-11,689.9,689.96,689.76,689.92,764.0,527052960.0,204642.0
AU,AU2504.XSGE,2025-02-11 09:56:00,day,2025-02-11,day_2025-02-11,689.94,690.2,689.76,689.8,1355.0,934902180.0,204593.0
AU,AU2504.XSGE,2025-02-11 09:57:00,day,2025-02-11,day_2025-02-11,689.78,689.78,689.46,689.72,885.0,610305700.0,204466.0
AU,AU2504.XSGE,2025-02-11 09:58:00,day,2025-02-11,day_2025-02-11,689.7,689.86,689.56,689.72,810.0,558641540.0,204289.0
AU,AU2504.XSGE,2025-02-11 09:59:00,day,2025-02-11,day_2025-02-11,689.74,689.74,689.54,689.6,372.0,256538520.0,204240.0
AU,AU2504.XSGE,2025-02-11 10:00:00,day,2025-02-11,day_2025-02-11,689.62,689.7,689.5,689.66,425.0,293077200.0,204189.0
AU,AU2504.XSGE,2025-02-11 10:01:00,day,2025-02-11,day_2025-02-11,689.66,689.88,689.66,689.88,688.0,474561880.0,204189.0
AU,AU2504.XSGE,2025-02-11 10:02:00,day,2025-02-11,day_2025-02-11,689.9,690.0,689.72,690.0,724.0,499462920.0,204259.0
AU,AU2504.XSGE,2025-02-11 10:03:00,day,2025-02-11,day_2025-02-11,690.0,690.48,689.96,690.42,1112.0,767532500.0,204321.0
AU,AU2504.XSGE,2025-02-11 10:04:00,day,2025-02-11,day_2025-02-11,690.46,690.56,690.24,690.3,1131.0,780829800.0,204368.0
AU,AU2504.XSGE,2025-02-11 10:05:00,day,2025-02-11,day_2025-02-11,690.32,690.44,690.28,690.32,708.0,488773180.0,204395.0
AU,AU2504.XSGE,2025-02-11 10:06:00,day,2025-02-11,day_2025-02-11,690.34,690.4,690.12,690.12,718.0,495620720.0,204352.0
AU,AU2504.XSGE,2025-02-11 10:07:00,day,2025-02-11,day_2025-02-11,690.16,690.38,690.1,690.34,603.0,416175660.0,204345.0
AU,AU2504.XSGE,2025-02-11 10:08:00,day,2025-02-11,day_2025-02-11,690.34,690.36,690.14,690.14,395.0,272659240.0,204371.0
AU,AU2504.XSGE,2025-02-11 10:09:00,day,2025-02-11,day_2025-02-11,690.12,690.38,690.1,690.3,391.0,269883260.0,204340.0
AU,AU2504.XSGE,2025-02-11 10:10:00,day,2025-02-11,day_2025-02-11,690.3,690.34,690.22,690.26,298.0,205702800.0,204342.0
AU,AU2504.XSGE,2025-02-11 10:11:00,day,2025-02-11,day_2025-02-11,690.26,690.44,690.2,690.34,621.0,428687780.0,204324.0
AU,AU2504.XSGE,2025-02-11 10:12:00,day,2025-02-11,day_2025-02-11,690.34,690.82,690.3,690.72,810.0,559325260.0,204391.0
AU,AU2504.XSGE,2025-02-11 10:13:00,day,2025-02-11,day_2025-02-11,690.74,691.18,690.72,691.0,1407.0,972084480.0,204359.0
AU,AU2504.XSGE,2025-02-11 10:14:00,day,2025-02-11,day_2025-02-11,691.02,691.58,691.02,691.52,1779.0,1229928200.0,204555.0
AU,AU2504.XSGE,2025-02-11 10:15:00,day,2025-02-11,day_2025-02-11,691.5,691.54,691.12,691.14,1133.0,783284960.0,204449.0
AU,AU2504.XSGE,2025-02-11 10:31:00,day,2025-02-11,day_2025-02-11,691.3,691.76,691.28,691.28,2037.0,1408583100.0,204459.0
AU,AU2504.XSGE,2025-02-11 10:32:00,day,2025-02-11,day_2025-02-11,691.28,691.34,690.7,690.78,1803.0,1245878520.0,204124.0
AU,AU2504.XSGE,2025-02-11 10:33:00,day,2025-02-11,day_2025-02-11,690.78,690.8,690.04,690.04,1872.0,1292484420.0,203821.0
AU,AU2504.XSGE,2025-02-11 10:34:00,day,2025-02-11,day_2025-02-11,690.04,690.1,688.86,688.92,2862.0,1973499980.0,203354.0
AU,AU2504.XSGE,2025-02-11 10:35:00,day,2025-02-11,day_2025-02-11,688.82,688.82,687.86,687.9,4580.0,3153322500.0,203244.0
AU,AU2504.XSGE,2025-02-11 10:36:00,day,2025-02-11,day_2025-02-11,687.9,687.94,686.86,687.18,5591.0,3842736520.0,202875.0
AU,AU2504.XSGE,2025-02-11 10:37:00,day,2025-02-11,day_2025-02-11,687.18,687.18,684.84,685.12,6880.0,4719094660.0,202600.0
AU,AU2504.XSGE,2025-02-11 10:38:00,day,2025-02-11,day_2025-02-11,685.14,686.44,685.14,686.12,5169.0,3546386020.0,202017.0
AU,AU2504.XSGE,2025-02-11 10:39:00,day,2025-02-11,day_2025-02-11,686.16,686.16,684.9,685.1,4462.0,3058421080.0,201995.0
AU,AU2504.XSGE,2025-02-11 10:40:00,day,2025-02-11,day_2025-02-11,684.96,685.04,681.94,681.94,8327.0,5691155100.0,202474.0
AU,AU2504.XSGE,2025-02-11 10:41:00,day,2025-02-11,day_2025-02-11,681.9,682.68,679.84,682.52,8716.0,5938252540.0,202113.0
AU,AU2504.XSGE,2025-02-11 10:42:00,day,2025-02-11,day_2025-02-11,682.46,683.9,682.46,683.06,5266.0,3597774540.0,201722.0
AU,AU2504.XSGE,2025-02-11 10:43:00,day,2025-02-11,day_2025-02-11,682.98,684.48,682.96,684.36,4722.0,3229974620.0,201214.0
AU,AU2504.XSGE,2025-02-11 10:44:00,day,2025-02-11,day_2025-02-11,684.34,685.48,684.28,685.36,4659.0,3191351940.0,201058.0
AU,AU2504.XSGE,2025-02-11 10:45:00,day,2025-02-11,day_2025-02-11,685.42,685.42,684.54,684.72,3323.0,2276242640.0,200810.0
AU,AU2504.XSGE,2025-02-11 10:46:00,day,2025-02-11,day_2025-02-11,684.78,684.78,683.52,683.62,3170.0,2168449300.0,200671.0
AU,AU2504.XSGE,2025-02-11 10:47:00,day,2025-02-11,day_2025-02-11,683.62,684.78,683.62,684.72,2474.0,1693027660.0,200582.0
AU,AU2504.XSGE,2025-02-11 10:48:00,day,2025-02-11,day_2025-02-11,684.7,684.7,684.02,684.2,1765.0,1207745720.0,200459.0
AU,AU2504.XSGE,2025-02-11 10:49:00,day,2025-02-11,day_2025-02-11,684.2,684.46,683.9,684.4,1622.0,1109674120.0,200550.0
AU,AU2504.XSGE,2025-02-11 10:50:00,day,2025-02-11,day_2025-02-11,684.44,685.16,684.18,684.98,1558.0,1066777340.0,200523.0
AU,AU2504.XSGE,2025-02-11 10:51:00,day,2025-02-11,day_2025-02-11,685.04,685.12,684.52,685.0,1208.0,827305140.0,200526.0
AU,AU2504.XSGE,2025-02-11 10:52:00,day,2025-02-11,day_2025-02-11,685.06,685.4,684.96,685.22,1679.0,1150454180.0,200506.0
AU,AU2504.XSGE,2025-02-11 10:53:00,day,2025-02-11,day_2025-02-11,685.24,686.28,685.24,686.24,2592.0,1777569280.0,200555.0
AU,AU2504.XSGE,2025-02-11 10:54:00,day,2025-02-11,day_2025-02-11,686.22,686.22,685.2,685.34,1973.0,1352995660.0,200491.0
AU,AU2504.XSGE,2025-02-11 10:55:00,day,2025-02-11,day_2025-02-11,685.34,685.8,685.34,685.68,1204.0,825491000.0,200606.0
AU,AU2504.XSGE,2025-02-11 10:56:00,day,2025-02-11,day_2025-02-11,685.64,685.66,685.12,685.58,1201.0,823094100.0,200646.0
AU,AU2504.XSGE,2025-02-11 10:57:00,day,2025-02-11,day_2025-02-11,685.6,685.68,685.2,685.2,1123.0,769829740.0,200681.0
AU,AU2504.XSGE,2025-02-11 10:58:00,day,2025-02-11,day_2025-02-11,685.1,685.16,684.54,684.66,1502.0,1028576160.0,200696.0
AU,AU2504.XSGE,2025-02-11 10:59:00,day,2025-02-11,day_2025-02-11,684.64,684.64,684.3,684.6,1663.0,1138308400.0,200760.0
AU,AU2504.XSGE,2025-02-11 11:00:00,day,2025-02-11,day_2025-02-11,684.62,684.94,684.62,684.72,901.0,617004480.0,200773.0
AU,AU2504.XSGE,2025-02-11 11:01:00,day,2025-02-11,day_2025-02-11,684.74,684.74,684.16,684.18,1190.0,814492420.0,200820.0
AU,AU2504.XSGE,2025-02-11 11:02:00,day,2025-02-11,day_2025-02-11,684.16,684.7,684.16,684.52,873.0,597534700.0,200811.0
AU,AU2504.XSGE,2025-02-11 11:03:00,day,2025-02-11,day_2025-02-11,684.5,684.58,683.82,683.98,1274.0,871716660.0,200680.0
AU,AU2504.XSGE,2025-02-11 11:04:00,day,2025-02-11,day_2025-02-11,683.96,684.02,683.12,683.14,1905.0,1302253580.0,200681.0
AU,AU2504.XSGE,2025-02-11 11:05:00,day,2025-02-11,day_2025-02-11,683.18,683.66,682.88,682.98,2038.0,1392556640.0,200562.0
AU,AU2504.XSGE,2025-02-11 11:06:00,day,2025-02-11,day_2025-02-11,682.98,683.46,682.98,683.36,1457.0,995540740.0,200576.0
AU,AU2504.XSGE,2025-02-11 11:07:00,day,2025-02-11,day_2025-02-11,683.4,683.44,682.78,683.28,1642.0,1121618340.0,200445.0
AU,AU2504.XSGE,2025-02-11 11:08:00,day,2025-02-11,day_2025-02-11,683.24,683.94,683.24,683.88,985.0,673395580.0,200296.0
AU,AU2504.XSGE,2025-02-11 11:09:00,day,2025-02-11,day_2025-02-11,683.92,684.4,683.92,684.34,1085.0,742321880.0,200236.0
AU,AU2504.XSGE,2025-02-11 11:10:00,day,2025-02-11,day_2025-02-11,684.38,684.46,683.78,684.2,835.0,571207400.0,200265.0
AU,AU2504.XSGE,2025-02-11 11:11:00,day,2025-02-11,day_2025-02-11,684.2,684.24,683.72,684.14,878.0,600529600.0,200238.0
AU,AU2504.XSGE,2025-02-11 11:12:00,day,2025-02-11,day_2025-02-11,684.12,684.12,683.92,684.08,437.0,298913640.0,200204.0
AU,AU2504.XSGE,2025-02-11 11:13:00,day,2025-02-11,day_2025-02-11,684.1,684.8,684.06,684.66,856.0,585926360.0,200183.0
AU,AU2504.XSGE,2025-02-11 11:14:00,day,2025-02-11,day_2025-02-11,684.68,684.78,684.54,684.6,663.0,453927180.0,200139.0
AU,AU2504.XSGE,2025-02-11 11:15:00,day,2025-02-11,day_2025-02-11,684.62,684.68,684.04,684.1,723.0,494747960.0,200016.0
AU,AU2504.XSGE,2025-02-11 11:16:00,day,2025-02-11,day_2025-02-11,684.06,684.36,683.96,684.26,582.0,398193000.0,199933.0
AU,AU2504.XSGE,2025-02-11 11:17:00,day,2025-02-11,day_2025-02-11,684.28,684.36,683.92,684.14,828.0,566497160.0,199903.0
AU,AU2504.XSGE,2025-02-11 11:18:00,day,2025-02-11,day_2025-02-11,684.16,684.24,683.8,684.04,670.0,458295400.0,199873.0
AU,AU2504.XSGE,2025-02-11 11:19:00,day,2025-02-11,day_2025-02-11,684.02,684.54,683.98,684.46,550.0,376333760.0,199774.0
AU,AU2504.XSGE,2025-02-11 11:20:00,day,2025-02-11,day_2025-02-11,684.48,684.68,684.3,684.4,570.0,390150880.0,199661.0
AU,AU2504.XSGE,2025-02-11 11:21:00,day,2025-02-11,day_2025-02-11,684.38,684.6,684.24,684.58,503.0,344268320.0,199615.0
AU,AU2504.XSGE,2025-02-11 11:22:00,day,2025-02-11,day_2025-02-11,684.58,684.76,684.44,684.54,662.0,453217080.0,199473.0
AU,AU2504.XSGE,2025-02-11 11:23:00,day,2025-02-11,day_2025-02-11,684.5,685.08,684.5,685.06,609.0,417043360.0,199455.0
AU,AU2504.XSGE,2025-02-11 11:24:00,day,2025-02-11,day_2025-02-11,685.12,685.34,684.92,685.18,1040.0,712547020.0,199495.0
AU,AU2504.XSGE,2025-02-11 11:25:00,day,2025-02-11,day_2025-02-11,685.16,685.38,684.98,685.3,768.0,526236260.0,199430.0
AU,AU2504.XSGE,2025-02-11 11:26:00,day,2025-02-11,day_2025-02-11,685.3,685.48,685.3,685.34,659.0,451675040.0,199349.0
AU,AU2504.XSGE,2025-02-11 11:27:00,day,2025-02-11,day_2025-02-11,685.34,685.86,685.34,685.72,948.0,650017440.0,199353.0
AU,AU2504.XSGE,2025-02-11 11:28:00,day,2025-02-11,day_2025-02-11,685.72,686.26,685.68,686.16,1094.0,750456400.0,199299.0
AU,AU2504.XSGE,2025-02-11 11:29:00,day,2025-02-11,day_2025-02-11,686.12,686.2,685.9,685.9,734.0,503561720.0,199242.0
AU,AU2504.XSGE,2025-02-11 11:30:00,day,2025-02-11,day_2025-02-11,685.92,686.1,685.8,686.04,1052.0,721604360.0,199046.0
AU,AU2504.XSGE,2025-02-11 13:31:00,day,2025-02-11,day_2025-02-11,684.86,685.34,684.62,685.3,2424.0,1660331340.0,198886.0
AU,AU2504.XSGE,2025-02-11 13:32:00,day,2025-02-11,day_2025-02-11,685.3,685.46,685.14,685.14,932.0,638702460.0,198917.0
AU,AU2504.XSGE,2025-02-11 13:33:00,day,2025-02-11,day_2025-02-11,685.16,685.4,685.14,685.38,602.0,412545840.0,198886.0
AU,AU2504.XSGE,2025-02-11 13:34:00,day,2025-02-11,day_2025-02-11,685.34,685.46,685.3,685.38,475.0,325563760.0,198802.0
AU,AU2504.XSGE,2025-02-11 13:35:00,day,2025-02-11,day_2025-02-11,685.38,685.5,685.16,685.48,621.0,425574540.0,198696.0
AU,AU2504.XSGE,2025-02-11 13:36:00,day,2025-02-11,day_2025-02-11,685.5,685.56,685.22,685.4,702.0,481163160.0,198525.0
AU,AU2504.XSGE,2025-02-11 13:37:00,day,2025-02-11,day_2025-02-11,685.38,685.38,685.1,685.34,658.0,450894040.0,198449.0
AU,AU2504.XSGE,2025-02-11 13:38:00,day,2025-02-11,day_2025-02-11,685.36,685.48,685.16,685.22,593.0,406408120.0,198453.0
AU,AU2504.XSGE,2025-02-11 13:39:00,day,2025-02-11,day_2025-02-11,685.22,685.22,684.94,685.12,840.0,575450160.0,198325.0
AU,AU2504.XSGE,2025-02-11 13:40:00,day,2025-02-11,day_2025-02-11,685.18,685.52,685.16,685.46,659.0,451650240.0,198160.0
AU,AU2504.XSGE,2025-02-11 13:41:00,day,2025-02-11,day_2025-02-11,685.48,685.76,685.44,685.76,818.0,560824960.0,197943.0
AU,AU2504.XSGE,2025-02-11 13:42:00,day,2025-02-11,day_2025-02-11,685.72,685.86,685.62,685.74,692.0,474544200.0,197829.0
AU,AU2504.XSGE,2025-02-11 13:43:00,day,2025-02-11,day_2025-02-11,685.78,685.9,685.72,685.84,554.0,379934100.0,197740.0
AU,AU2504.XSGE,2025-02-11 13:44:00,day,2025-02-11,day_2025-02-11,685.82,686.22,685.8,686.16,860.0,590026180.0,197656.0
AU,AU2504.XSGE,2025-02-11 13:45:00,day,2025-02-11,day_2025-02-11,686.16,686.42,686.04,686.42,820.0,562753160.0,197669.0
AU,AU2504.XSGE,2025-02-11 13:46:00,day,2025-02-11,day_2025-02-11,686.38,686.38,686.16,686.2,645.0,442621420.0,197640.0
AU,AU2504.XSGE,2025-02-11 13:47:00,day,2025-02-11,day_2025-02-11,686.24,686.26,686.02,686.1,531.0,364327140.0,197548.0
AU,AU2504.XSGE,2025-02-11 13:48:00,day,2025-02-11,day_2025-02-11,686.06,686.3,686.06,686.18,492.0,337611720.0,197521.0
AU,AU2504.XSGE,2025-02-11 13:49:00,day,2025-02-11,day_2025-02-11,686.18,686.32,686.12,686.18,358.0,245660820.0,197491.0
AU,AU2504.XSGE,2025-02-11 13:50:00,day,2025-02-11,day_2025-02-11,686.18,686.28,686.12,686.14,360.0,247022340.0,197484.0
AU,AU2504.XSGE,2025-02-11 13:51:00,day,2025-02-11,day_2025-02-11,686.14,686.44,686.1,686.2,507.0,347927140.0,197450.0
AU,AU2504.XSGE,2025-02-11 13:52:00,day,2025-02-11,day_2025-02-11,686.2,686.36,686.18,686.28,373.0,255974060.0,197340.0
AU,AU2504.XSGE,2025-02-11 13:53:00,day,2025-02-11,day_2025-02-11,686.26,686.38,686.2,686.34,560.0,384310360.0,197242.0
AU,AU2504.XSGE,2025-02-11 13:54:00,day,2025-02-11,day_2025-02-11,686.36,686.4,686.24,686.38,507.0,347968440.0,197134.0
AU,AU2504.XSGE,2025-02-11 13:55:00,day,2025-02-11,day_2025-02-11,686.32,686.36,686.18,686.36,314.0,215481380.0,197074.0
AU,AU2504.XSGE,2025-02-11 13:56:00,day,2025-02-11,day_2025-02-11,686.38,686.46,686.26,686.28,414.0,284149240.0,197054.0
AU,AU2504.XSGE,2025-02-11 13:57:00,day,2025-02-11,day_2025-02-11,686.28,686.36,686.22,686.3,254.0,174319440.0,197034.0
AU,AU2504.XSGE,2025-02-11 13:58:00,day,2025-02-11,day_2025-02-11,686.28,686.4,686.16,686.36,416.0,285497560.0,196970.0
AU,AU2504.XSGE,2025-02-11 13:59:00,day,2025-02-11,day_2025-02-11,686.36,686.4,686.22,686.22,405.0,277957440.0,196944.0
AU,AU2504.XSGE,2025-02-11 14:00:00,day,2025-02-11,day_2025-02-11,686.24,686.34,686.14,686.2,396.0,271738620.0,196917.0
AU,AU2504.XSGE,2025-02-11 14:01:00,day,2025-02-11,day_2025-02-11,686.2,686.44,686.16,686.42,497.0,341095800.0,196810.0
AU,AU2504.XSGE,2025-02-11 14:02:00,day,2025-02-11,day_2025-02-11,686.42,686.72,686.42,686.68,993.0,681817580.0,196885.0
AU,AU2504.XSGE,2025-02-11 14:03:00,day,2025-02-11,day_2025-02-11,686.68,686.74,686.54,686.62,589.0,404433380.0,196789.0
AU,AU2504.XSGE,2025-02-11 14:04:00,day,2025-02-11,day_2025-02-11,686.62,686.84,686.58,686.8,648.0,444989480.0,196727.0
AU,AU2504.XSGE,2025-02-11 14:05:00,day,2025-02-11,day_2025-02-11,686.8,687.16,686.78,687.16,912.0,626510780.0,196630.0
AU,AU2504.XSGE,2025-02-11 14:06:00,day,2025-02-11,day_2025-02-11,687.14,687.46,687.14,687.36,1129.0,775957100.0,196672.0
AU,AU2504.XSGE,2025-02-11 14:07:00,day,2025-02-11,day_2025-02-11,687.3,687.66,687.3,687.58,946.0,650389920.0,196579.0
AU,AU2504.XSGE,2025-02-11 14:08:00,day,2025-02-11,day_2025-02-11,687.58,687.76,687.5,687.72,827.0,568671780.0,196527.0
AU,AU2504.XSGE,2025-02-11 14:09:00,day,2025-02-11,day_2025-02-11,687.7,687.7,687.42,687.5,764.0,525277520.0,196482.0
AU,AU2504.XSGE,2025-02-11 14:10:00,day,2025-02-11,day_2025-02-11,687.52,687.72,687.44,687.5,633.0,435246100.0,196386.0
AU,AU2504.XSGE,2025-02-11 14:11:00,day,2025-02-11,day_2025-02-11,687.54,687.84,687.52,687.52,870.0,598296440.0,196293.0
AU,AU2504.XSGE,2025-02-11 14:12:00,day,2025-02-11,day_2025-02-11,687.52,687.64,687.48,687.6,584.0,401530900.0,196215.0
AU,AU2504.XSGE,2025-02-11 14:13:00,day,2025-02-11,day_2025-02-11,687.56,687.58,687.02,687.16,1154.0,792985920.0,196038.0
AU,AU2504.XSGE,2025-02-11 14:14:00,day,2025-02-11,day_2025-02-11,687.16,687.2,686.9,686.92,774.0,531739020.0,195966.0
AU,AU2504.XSGE,2025-02-11 14:15:00,day,2025-02-11,day_2025-02-11,686.92,687.12,686.88,687.04,737.0,506315020.0,195780.0
AU,AU2504.XSGE,2025-02-11 14:16:00,day,2025-02-11,day_2025-02-11,687.04,687.14,686.92,687.0,692.0,475412680.0,195725.0
AU,AU2504.XSGE,2025-02-11 14:17:00,day,2025-02-11,day_2025-02-11,687.0,687.04,686.7,686.86,805.0,552906580.0,195580.0
AU,AU2504.XSGE,2025-02-11 14:18:00,day,2025-02-11,day_2025-02-11,686.86,686.88,686.52,686.7,721.0,495073140.0,195490.0
AU,AU2504.XSGE,2025-02-11 14:19:00,day,2025-02-11,day_2025-02-11,686.74,686.98,686.68,686.82,695.0,477365300.0,195516.0
AU,AU2504.XSGE,2025-02-11 14:20:00,day,2025-02-11,day_2025-02-11,686.84,686.88,686.64,686.7,714.0,490343800.0,195321.0
AU,AU2504.XSGE,2025-02-11 14:21:00,day,2025-02-11,day_2025-02-11,686.7,687.04,686.68,687.02,696.0,478081020.0,195242.0
AU,AU2504.XSGE,2025-02-11 14:22:00,day,2025-02-11,day_2025-02-11,687.04,687.06,686.78,686.88,465.0,319406120.0,195253.0
AU,AU2504.XSGE,2025-02-11 14:23:00,day,2025-02-11,day_2025-02-11,686.88,686.98,686.54,686.54,665.0,456708360.0,195113.0
AU,AU2504.XSGE,2025-02-11 14:24:00,day,2025-02-11,day_2025-02-11,686.62,686.62,686.34,686.44,673.0,461986340.0,194981.0
AU,AU2504.XSGE,2025-02-11 14:25:00,day,2025-02-11,day_2025-02-11,686.44,686.74,686.36,686.64,422.0,289735620.0,194925.0
AU,AU2504.XSGE,2025-02-11 14:26:00,day,2025-02-11,day_2025-02-11,686.66,686.92,686.64,686.72,543.0,372939680.0,194867.0
AU,AU2504.XSGE,2025-02-11 14:27:00,day,2025-02-11,day_2025-02-11,686.74,686.8,686.6,686.66,482.0,330985920.0,194854.0
AU,AU2504.XSGE,2025-02-11 14:28:00,day,2025-02-11,day_2025-02-11,686.62,686.74,686.52,686.54,432.0,296618340.0,194818.0
AU,AU2504.XSGE,2025-02-11 14:29:00,day,2025-02-11,day_2025-02-11,686.56,686.56,685.92,686.08,975.0,669026900.0,194703.0
AU,AU2504.XSGE,2025-02-11 14:30:00,day,2025-02-11,day_2025-02-11,686.12,686.34,686.12,686.22,406.0,278612880.0,194705.0
AU,AU2504.XSGE,2025-02-11 14:31:00,day,2025-02-11,day_2025-02-11,686.22,686.58,686.12,686.48,592.0,406352540.0,194761.0
AU,AU2504.XSGE,2025-02-11 14:32:00,day,2025-02-11,day_2025-02-11,686.46,686.46,686.2,686.3,484.0,332171000.0,194795.0
AU,AU2504.XSGE,2025-02-11 14:33:00,day,2025-02-11,day_2025-02-11,686.3,686.42,686.18,686.4,276.0,189422580.0,194830.0
AU,AU2504.XSGE,2025-02-11 14:34:00,day,2025-02-11,day_2025-02-11,686.38,686.64,686.36,686.58,488.0,335025520.0,194807.0
AU,AU2504.XSGE,2025-02-11 14:35:00,day,2025-02-11,day_2025-02-11,686.56,686.6,686.1,686.2,389.0,266976100.0,194805.0
AU,AU2504.XSGE,2025-02-11 14:36:00,day,2025-02-11,day_2025-02-11,686.2,686.24,686.08,686.16,371.0,254567640.0,194796.0
AU,AU2504.XSGE,2025-02-11 14:37:00,day,2025-02-11,day_2025-02-11,686.16,686.42,686.1,686.14,546.0,374696920.0,194715.0
AU,AU2504.XSGE,2025-02-11 14:38:00,day,2025-02-11,day_2025-02-11,686.12,686.18,685.72,685.84,978.0,670861540.0,194582.0
AU,AU2504.XSGE,2025-02-11 14:39:00,day,2025-02-11,day_2025-02-11,685.84,686.02,685.54,685.6,774.0,530804620.0,194525.0
AU,AU2504.XSGE,2025-02-11 14:40:00,day,2025-02-11,day_2025-02-11,685.6,685.74,685.52,685.54,592.0,405888560.0,194531.0
AU,AU2504.XSGE,2025-02-11 14:41:00,day,2025-02-11,day_2025-02-11,685.54,685.56,685.3,685.38,966.0,662144640.0,194444.0
AU,AU2504.XSGE,2025-02-11 14:42:00,day,2025-02-11,day_2025-02-11,685.38,685.38,684.96,685.04,1189.0,814589500.0,194509.0
AU,AU2504.XSGE,2025-02-11 14:43:00,day,2025-02-11,day_2025-02-11,685.0,685.22,684.86,685.12,932.0,638483600.0,194501.0
AU,AU2504.XSGE,2025-02-11 14:44:00,day,2025-02-11,day_2025-02-11,685.14,685.48,685.14,685.44,800.0,548280240.0,194482.0
AU,AU2504.XSGE,2025-02-11 14:45:00,day,2025-02-11,day_2025-02-11,685.44,685.64,685.4,685.54,674.0,462057740.0,194430.0
AU,AU2504.XSGE,2025-02-11 14:46:00,day,2025-02-11,day_2025-02-11,685.52,685.62,685.34,685.5,547.0,374960560.0,194451.0
AU,AU2504.XSGE,2025-02-11 14:47:00,day,2025-02-11,day_2025-02-11,685.48,685.56,685.38,685.46,413.0,283105660.0,194480.0
AU,AU2504.XSGE,2025-02-11 14:48:00,day,2025-02-11,day_2025-02-11,685.48,685.58,685.36,685.46,378.0,259110580.0,194410.0
AU,AU2504.XSGE,2025-02-11 14:49:00,day,2025-02-11,day_2025-02-11,685.46,685.7,685.36,685.48,452.0,309856460.0,194449.0
AU,AU2504.XSGE,2025-02-11 14:50:00,day,2025-02-11,day_2025-02-11,685.48,685.52,685.24,685.28,558.0,382429060.0,194374.0
AU,AU2504.XSGE,2025-02-11 14:51:00,day,2025-02-11,day_2025-02-11,685.28,685.28,684.9,685.06,861.0,589852820.0,194268.0
AU,AU2504.XSGE,2025-02-11 14:52:00,day,2025-02-11,day_2025-02-11,685.08,685.12,684.94,685.02,460.0,315106740.0,194248.0
AU,AU2504.XSGE,2025-02-11 14:53:00,day,2025-02-11,day_2025-02-11,685.04,685.24,685.04,685.1,434.0,297351580.0,194220.0
AU,AU2504.XSGE,2025-02-11 14:54:00,day,2025-02-11,day_2025-02-11,685.1,685.32,685.04,685.24,547.0,374803960.0,194140.0
AU,AU2504.XSGE,2025-02-11 14:55:00,day,2025-02-11,day_2025-02-11,685.22,685.36,685.14,685.16,479.0,328249120.0,194045.0
AU,AU2504.XSGE,2025-02-11 14:56:00,day,2025-02-11,day_2025-02-11,685.12,685.38,685.12,685.3,476.0,326185220.0,193946.0
AU,AU2504.XSGE,2025-02-11 14:57:00,day,2025-02-11,day_2025-02-11,685.3,685.42,685.18,685.36,544.0,372788640.0,193881.0
AU,AU2504.XSGE,2025-02-11 14:58:00,day,2025-02-11,day_2025-02-11,685.36,685.54,685.3,685.5,434.0,297474660.0,193813.0
AU,AU2504.XSGE,2025-02-11 14:59:00,day,2025-02-11,day_2025-02-11,685.48,685.84,685.48,685.8,518.0,355189820.0,193731.0
AU,AU2504.XSGE,2025-02-11 15:00:00,day,2025-02-11,day_2025-02-11,685.8,685.8,685.5,685.74,746.0,511473640.0,193613.0
AU,AU2504.XSGE,2025-02-11 21:01:00,night,2025-02-11,night_2025-02-11,680.0,680.18,678.56,679.08,7428.0,5047694860.0,192799.0
AU,AU2504.XSGE,2025-02-11 21:02:00,night,2025-02-11,night_2025-02-11,679.08,679.18,677.56,678.2,5927.0,4020073780.0,192507.0
AU,AU2504.XSGE,2025-02-11 21:03:00,night,2025-02-11,night_2025-02-11,678.26,678.3,677.08,677.18,4731.0,3207053160.0,192176.0
AU,AU2504.XSGE,2025-02-11 21:04:00,night,2025-02-11,night_2025-02-11,677.2,678.24,677.0,678.22,4807.0,3257028480.0,192122.0
AU,AU2504.XSGE,2025-02-11 21:05:00,night,2025-02-11,night_2025-02-11,678.26,678.5,678.04,678.04,3164.0,2146197100.0,192198.0
AU,AU2504.XSGE,2025-02-11 21:06:00,night,2025-02-11,night_2025-02-11,678.0,678.92,677.84,678.3,3211.0,2178245580.0,192211.0
AU,AU2504.XSGE,2025-02-11 21:07:00,night,2025-02-11,night_2025-02-11,678.34,678.72,678.06,678.68,2027.0,1375053660.0,192100.0
AU,AU2504.XSGE,2025-02-11 21:08:00,night,2025-02-11,night_2025-02-11,678.68,678.68,678.18,678.48,1662.0,1127596200.0,192099.0
AU,AU2504.XSGE,2025-02-11 21:09:00,night,2025-02-11,night_2025-02-11,678.46,678.48,678.0,678.0,1690.0,1146108860.0,192213.0
AU,AU2504.XSGE,2025-02-11 21:10:00,night,2025-02-11,night_2025-02-11,677.94,678.26,677.46,677.64,2065.0,1399619160.0,192273.0
AU,AU2504.XSGE,2025-02-11 21:11:00,night,2025-02-11,night_2025-02-11,677.64,678.06,677.62,678.0,1854.0,1256828480.0,192204.0
AU,AU2504.XSGE,2025-02-11 21:12:00,night,2025-02-11,night_2025-02-11,677.98,678.6,677.94,678.6,1994.0,1352432200.0,192078.0
AU,AU2504.XSGE,2025-02-11 21:13:00,night,2025-02-11,night_2025-02-11,678.66,678.66,677.82,677.86,1473.0,999025000.0,192208.0
AU,AU2504.XSGE,2025-02-11 21:14:00,night,2025-02-11,night_2025-02-11,677.88,677.96,677.54,677.86,1814.0,1229431240.0,192192.0
AU,AU2504.XSGE,2025-02-11 21:15:00,night,2025-02-11,night_2025-02-11,677.88,678.2,677.78,677.92,1174.0,795979700.0,192151.0
AU,AU2504.XSGE,2025-02-11 21:16:00,night,2025-02-11,night_2025-02-11,677.9,678.0,677.64,677.96,1193.0,808616580.0,192100.0
AU,AU2504.XSGE,2025-02-11 21:17:00,night,2025-02-11,night_2025-02-11,678.0,678.48,677.8,678.32,1379.0,935143180.0,192071.0
AU,AU2504.XSGE,2025-02-11 21:18:00,night,2025-02-11,night_2025-02-11,678.32,678.72,678.08,678.12,2207.0,1497321680.0,192132.0
AU,AU2504.XSGE,2025-02-11 21:19:00,night,2025-02-11,night_2025-02-11,678.14,678.32,678.04,678.22,1160.0,786648200.0,192038.0
AU,AU2504.XSGE,2025-02-11 21:20:00,night,2025-02-11,night_2025-02-11,678.2,678.22,677.5,677.5,1941.0,1315581540.0,192029.0
AU,AU2504.XSGE,2025-02-11 21:21:00,night,2025-02-11,night_2025-02-11,677.54,678.3,677.46,678.3,1944.0,1318047880.0,191847.0
AU,AU2504.XSGE,2025-02-11 21:22:00,night,2025-02-11,night_2025-02-11,678.3,678.84,678.28,678.72,1801.0,1222131200.0,191617.0
AU,AU2504.XSGE,2025-02-11 21:23:00,night,2025-02-11,night_2025-02-11,678.76,679.38,678.74,679.26,2371.0,1609981300.0,191633.0
AU,AU2504.XSGE,2025-02-11 21:24:00,night,2025-02-11,night_2025-02-11,679.26,679.84,679.2,679.6,2767.0,1880458760.0,192033.0
AU,AU2504.XSGE,2025-02-11 21:25:00,night,2025-02-11,night_2025-02-11,679.56,680.22,679.52,680.06,2657.0,1806488160.0,192377.0
AU,AU2504.XSGE,2025-02-11 21:26:00,night,2025-02-11,night_2025-02-11,680.06,680.62,679.7,680.1,2863.0,1947312000.0,192449.0
AU,AU2504.XSGE,2025-02-11 21:27:00,night,2025-02-11,night_2025-02-11,680.12,680.38,680.1,680.3,1883.0,1280901800.0,192592.0
AU,AU2504.XSGE,2025-02-11 21:28:00,night,2025-02-11,night_2025-02-11,680.32,680.44,680.12,680.4,1284.0,873558440.0,192610.0
AU,AU2504.XSGE,2025-02-11 21:29:00,night,2025-02-11,night_2025-02-11,680.4,680.88,680.32,680.58,1953.0,1329371280.0,192876.0
AU,AU2504.XSGE,2025-02-11 21:30:00,night,2025-02-11,night_2025-02-11,680.58,680.8,680.38,680.78,1336.0,909254460.0,192901.0
AU,AU2504.XSGE,2025-02-11 21:31:00,night,2025-02-11,night_2025-02-11,680.76,681.12,680.74,681.04,1628.0,1108562800.0,193039.0
AU,AU2504.XSGE,2025-02-11 21:32:00,night,2025-02-11,night_2025-02-11,681.04,681.12,680.86,681.06,1304.0,888015220.0,193139.0
AU,AU2504.XSGE,2025-02-11 21:33:00,night,2025-02-11,night_2025-02-11,681.04,681.34,680.88,680.94,1442.0,982190600.0,193283.0
AU,AU2504.XSGE,2025-02-11 21:34:00,night,2025-02-11,night_2025-02-11,680.96,681.0,680.32,680.38,2101.0,1429949780.0,193118.0
AU,AU2504.XSGE,2025-02-11 21:35:00,night,2025-02-11,night_2025-02-11,680.38,681.1,680.38,680.94,1120.0,762483200.0,193183.0
AU,AU2504.XSGE,2025-02-11 21:36:00,night,2025-02-11,night_2025-02-11,680.96,681.16,680.82,681.04,971.0,661241060.0,193161.0
AU,AU2504.XSGE,2025-02-11 21:37:00,night,2025-02-11,night_2025-02-11,681.08,681.42,680.98,681.34,1304.0,888286340.0,193277.0
AU,AU2504.XSGE,2025-02-11 21:38:00,night,2025-02-11,night_2025-02-11,681.36,681.9,681.3,681.82,1702.0,1160198540.0,193553.0
AU,AU2504.XSGE,2025-02-11 21:39:00,night,2025-02-11,night_2025-02-11,681.78,682.16,681.78,682.08,1944.0,1325704620.0,193772.0
AU,AU2504.XSGE,2025-02-11 21:40:00,night,2025-02-11,night_2025-02-11,682.1,682.46,682.02,682.08,1962.0,1338603960.0,193903.0
AU,AU2504.XSGE,2025-02-11 21:41:00,night,2025-02-11,night_2025-02-11,682.04,682.1,681.82,681.88,1378.0,939724420.0,193771.0
AU,AU2504.XSGE,2025-02-11 21:42:00,night,2025-02-11,night_2025-02-11,681.88,682.34,681.88,681.92,1683.0,1148100840.0,193829.0
AU,AU2504.XSGE,2025-02-11 21:43:00,night,2025-02-11,night_2025-02-11,681.92,682.32,681.88,682.3,1630.0,1111792960.0,193620.0
AU,AU2504.XSGE,2025-02-11 21:44:00,night,2025-02-11,night_2025-02-11,682.28,682.28,681.82,681.92,865.0,589954000.0,193604.0
AU,AU2504.XSGE,2025-02-11 21:45:00,night,2025-02-11,night_2025-02-11,681.92,682.1,681.78,682.1,890.0,606930440.0,193553.0
AU,AU2504.XSGE,2025-02-11 21:46:00,night,2025-02-11,night_2025-02-11,682.06,682.68,682.0,682.5,1652.0,1127245980.0,193338.0
AU,AU2504.XSGE,2025-02-11 21:47:00,night,2025-02-11,night_2025-02-11,682.58,683.0,682.58,682.94,1624.0,1108830200.0,193248.0
AU,AU2504.XSGE,2025-02-11 21:48:00,night,2025-02-11,night_2025-02-11,682.96,683.02,682.72,682.8,1674.0,1143118900.0,193271.0
AU,AU2504.XSGE,2025-02-11 21:49:00,night,2025-02-11,night_2025-02-11,682.84,682.84,682.1,682.18,1131.0,771847140.0,193193.0
AU,AU2504.XSGE,2025-02-11 21:50:00,night,2025-02-11,night_2025-02-11,682.18,682.42,682.08,682.1,1308.0,892340720.0,193152.0
AU,AU2504.XSGE,2025-02-11 21:51:00,night,2025-02-11,night_2025-02-11,682.1,682.28,681.74,682.2,1791.0,1221462140.0,192956.0
AU,AU2504.XSGE,2025-02-11 21:52:00,night,2025-02-11,night_2025-02-11,682.2,682.2,681.96,682.12,892.0,608401120.0,192932.0
AU,AU2504.XSGE,2025-02-11 21:53:00,night,2025-02-11,night_2025-02-11,682.1,682.54,682.06,682.5,860.0,586858960.0,192817.0
AU,AU2504.XSGE,2025-02-11 21:54:00,night,2025-02-11,night_2025-02-11,682.46,682.46,681.92,681.92,760.0,518435500.0,192759.0
AU,AU2504.XSGE,2025-02-11 21:55:00,night,2025-02-11,night_2025-02-11,681.92,682.0,681.76,681.98,1031.0,703043100.0,192688.0
AU,AU2504.XSGE,2025-02-11 21:56:00,night,2025-02-11,night_2025-02-11,681.98,682.36,681.94,682.26,817.0,557321260.0,192644.0
AU,AU2504.XSGE,2025-02-11 21:57:00,night,2025-02-11,night_2025-02-11,682.26,682.32,681.96,682.3,600.0,409279480.0,192599.0
AU,AU2504.XSGE,2025-02-11 21:58:00,night,2025-02-11,night_2025-02-11,682.28,682.72,682.26,682.68,1173.0,800607040.0,192409.0
AU,AU2504.XSGE,2025-02-11 21:59:00,night,2025-02-11,night_2025-02-11,682.7,683.14,682.7,683.06,1688.0,1152918200.0,192339.0
AU,AU2504.XSGE,2025-02-11 22:00:00,night,2025-02-11,night_2025-02-11,683.06,683.24,682.74,683.08,1211.0,827149640.0,192122.0
AU,AU2504.XSGE,2025-02-11 22:01:00,night,2025-02-11,night_2025-02-11,683.06,683.3,682.7,682.74,979.0,668684300.0,192089.0
AU,AU2504.XSGE,2025-02-11 22:02:00,night,2025-02-11,night_2025-02-11,682.74,683.46,682.72,683.36,1436.0,980979560.0,192262.0
AU,AU2504.XSGE,2025-02-11 22:03:00,night,2025-02-11,night_2025-02-11,683.42,683.48,683.26,683.4,898.0,613681680.0,192394.0
AU,AU2504.XSGE,2025-02-11 22:04:00,night,2025-02-11,night_2025-02-11,683.4,683.44,682.8,683.12,1263.0,862736760.0,192412.0
AU,AU2504.XSGE,2025-02-11 22:05:00,night,2025-02-11,night_2025-02-11,683.16,683.16,682.96,683.04,701.0,478839060.0,192401.0
AU,AU2504.XSGE,2025-02-11 22:06:00,night,2025-02-11,night_2025-02-11,683.06,683.24,682.92,682.98,581.0,396866320.0,192434.0
AU,AU2504.XSGE,2025-02-11 22:07:00,night,2025-02-11,night_2025-02-11,683.0,683.6,682.96,683.48,1018.0,695592680.0,192458.0
AU,AU2504.XSGE,2025-02-11 22:08:00,night,2025-02-11,night_2025-02-11,683.48,683.62,683.3,683.5,783.0,535136760.0,192565.0
AU,AU2504.XSGE,2025-02-11 22:09:00,night,2025-02-11,night_2025-02-11,683.5,683.56,683.26,683.56,727.0,496811720.0,192546.0
AU,AU2504.XSGE,2025-02-11 22:10:00,night,2025-02-11,night_2025-02-11,683.54,683.74,683.4,683.56,818.0,559131580.0,192620.0
AU,AU2504.XSGE,2025-02-11 22:11:00,night,2025-02-11,night_2025-02-11,683.54,683.82,683.5,683.64,964.0,659029340.0,192691.0
AU,AU2504.XSGE,2025-02-11 22:12:00,night,2025-02-11,night_2025-02-11,683.66,683.66,683.34,683.34,821.0,561155280.0,192746.0
AU,AU2504.XSGE,2025-02-11 22:13:00,night,2025-02-11,night_2025-02-11,683.34,683.4,683.14,683.18,929.0,634747600.0,192778.0
AU,AU2504.XSGE,2025-02-11 22:14:00,night,2025-02-11,night_2025-02-11,683.16,683.24,682.92,683.2,932.0,636631040.0,192841.0
AU,AU2504.XSGE,2025-02-11 22:15:00,night,2025-02-11,night_2025-02-11,683.2,683.34,683.06,683.18,543.0,370982700.0,192905.0
AU,AU2504.XSGE,2025-02-11 22:16:00,night,2025-02-11,night_2025-02-11,683.16,683.48,683.14,683.34,631.0,431170360.0,192919.0
AU,AU2504.XSGE,2025-02-11 22:17:00,night,2025-02-11,night_2025-02-11,683.3,683.42,683.16,683.28,369.0,252144720.0,192872.0
AU,AU2504.XSGE,2025-02-11 22:18:00,night,2025-02-11,night_2025-02-11,683.28,683.46,683.26,683.4,337.0,230292040.0,192872.0
AU,AU2504.XSGE,2025-02-11 22:19:00,night,2025-02-11,night_2025-02-11,683.42,683.44,683.14,683.18,380.0,259633440.0,192869.0
AU,AU2504.XSGE,2025-02-11 22:20:00,night,2025-02-11,night_2025-02-11,683.18,683.38,683.18,683.34,202.0,138023240.0,192859.0
AU,AU2504.XSGE,2025-02-11 22:21:00,night,2025-02-11,night_2025-02-11,683.32,683.34,683.1,683.32,462.0,315657640.0,192929.0
AU,AU2504.XSGE,2025-02-11 22:22:00,night,2025-02-11,night_2025-02-11,683.36,683.36,683.02,683.04,651.0,444750200.0,192874.0
AU,AU2504.XSGE,2025-02-11 22:23:00,night,2025-02-11,night_2025-02-11,683.04,683.28,682.84,683.2,881.0,601761560.0,192704.0
AU,AU2504.XSGE,2025-02-11 22:24:00,night,2025-02-11,night_2025-02-11,683.24,683.38,683.06,683.16,671.0,458450780.0,192668.0
AU,AU2504.XSGE,2025-02-11 22:25:00,night,2025-02-11,night_2025-02-11,683.16,683.34,683.1,683.14,623.0,425646000.0,192542.0
AU,AU2504.XSGE,2025-02-11 22:26:00,night,2025-02-11,night_2025-02-11,683.12,683.18,682.9,682.98,536.0,366087160.0,192578.0
AU,AU2504.XSGE,2025-02-11 22:27:00,night,2025-02-11,night_2025-02-11,683.0,683.32,682.94,683.32,637.0,435143400.0,192533.0
AU,AU2504.XSGE,2025-02-11 22:28:00,night,2025-02-11,night_2025-02-11,683.32,683.48,683.18,683.3,1126.0,769440320.0,192590.0
AU,AU2504.XSGE,2025-02-11 22:29:00,night,2025-02-11,night_2025-02-11,683.3,683.96,683.2,683.9,1134.0,775216300.0,192503.0
AU,AU2504.XSGE,2025-02-11 22:30:00,night,2025-02-11,night_2025-02-11,683.92,684.16,683.92,684.12,1352.0,924858680.0,192509.0
AU,AU2504.XSGE,2025-02-11 22:31:00,night,2025-02-11,night_2025-02-11,684.12,684.7,684.12,684.64,2219.0,1518747820.0,192669.0
AU,AU2504.XSGE,2025-02-11 22:32:00,night,2025-02-11,night_2025-02-11,684.64,684.64,684.18,684.26,1483.0,1015033480.0,192624.0
AU,AU2504.XSGE,2025-02-11 22:33:00,night,2025-02-11,night_2025-02-11,684.28,684.54,684.2,684.3,790.0,540633300.0,192593.0
AU,AU2504.XSGE,2025-02-11 22:34:00,night,2025-02-11,night_2025-02-11,684.38,684.42,684.1,684.2,1027.0,702753760.0,192384.0
AU,AU2504.XSGE,2025-02-11 22:35:00,night,2025-02-11,night_2025-02-11,684.18,684.24,684.0,684.22,862.0,589705280.0,192365.0
AU,AU2504.XSGE,2025-02-11 22:36:00,night,2025-02-11,night_2025-02-11,684.22,684.22,683.88,683.98,773.0,528766940.0,192388.0
AU,AU2504.XSGE,2025-02-11 22:37:00,night,2025-02-11,night_2025-02-11,683.96,684.14,683.94,684.06,518.0,354337600.0,192380.0
AU,AU2504.XSGE,2025-02-11 22:38:00,night,2025-02-11,night_2025-02-11,684.08,684.32,683.64,683.74,1110.0,759264240.0,192412.0
AU,AU2504.XSGE,2025-02-11 22:39:00,night,2025-02-11,night_2025-02-11,683.74,683.82,683.6,683.6,709.0,484761380.0,192383.0
AU,AU2504.XSGE,2025-02-11 22:40:00,night,2025-02-11,night_2025-02-11,683.58,683.6,683.32,683.46,808.0,552226420.0,192324.0
AU,AU2504.XSGE,2025-02-11 22:41:00,night,2025-02-11,night_2025-02-11,683.5,683.5,683.06,683.38,917.0,626554720.0,192290.0
AU,AU2504.XSGE,2025-02-11 22:42:00,night,2025-02-11,night_2025-02-11,683.38,683.8,683.3,683.8,772.0,527745520.0,192327.0
AU,AU2504.XSGE,2025-02-11 22:43:00,night,2025-02-11,night_2025-02-11,683.8,683.86,683.7,683.78,461.0,315213060.0,192367.0
AU,AU2504.XSGE,2025-02-11 22:44:00,night,2025-02-11,night_2025-02-11,683.78,684.1,683.78,684.08,681.0,465772860.0,192305.0
AU,AU2504.XSGE,2025-02-11 22:45:00,night,2025-02-11,night_2025-02-11,684.06,684.1,683.88,683.9,399.0,272906020.0,192294.0
AU,AU2504.XSGE,2025-02-11 22:46:00,night,2025-02-11,night_2025-02-11,683.92,683.98,683.66,683.72,481.0,328909820.0,192268.0
AU,AU2504.XSGE,2025-02-11 22:47:00,night,2025-02-11,night_2025-02-11,683.74,683.76,683.56,683.56,325.0,222189380.0,192291.0
AU,AU2504.XSGE,2025-02-11 22:48:00,night,2025-02-11,night_2025-02-11,683.58,683.88,683.42,683.8,580.0,396508980.0,192267.0
AU,AU2504.XSGE,2025-02-11 22:49:00,night,2025-02-11,night_2025-02-11,683.82,683.82,683.6,683.76,398.0,272114880.0,192262.0
AU,AU2504.XSGE,2025-02-11 22:50:00,night,2025-02-11,night_2025-02-11,683.74,683.78,683.28,683.36,750.0,512580300.0,192221.0
AU,AU2504.XSGE,2025-02-11 22:51:00,night,2025-02-11,night_2025-02-11,683.34,683.36,683.22,683.22,483.0,330027420.0,192262.0
AU,AU2504.XSGE,2025-02-11 22:52:00,night,2025-02-11,night_2025-02-11,683.22,683.44,683.14,683.32,518.0,353946280.0,192227.0
AU,AU2504.XSGE,2025-02-11 22:53:00,night,2025-02-11,night_2025-02-11,683.32,683.32,682.72,682.74,954.0,651560060.0,192091.0
AU,AU2504.XSGE,2025-02-11 22:54:00,night,2025-02-11,night_2025-02-11,682.72,682.96,682.68,682.9,894.0,610443620.0,192023.0
AU,AU2504.XSGE,2025-02-11 22:55:00,night,2025-02-11,night_2025-02-11,682.9,683.12,682.66,683.12,709.0,484105380.0,192052.0
AU,AU2504.XSGE,2025-02-11 22:56:00,night,2025-02-11,night_2025-02-11,683.14,683.34,683.04,683.04,721.0,492577160.0,192025.0
AU,AU2504.XSGE,2025-02-11 22:57:00,night,2025-02-11,night_2025-02-11,683.08,683.16,682.8,683.06,1024.0,699427320.0,192245.0
AU,AU2504.XSGE,2025-02-11 22:58:00,night,2025-02-11,night_2025-02-11,683.08,683.14,682.74,682.86,540.0,368796820.0,192184.0
AU,AU2504.XSGE,2025-02-11 22:59:00,night,2025-02-11,night_2025-02-11,682.88,682.98,682.26,682.38,1460.0,996425900.0,192091.0
AU,AU2504.XSGE,2025-02-11 23:00:00,night,2025-02-11,night_2025-02-11,682.4,682.66,682.34,682.46,776.0,529623280.0,192076.0
AU,AU2504.XSGE,2025-02-11 23:01:00,night,2025-02-11,night_2025-02-11,682.46,682.76,682.24,682.56,1123.0,766422780.0,192106.0
AU,AU2504.XSGE,2025-02-11 23:02:00,night,2025-02-11,night_2025-02-11,682.56,682.64,682.3,682.4,635.0,433367940.0,192125.0
AU,AU2504.XSGE,2025-02-11 23:03:00,night,2025-02-11,night_2025-02-11,682.38,682.4,682.06,682.12,818.0,558064200.0,192069.0
AU,AU2504.XSGE,2025-02-11 23:04:00,night,2025-02-11,night_2025-02-11,682.06,682.06,681.22,681.5,2230.0,1519876640.0,191965.0
AU,AU2504.XSGE,2025-02-11 23:05:00,night,2025-02-11,night_2025-02-11,681.54,681.84,681.54,681.8,1034.0,704887140.0,192027.0
AU,AU2504.XSGE,2025-02-11 23:06:00,night,2025-02-11,night_2025-02-11,681.78,681.92,681.64,681.74,688.0,469078320.0,192074.0
AU,AU2504.XSGE,2025-02-11 23:07:00,night,2025-02-11,night_2025-02-11,681.74,682.58,681.68,682.54,1304.0,889620700.0,192053.0
AU,AU2504.XSGE,2025-02-11 23:08:00,night,2025-02-11,night_2025-02-11,682.54,682.9,682.54,682.72,1123.0,766697800.0,192213.0
AU,AU2504.XSGE,2025-02-11 23:09:00,night,2025-02-11,night_2025-02-11,682.72,682.92,682.66,682.82,610.0,416494760.0,192288.0
AU,AU2504.XSGE,2025-02-11 23:10:00,night,2025-02-11,night_2025-02-11,682.84,683.02,682.8,682.94,857.0,585254940.0,192251.0
AU,AU2504.XSGE,2025-02-11 23:11:00,night,2025-02-11,night_2025-02-11,682.94,683.22,682.74,683.16,716.0,489042840.0,192318.0
AU,AU2504.XSGE,2025-02-11 23:12:00,night,2025-02-11,night_2025-02-11,683.16,683.42,683.1,683.42,747.0,510364280.0,192296.0
AU,AU2504.XSGE,2025-02-11 23:13:00,night,2025-02-11,night_2025-02-11,683.42,683.72,683.42,683.68,1152.0,787486920.0,192311.0
AU,AU2504.XSGE,2025-02-11 23:14:00,night,2025-02-11,night_2025-02-11,683.64,683.64,683.3,683.44,830.0,567242900.0,192298.0
AU,AU2504.XSGE,2025-02-11 23:15:00,night,2025-02-11,night_2025-02-11,683.46,683.5,683.36,683.48,361.0,246716340.0,192307.0
AU,AU2504.XSGE,2025-02-11 23:16:00,night,2025-02-11,night_2025-02-11,683.48,683.48,683.34,683.42,385.0,263113760.0,192298.0
AU,AU2504.XSGE,2025-02-11 23:17:00,night,2025-02-11,night_2025-02-11,683.42,683.42,683.28,683.36,418.0,285635540.0,192277.0
AU,AU2504.XSGE,2025-02-11 23:18:00,night,2025-02-11,night_2025-02-11,683.36,683.4,683.14,683.14,563.0,384661080.0,192232.0
AU,AU2504.XSGE,2025-02-11 23:19:00,night,2025-02-11,night_2025-02-11,683.2,683.36,683.14,683.24,363.0,248006640.0,192234.0
AU,AU2504.XSGE,2025-02-11 23:20:00,night,2025-02-11,night_2025-02-11,683.26,683.3,683.12,683.22,283.0,193341720.0,192247.0
AU,AU2504.XSGE,2025-02-11 23:21:00,night,2025-02-11,night_2025-02-11,683.16,683.22,682.88,682.92,692.0,472673140.0,192264.0
AU,AU2504.XSGE,2025-02-11 23:22:00,night,2025-02-11,night_2025-02-11,682.92,683.1,682.9,683.02,456.0,311446500.0,192242.0
AU,AU2504.XSGE,2025-02-11 23:23:00,night,2025-02-11,night_2025-02-11,682.98,683.0,682.82,682.82,391.0,267014500.0,192253.0
AU,AU2504.XSGE,2025-02-11 23:24:00,night,2025-02-11,night_2025-02-11,682.84,682.84,682.54,682.66,717.0,489485000.0,192243.0
AU,AU2504.XSGE,2025-02-11 23:25:00,night,2025-02-11,night_2025-02-11,682.64,683.06,682.64,683.06,520.0,355071640.0,192240.0
AU,AU2504.XSGE,2025-02-11 23:26:00,night,2025-02-11,night_2025-02-11,683.02,683.16,682.86,682.92,610.0,416669920.0,192244.0
AU,AU2504.XSGE,2025-02-11 23:27:00,night,2025-02-11,night_2025-02-11,682.88,682.92,682.56,682.56,505.0,344793500.0,192249.0
AU,AU2504.XSGE,2025-02-11 23:28:00,night,2025-02-11,night_2025-02-11,682.58,682.82,682.58,682.68,354.0,241673440.0,192281.0
AU,AU2504.XSGE,2025-02-11 23:29:00,night,2025-02-11,night_2025-02-11,682.72,683.0,682.7,682.74,367.0,250616220.0,192288.0
AU,AU2504.XSGE,2025-02-11 23:30:00,night,2025-02-11,night_2025-02-11,682.76,683.0,682.64,682.94,352.0,240354060.0,192304.0
AU,AU2504.XSGE,2025-02-11 23:31:00,night,2025-02-11,night_2025-02-11,682.96,683.08,682.74,683.02,690.0,471243260.0,192354.0
AU,AU2504.XSGE,2025-02-11 23:32:00,night,2025-02-11,night_2025-02-11,683.02,683.22,682.94,683.16,482.0,329258400.0,192346.0
AU,AU2504.XSGE,2025-02-11 23:33:00,night,2025-02-11,night_2025-02-11,683.16,683.22,682.86,682.98,578.0,394793200.0,192313.0
AU,AU2504.XSGE,2025-02-11 23:34:00,night,2025-02-11,night_2025-02-11,682.96,683.26,682.96,683.22,439.0,299904500.0,192259.0
AU,AU2504.XSGE,2025-02-11 23:35:00,night,2025-02-11,night_2025-02-11,683.24,683.4,683.22,683.28,598.0,408603860.0,192196.0
AU,AU2504.XSGE,2025-02-11 23:36:00,night,2025-02-11,night_2025-02-11,683.28,683.38,683.18,683.38,475.0,324547060.0,192143.0
AU,AU2504.XSGE,2025-02-11 23:37:00,night,2025-02-11,night_2025-02-11,683.38,683.54,683.36,683.5,502.0,343085960.0,192088.0
AU,AU2504.XSGE,2025-02-11 23:38:00,night,2025-02-11,night_2025-02-11,683.5,683.66,683.44,683.64,496.0,339055440.0,192103.0
AU,AU2504.XSGE,2025-02-11 23:39:00,night,2025-02-11,night_2025-02-11,683.64,683.66,683.46,683.56,385.0,263168680.0,192075.0
AU,AU2504.XSGE,2025-02-11 23:40:00,night,2025-02-11,night_2025-02-11,683.58,683.7,683.58,683.6,381.0,260466840.0,192028.0
AU,AU2504.XSGE,2025-02-11 23:41:00,night,2025-02-11,night_2025-02-11,683.6,684.08,683.6,683.92,973.0,665470800.0,192032.0
AU,AU2504.XSGE,2025-02-11 23:42:00,night,2025-02-11,night_2025-02-11,683.92,684.04,683.74,684.02,447.0,305703300.0,192031.0
AU,AU2504.XSGE,2025-02-11 23:43:00,night,2025-02-11,night_2025-02-11,684.04,684.26,683.98,684.24,626.0,428265940.0,192005.0
AU,AU2504.XSGE,2025-02-11 23:44:00,night,2025-02-11,night_2025-02-11,684.26,684.46,684.22,684.24,656.0,448938440.0,192034.0
AU,AU2504.XSGE,2025-02-11 23:45:00,night,2025-02-11,night_2025-02-11,684.24,684.24,684.0,684.2,522.0,357110940.0,192020.0
AU,AU2504.XSGE,2025-02-11 23:46:00,night,2025-02-11,night_2025-02-11,684.2,684.44,684.18,684.42,547.0,374311080.0,192003.0
AU,AU2504.XSGE,2025-02-11 23:47:00,night,2025-02-11,night_2025-02-11,684.4,684.5,684.34,684.42,523.0,357960380.0,192041.0
AU,AU2504.XSGE,2025-02-11 23:48:00,night,2025-02-11,night_2025-02-11,684.44,684.44,684.2,684.36,425.0,290829380.0,192024.0
AU,AU2504.XSGE,2025-02-11 23:49:00,night,2025-02-11,night_2025-02-11,684.38,684.46,684.32,684.32,339.0,232009720.0,192055.0
AU,AU2504.XSGE,2025-02-11 23:50:00,night,2025-02-11,night_2025-02-11,684.34,684.34,684.06,684.08,583.0,398870820.0,192026.0
AU,AU2504.XSGE,2025-02-11 23:51:00,night,2025-02-11,night_2025-02-11,684.1,684.22,684.0,684.22,387.0,264747460.0,192025.0
AU,AU2504.XSGE,2025-02-11 23:52:00,night,2025-02-11,night_2025-02-11,684.22,684.4,684.22,684.4,279.0,190917100.0,192040.0
AU,AU2504.XSGE,2025-02-11 23:53:00,night,2025-02-11,night_2025-02-11,684.36,684.4,684.28,684.34,373.0,255263460.0,192111.0
AU,AU2504.XSGE,2025-02-11 23:54:00,night,2025-02-11,night_2025-02-11,684.32,684.4,684.26,684.28,406.0,277845840.0,192120.0
AU,AU2504.XSGE,2025-02-11 23:55:00,night,2025-02-11,night_2025-02-11,684.26,684.32,684.2,684.3,213.0,145748740.0,192111.0
AU,AU2504.XSGE,2025-02-11 23:56:00,night,2025-02-11,night_2025-02-11,684.3,684.34,684.12,684.26,444.0,303790720.0,192119.0
AU,AU2504.XSGE,2025-02-11 23:57:00,night,2025-02-11,night_2025-02-11,684.24,684.38,684.22,684.28,168.0,114964980.0,192111.0
AU,AU2504.XSGE,2025-02-11 23:58:00,night,2025-02-11,night_2025-02-11,684.3,684.76,684.28,684.66,646.0,442238560.0,192153.0
AU,AU2504.XSGE,2025-02-11 23:59:00,night,2025-02-11,night_2025-02-11,684.68,684.68,684.46,684.58,356.0,243697820.0,192186.0
AU,AU2504.XSGE,2025-02-12 00:00:00,night,2025-02-11,night_2025-02-11,684.58,684.66,684.32,684.36,366.0,250509840.0,192249.0
AU,AU2504.XSGE,2025-02-12 00:01:00,night,2025-02-11,night_2025-02-11,684.36,684.5,684.34,684.4,260.0,177946980.0,192252.0
AU,AU2504.XSGE,2025-02-12 00:02:00,night,2025-02-11,night_2025-02-11,684.42,684.5,684.3,684.42,338.0,231324700.0,192264.0
AU,AU2504.XSGE,2025-02-12 00:03:00,night,2025-02-11,night_2025-02-11,684.42,684.62,684.42,684.5,292.0,199880100.0,192300.0
AU,AU2504.XSGE,2025-02-12 00:04:00,night,2025-02-11,night_2025-02-11,684.54,684.56,684.42,684.42,174.0,119102400.0,192310.0
AU,AU2504.XSGE,2025-02-12 00:05:00,night,2025-02-11,night_2025-02-11,684.42,684.5,684.26,684.38,427.0,292209300.0,192317.0
AU,AU2504.XSGE,2025-02-12 00:06:00,night,2025-02-11,night_2025-02-11,684.38,684.4,684.14,684.2,427.0,292165120.0,192306.0
AU,AU2504.XSGE,2025-02-12 00:07:00,night,2025-02-11,night_2025-02-11,684.22,684.32,684.14,684.32,401.0,274375140.0,192293.0
AU,AU2504.XSGE,2025-02-12 00:08:00,night,2025-02-11,night_2025-02-11,684.3,684.5,684.3,684.46,245.0,167682820.0,192275.0
AU,AU2504.XSGE,2025-02-12 00:09:00,night,2025-02-11,night_2025-02-11,684.44,684.64,684.42,684.56,311.0,212894820.0,192319.0
AU,AU2504.XSGE,2025-02-12 00:10:00,night,2025-02-11,night_2025-02-11,684.54,684.68,684.48,684.64,429.0,293685860.0,192330.0
AU,AU2504.XSGE,2025-02-12 00:11:00,night,2025-02-11,night_2025-02-11,684.66,684.68,684.6,684.66,312.0,213609220.0,192369.0
AU,AU2504.XSGE,2025-02-12 00:12:00,night,2025-02-11,night_2025-02-11,684.68,684.7,684.44,684.44,282.0,193051900.0,192355.0
AU,AU2504.XSGE,2025-02-12 00:13:00,night,2025-02-11,night_2025-02-11,684.46,684.64,684.44,684.58,218.0,149235020.0,192360.0
AU,AU2504.XSGE,2025-02-12 00:14:00,night,2025-02-11,night_2025-02-11,684.62,684.64,684.52,684.56,90.0,61613140.0,192362.0
AU,AU2504.XSGE,2025-02-12 00:15:00,night,2025-02-11,night_2025-02-11,684.56,684.6,684.4,684.6,292.0,199865120.0,192373.0
AU,AU2504.XSGE,2025-02-12 00:16:00,night,2025-02-11,night_2025-02-11,684.58,684.68,684.48,684.58,201.0,137599140.0,192340.0
AU,AU2504.XSGE,2025-02-12 00:17:00,night,2025-02-11,night_2025-02-11,684.6,684.6,684.48,684.48,145.0,99254040.0,192328.0
AU,AU2504.XSGE,2025-02-12 00:18:00,night,2025-02-11,night_2025-02-11,684.48,684.56,684.44,684.48,165.0,112940780.0,192312.0
AU,AU2504.XSGE,2025-02-12 00:19:00,night,2025-02-11,night_2025-02-11,684.5,684.74,684.5,684.74,301.0,206076200.0,192328.0
AU,AU2504.XSGE,2025-02-12 00:20:00,night,2025-02-11,night_2025-02-11,684.72,684.74,684.56,684.6,219.0,149942440.0,192366.0
AU,AU2504.XSGE,2025-02-12 00:21:00,night,2025-02-11,night_2025-02-11,684.6,684.92,684.6,684.82,568.0,388986160.0,192352.0
AU,AU2504.XSGE,2025-02-12 00:22:00,night,2025-02-11,night_2025-02-11,684.82,684.88,684.8,684.82,195.0,133544820.0,192385.0
AU,AU2504.XSGE,2025-02-12 00:23:00,night,2025-02-11,night_2025-02-11,684.78,685.12,684.78,685.02,484.0,331520140.0,192401.0
AU,AU2504.XSGE,2025-02-12 00:24:00,night,2025-02-11,night_2025-02-11,685.0,685.02,684.9,684.94,323.0,221242260.0,192420.0
AU,AU2504.XSGE,2025-02-12 00:25:00,night,2025-02-11,night_2025-02-11,684.96,684.98,684.74,684.74,256.0,175324100.0,192428.0
AU,AU2504.XSGE,2025-02-12 00:26:00,night,2025-02-11,night_2025-02-11,684.76,684.92,684.74,684.86,233.0,159565320.0,192444.0
AU,AU2504.XSGE,2025-02-12 00:27:00,night,2025-02-11,night_2025-02-11,684.86,684.92,684.84,684.9,137.0,93829700.0,192478.0
AU,AU2504.XSGE,2025-02-12 00:28:00,night,2025-02-11,night_2025-02-11,684.9,684.92,684.76,684.78,194.0,132856480.0,192479.0
AU,AU2504.XSGE,2025-02-12 00:29:00,night,2025-02-11,night_2025-02-11,684.78,684.8,684.62,684.72,292.0,199935780.0,192453.0
AU,AU2504.XSGE,2025-02-12 00:30:00,night,2025-02-11,night_2025-02-11,684.76,684.9,684.74,684.78,173.0,118472300.0,192467.0
AU,AU2504.XSGE,2025-02-12 00:31:00,night,2025-02-11,night_2025-02-11,684.78,684.8,684.58,684.6,200.0,136935480.0,192464.0
AU,AU2504.XSGE,2025-02-12 00:32:00,night,2025-02-11,night_2025-02-11,684.62,684.72,684.6,684.66,151.0,103381960.0,192467.0
AU,AU2504.XSGE,2025-02-12 00:33:00,night,2025-02-11,night_2025-02-11,684.68,684.78,684.66,684.68,117.0,80110700.0,192460.0
AU,AU2504.XSGE,2025-02-12 00:34:00,night,2025-02-11,night_2025-02-11,684.7,684.74,684.6,684.6,196.0,134193640.0,192498.0
AU,AU2504.XSGE,2025-02-12 00:35:00,night,2025-02-11,night_2025-02-11,684.6,684.7,684.58,684.64,253.0,173211720.0,192445.0
AU,AU2504.XSGE,2025-02-12 00:36:00,night,2025-02-11,night_2025-02-11,684.64,684.76,684.6,684.62,226.0,154735800.0,192443.0
AU,AU2504.XSGE,2025-02-12 00:37:00,night,2025-02-11,night_2025-02-11,684.6,684.6,683.88,684.08,1043.0,713580400.0,192415.0
AU,AU2504.XSGE,2025-02-12 00:38:00,night,2025-02-11,night_2025-02-11,684.06,684.06,683.8,683.82,565.0,386436500.0,192351.0
AU,AU2504.XSGE,2025-02-12 00:39:00,night,2025-02-11,night_2025-02-11,683.8,684.2,683.78,684.2,359.0,245527780.0,192322.0
AU,AU2504.XSGE,2025-02-12 00:40:00,night,2025-02-11,night_2025-02-11,684.18,684.28,684.02,684.02,310.0,212101200.0,192336.0
AU,AU2504.XSGE,2025-02-12 00:41:00,night,2025-02-11,night_2025-02-11,684.04,684.28,684.04,684.2,226.0,154615780.0,192347.0
AU,AU2504.XSGE,2025-02-12 00:42:00,night,2025-02-11,night_2025-02-11,684.22,684.22,683.94,683.98,243.0,166218060.0,192346.0
AU,AU2504.XSGE,2025-02-12 00:43:00,night,2025-02-11,night_2025-02-11,683.98,684.04,683.96,684.0,114.0,77976000.0,192337.0
AU,AU2504.XSGE,2025-02-12 00:44:00,night,2025-02-11,night_2025-02-11,684.0,684.1,683.98,684.02,113.0,77295820.0,192326.0
AU,AU2504.XSGE,2025-02-12 00:45:00,night,2025-02-11,night_2025-02-11,684.02,684.04,683.94,684.0,214.0,146373760.0,192288.0
AU,AU2504.XSGE,2025-02-12 00:46:00,night,2025-02-11,night_2025-02-11,684.0,684.04,683.94,683.98,118.0,80708860.0,192270.0
AU,AU2504.XSGE,2025-02-12 00:47:00,night,2025-02-11,night_2025-02-11,684.0,684.04,683.96,683.98,102.0,69767360.0,192258.0
AU,AU2504.XSGE,2025-02-12 00:48:00,night,2025-02-11,night_2025-02-11,684.0,684.0,683.56,683.76,489.0,334348040.0,192140.0
AU,AU2504.XSGE,2025-02-12 00:49:00,night,2025-02-11,night_2025-02-11,683.76,683.86,683.68,683.84,145.0,99143980.0,192141.0
AU,AU2504.XSGE,2025-02-12 00:50:00,night,2025-02-11,night_2025-02-11,683.9,684.14,683.82,684.08,279.0,190839420.0,192142.0
AU,AU2504.XSGE,2025-02-12 00:51:00,night,2025-02-11,night_2025-02-11,684.12,684.12,683.72,683.72,301.0,205852020.0,192134.0
AU,AU2504.XSGE,2025-02-12 00:52:00,night,2025-02-11,night_2025-02-11,683.72,683.94,683.62,683.88,255.0,174357980.0,192113.0
AU,AU2504.XSGE,2025-02-12 00:53:00,night,2025-02-11,night_2025-02-11,683.88,684.06,683.88,683.96,132.0,90284080.0,192103.0
AU,AU2504.XSGE,2025-02-12 00:54:00,night,2025-02-11,night_2025-02-11,683.94,684.0,683.86,683.88,139.0,95068560.0,192102.0
AU,AU2504.XSGE,2025-02-12 00:55:00,night,2025-02-11,night_2025-02-11,683.92,684.1,683.92,684.1,187.0,127910700.0,192076.0
AU,AU2504.XSGE,2025-02-12 00:56:00,night,2025-02-11,night_2025-02-11,684.12,684.3,684.1,684.1,309.0,211418280.0,192012.0
AU,AU2504.XSGE,2025-02-12 00:57:00,night,2025-02-11,night_2025-02-11,684.08,684.08,683.96,684.06,161.0,110127120.0,192006.0
AU,AU2504.XSGE,2025-02-12 00:58:00,night,2025-02-11,night_2025-02-11,684.02,684.12,683.96,684.0,132.0,90292780.0,191985.0
AU,AU2504.XSGE,2025-02-12 00:59:00,night,2025-02-11,night_2025-02-11,684.0,684.0,683.72,683.82,213.0,145658860.0,191967.0
AU,AU2504.XSGE,2025-02-12 01:00:00,night,2025-02-11,night_2025-02-11,683.84,683.86,683.6,683.64,288.0,196901500.0,191932.0
AU,AU2504.XSGE,2025-02-12 01:01:00,night,2025-02-11,night_2025-02-11,683.64,683.72,683.46,683.66,354.0,241986200.0,191884.0
AU,AU2504.XSGE,2025-02-12 01:02:00,night,2025-02-11,night_2025-02-11,683.66,683.72,683.5,683.64,189.0,129205480.0,191908.0
AU,AU2504.XSGE,2025-02-12 01:03:00,night,2025-02-11,night_2025-02-11,683.64,683.66,683.46,683.5,231.0,157897560.0,191893.0
AU,AU2504.XSGE,2025-02-12 01:04:00,night,2025-02-11,night_2025-02-11,683.5,683.5,683.14,683.14,568.0,388114400.0,191852.0
AU,AU2504.XSGE,2025-02-12 01:05:00,night,2025-02-11,night_2025-02-11,683.16,683.44,683.1,683.42,312.0,213180120.0,191802.0
AU,AU2504.XSGE,2025-02-12 01:06:00,night,2025-02-11,night_2025-02-11,683.42,683.56,683.34,683.34,268.0,183165400.0,191770.0
AU,AU2504.XSGE,2025-02-12 01:07:00,night,2025-02-11,night_2025-02-11,683.36,683.38,683.22,683.32,147.0,100447380.0,191769.0
AU,AU2504.XSGE,2025-02-12 01:08:00,night,2025-02-11,night_2025-02-11,683.3,683.38,683.1,683.1,251.0,171495740.0,191794.0
AU,AU2504.XSGE,2025-02-12 01:09:00,night,2025-02-11,night_2025-02-11,683.16,683.32,683.14,683.2,181.0,123667560.0,191797.0
AU,AU2504.XSGE,2025-02-12 01:10:00,night,2025-02-11,night_2025-02-11,683.2,683.34,683.2,683.32,116.0,79259640.0,191782.0
AU,AU2504.XSGE,2025-02-12 01:11:00,night,2025-02-11,night_2025-02-11,683.32,683.32,683.12,683.14,242.0,165332520.0,191753.0
AU,AU2504.XSGE,2025-02-12 01:12:00,night,2025-02-11,night_2025-02-11,683.18,683.38,683.18,683.32,182.0,124359460.0,191743.0
AU,AU2504.XSGE,2025-02-12 01:13:00,night,2025-02-11,night_2025-02-11,683.34,683.52,683.34,683.42,279.0,190684000.0,191752.0
AU,AU2504.XSGE,2025-02-12 01:14:00,night,2025-02-11,night_2025-02-11,683.42,683.56,683.28,683.28,239.0,163347100.0,191780.0
AU,AU2504.XSGE,2025-02-12 01:15:00,night,2025-02-11,night_2025-02-11,683.26,683.36,683.2,683.3,270.0,184482420.0,191751.0
AU,AU2504.XSGE,2025-02-12 01:16:00,night,2025-02-11,night_2025-02-11,683.3,683.5,683.28,683.48,159.0,108660620.0,191756.0
AU,AU2504.XSGE,2025-02-12 01:17:00,night,2025-02-11,night_2025-02-11,683.48,683.82,683.46,683.78,368.0,251589440.0,191717.0
AU,AU2504.XSGE,2025-02-12 01:18:00,night,2025-02-11,night_2025-02-11,683.8,683.9,683.8,683.86,254.0,173698520.0,191679.0
AU,AU2504.XSGE,2025-02-12 01:19:00,night,2025-02-11,night_2025-02-11,683.84,684.0,683.82,683.9,270.0,184648340.0,191664.0
AU,AU2504.XSGE,2025-02-12 01:20:00,night,2025-02-11,night_2025-02-11,683.92,684.0,683.86,684.0,120.0,82073980.0,191673.0
AU,AU2504.XSGE,2025-02-12 01:21:00,night,2025-02-11,night_2025-02-11,684.0,684.08,683.92,683.96,195.0,133380700.0,191686.0
AU,AU2504.XSGE,2025-02-12 01:22:00,night,2025-02-11,night_2025-02-11,683.96,684.0,683.84,683.84,188.0,128574180.0,191669.0
AU,AU2504.XSGE,2025-02-12 01:23:00,night,2025-02-11,night_2025-02-11,683.84,683.92,683.74,683.76,161.0,110098280.0,191653.0
AU,AU2504.XSGE,2025-02-12 01:24:00,night,2025-02-11,night_2025-02-11,683.76,683.88,683.74,683.86,108.0,73852360.0,191655.0
AU,AU2504.XSGE,2025-02-12 01:25:00,night,2025-02-11,night_2025-02-11,683.84,683.98,683.84,683.92,68.0,46505420.0,191664.0
AU,AU2504.XSGE,2025-02-12 01:26:00,night,2025-02-11,night_2025-02-11,683.92,683.96,683.86,683.96,116.0,79333600.0,191652.0
AU,AU2504.XSGE,2025-02-12 01:27:00,night,2025-02-11,night_2025-02-11,683.96,684.06,683.96,684.06,159.0,108756860.0,191668.0
AU,AU2504.XSGE,2025-02-12 01:28:00,night,2025-02-11,night_2025-02-11,684.06,684.12,684.04,684.12,102.0,69775420.0,191668.0
AU,AU2504.XSGE,2025-02-12 01:29:00,night,2025-02-11,night_2025-02-11,684.14,684.22,684.06,684.14,188.0,128617700.0,191653.0
AU,AU2504.XSGE,2025-02-12 01:30:00,night,2025-02-11,night_2025-02-11,684.14,684.26,684.08,684.24,153.0,104677920.0,191662.0
AU,AU2504.XSGE,2025-02-12 01:31:00,night,2025-02-11,night_2025-02-11,684.28,684.42,684.26,684.34,255.0,174508080.0,191669.0
AU,AU2504.XSGE,2025-02-12 01:32:00,night,2025-02-11,night_2025-02-11,684.32,684.34,684.24,684.32,123.0,84166780.0,191691.0
AU,AU2504.XSGE,2025-02-12 01:33:00,night,2025-02-11,night_2025-02-11,684.34,684.56,684.32,684.46,225.0,154001900.0,191719.0
AU,AU2504.XSGE,2025-02-12 01:34:00,night,2025-02-11,night_2025-02-11,684.46,684.54,684.46,684.5,100.0,68450280.0,191732.0
AU,AU2504.XSGE,2025-02-12 01:35:00,night,2025-02-11,night_2025-02-11,684.48,684.5,684.34,684.36,191.0,130722760.0,191708.0
AU,AU2504.XSGE,2025-02-12 01:36:00,night,2025-02-11,night_2025-02-11,684.36,684.46,684.28,684.32,213.0,145764780.0,191680.0
AU,AU2504.XSGE,2025-02-12 01:37:00,night,2025-02-11,night_2025-02-11,684.32,684.4,684.26,684.34,102.0,69801340.0,191690.0
AU,AU2504.XSGE,2025-02-12 01:38:00,night,2025-02-11,night_2025-02-11,684.34,684.38,684.3,684.3,83.0,56801000.0,191684.0
AU,AU2504.XSGE,2025-02-12 01:39:00,night,2025-02-11,night_2025-02-11,684.3,684.36,684.26,684.34,135.0,92381240.0,191688.0
AU,AU2504.XSGE,2025-02-12 01:40:00,night,2025-02-11,night_2025-02-11,684.34,684.44,684.28,684.44,129.0,88280880.0,191687.0
AU,AU2504.XSGE,2025-02-12 01:41:00,night,2025-02-11,night_2025-02-11,684.44,684.62,684.44,684.54,218.0,149229640.0,191675.0
AU,AU2504.XSGE,2025-02-12 01:42:00,night,2025-02-11,night_2025-02-11,684.54,684.62,684.48,684.62,144.0,98576700.0,191718.0
AU,AU2504.XSGE,2025-02-12 01:43:00,night,2025-02-11,night_2025-02-11,684.62,684.62,684.5,684.52,69.0,47233460.0,191730.0
AU,AU2504.XSGE,2025-02-12 01:44:00,night,2025-02-11,night_2025-02-11,684.56,684.6,684.5,684.56,85.0,58186560.0,191729.0
AU,AU2504.XSGE,2025-02-12 01:45:00,night,2025-02-11,night_2025-02-11,684.58,684.58,684.48,684.52,100.0,68453940.0,191729.0
AU,AU2504.XSGE,2025-02-12 01:46:00,night,2025-02-11,night_2025-02-11,684.5,684.66,684.44,684.58,204.0,139653640.0,191738.0
AU,AU2504.XSGE,2025-02-12 01:47:00,night,2025-02-11,night_2025-02-11,684.58,684.6,684.5,684.54,46.0,31488740.0,191737.0
AU,AU2504.XSGE,2025-02-12 01:48:00,night,2025-02-11,night_2025-02-11,684.52,684.58,684.48,684.54,83.0,56816860.0,191739.0
AU,AU2504.XSGE,2025-02-12 01:49:00,night,2025-02-11,night_2025-02-11,684.56,684.58,684.52,684.52,21.0,14375500.0,191737.0
AU,AU2504.XSGE,2025-02-12 01:50:00,night,2025-02-11,night_2025-02-11,684.52,684.52,684.42,684.52,106.0,72553900.0,191726.0
AU,AU2504.XSGE,2025-02-12 01:51:00,night,2025-02-11,night_2025-02-11,684.52,684.58,684.52,684.58,99.0,67770540.0,191735.0
AU,AU2504.XSGE,2025-02-12 01:52:00,night,2025-02-11,night_2025-02-11,684.58,684.64,684.56,684.62,111.0,75991300.0,191735.0
AU,AU2504.XSGE,2025-02-12 01:53:00,night,2025-02-11,night_2025-02-11,684.62,684.72,684.58,684.7,130.0,89006060.0,191755.0
AU,AU2504.XSGE,2025-02-12 01:54:00,night,2025-02-11,night_2025-02-11,684.72,684.76,684.6,684.64,244.0,167068160.0,191803.0
AU,AU2504.XSGE,2025-02-12 01:55:00,night,2025-02-11,night_2025-02-11,684.64,684.66,684.5,684.58,149.0,101998700.0,191834.0
AU,AU2504.XSGE,2025-02-12 01:56:00,night,2025-02-11,night_2025-02-11,684.56,684.74,684.52,684.7,113.0,77361740.0,191847.0
AU,AU2504.XSGE,2025-02-12 01:57:00,night,2025-02-11,night_2025-02-11,684.72,684.72,684.58,684.62,119.0,81474380.0,191830.0
AU,AU2504.XSGE,2025-02-12 01:58:00,night,2025-02-11,night_2025-02-11,684.64,684.68,684.56,684.6,65.0,44500960.0,191822.0
AU,AU2504.XSGE,2025-02-12 01:59:00,night,2025-02-11,night_2025-02-11,684.6,684.62,684.42,684.46,122.0,83509520.0,191801.0
AU,AU2504.XSGE,2025-02-12 02:00:00,night,2025-02-11,night_2025-02-11,684.46,684.5,684.44,684.5,124.0,84873200.0,191803.0
AU,AU2504.XSGE,2025-02-12 02:01:00,night,2025-02-11,night_2025-02-11,684.5,684.6,684.48,684.52,76.0,52024420.0,191783.0
AU,AU2504.XSGE,2025-02-12 02:02:00,night,2025-02-11,night_2025-02-11,684.5,684.56,684.5,684.54,68.0,46547640.0,191768.0
AU,AU2504.XSGE,2025-02-12 02:03:00,night,2025-02-11,night_2025-02-11,684.58,684.72,684.56,684.62,110.0,75309060.0,191748.0
AU,AU2504.XSGE,2025-02-12 02:04:00,night,2025-02-11,night_2025-02-11,684.6,684.66,684.54,684.54,84.0,57506920.0,191750.0
AU,AU2504.XSGE,2025-02-12 02:05:00,night,2025-02-11,night_2025-02-11,684.56,684.58,684.46,684.48,106.0,72558120.0,191768.0
AU,AU2504.XSGE,2025-02-12 02:06:00,night,2025-02-11,night_2025-02-11,684.48,684.48,684.4,684.4,171.0,117038640.0,191757.0
AU,AU2504.XSGE,2025-02-12 02:07:00,night,2025-02-11,night_2025-02-11,684.4,684.4,684.2,684.3,212.0,145067120.0,191730.0
AU,AU2504.XSGE,2025-02-12 02:08:00,night,2025-02-11,night_2025-02-11,684.3,684.38,684.24,684.24,108.0,73903620.0,191750.0
AU,AU2504.XSGE,2025-02-12 02:09:00,night,2025-02-11,night_2025-02-11,684.26,684.34,684.24,684.34,62.0,42426540.0,191748.0
AU,AU2504.XSGE,2025-02-12 02:10:00,night,2025-02-11,night_2025-02-11,684.34,684.5,684.34,684.5,129.0,88294920.0,191732.0
AU,AU2504.XSGE,2025-02-12 02:11:00,night,2025-02-11,night_2025-02-11,684.48,684.52,684.42,684.46,51.0,34908840.0,191738.0
AU,AU2504.XSGE,2025-02-12 02:12:00,night,2025-02-11,night_2025-02-11,684.44,684.62,684.44,684.62,96.0,65716560.0,191720.0
AU,AU2504.XSGE,2025-02-12 02:13:00,night,2025-02-11,night_2025-02-11,684.62,684.62,684.46,684.58,81.0,55446280.0,191732.0
AU,AU2504.XSGE,2025-02-12 02:14:00,night,2025-02-11,night_2025-02-11,684.58,684.6,684.56,684.6,43.0,29436940.0,191720.0
AU,AU2504.XSGE,2025-02-12 02:15:00,night,2025-02-11,night_2025-02-11,684.6,684.66,684.56,684.56,97.0,66406960.0,191719.0
AU,AU2504.XSGE,2025-02-12 02:16:00,night,2025-02-11,night_2025-02-11,684.6,684.7,684.58,684.64,99.0,67779760.0,191721.0
AU,AU2504.XSGE,2025-02-12 02:17:00,night,2025-02-11,night_2025-02-11,684.68,684.7,684.64,684.64,33.0,22594280.0,191723.0
AU,AU2504.XSGE,2025-02-12 02:18:00,night,2025-02-11,night_2025-02-11,684.66,684.68,684.6,684.68,36.0,24646940.0,191717.0
AU,AU2504.XSGE,2025-02-12 02:19:00,night,2025-02-11,night_2025-02-11,684.66,684.9,684.66,684.8,313.0,214348320.0,191733.0
AU,AU2504.XSGE,2025-02-12 02:20:00,night,2025-02-11,night_2025-02-11,684.82,684.94,684.8,684.82,203.0,139027820.0,191738.0
AU,AU2504.XSGE,2025-02-12 02:21:00,night,2025-02-11,night_2025-02-11,684.82,684.84,684.64,684.7,147.0,100653500.0,191751.0
AU,AU2504.XSGE,2025-02-12 02:22:00,night,2025-02-11,night_2025-02-11,684.68,684.74,684.64,684.72,141.0,96539980.0,191773.0
AU,AU2504.XSGE,2025-02-12 02:23:00,night,2025-02-11,night_2025-02-11,684.68,684.76,684.6,684.6,92.0,62991100.0,191779.0
AU,AU2504.XSGE,2025-02-12 02:24:00,night,2025-02-11,night_2025-02-11,684.56,684.66,684.56,684.64,78.0,53399780.0,191772.0
AU,AU2504.XSGE,2025-02-12 02:25:00,night,2025-02-11,night_2025-02-11,684.6,684.64,684.3,684.32,195.0,133469160.0,191762.0
AU,AU2504.XSGE,2025-02-12 02:26:00,night,2025-02-11,night_2025-02-11,684.32,684.42,684.28,684.38,225.0,153976340.0,191764.0
AU,AU2504.XSGE,2025-02-12 02:27:00,night,2025-02-11,night_2025-02-11,684.4,684.5,684.28,684.48,152.0,104028180.0,191727.0
AU,AU2504.XSGE,2025-02-12 02:28:00,night,2025-02-11,night_2025-02-11,684.54,684.62,684.46,684.48,148.0,101311940.0,191718.0
AU,AU2504.XSGE,2025-02-12 02:29:00,night,2025-02-11,night_2025-02-11,684.54,684.54,684.38,684.48,99.0,67761960.0,191686.0
AU,AU2504.XSGE,2025-02-12 02:30:00,night,2025-02-11,night_2025-02-11,684.48,684.7,684.44,684.66,239.0,163619600.0,191622.0
AU,AU2504.XSGE,2025-02-12 09:01:00,day,2025-02-12,day_2025-02-12,682.5,682.5,681.64,681.96,3940.0,2687223580.0,191811.0
AU,AU2504.XSGE,2025-02-12 09:02:00,day,2025-02-12,day_2025-02-12,681.98,682.52,681.96,682.3,1475.0,1006258720.0,191726.0
AU,AU2504.XSGE,2025-02-12 09:03:00,day,2025-02-12,day_2025-02-12,682.32,682.7,682.1,682.5,993.0,677679300.0,191758.0
AU,AU2504.XSGE,2025-02-12 09:04:00,day,2025-02-12,day_2025-02-12,682.52,682.72,682.44,682.64,865.0,590419120.0,191663.0
AU,AU2504.XSGE,2025-02-12 09:05:00,day,2025-02-12,day_2025-02-12,682.64,683.04,682.54,682.9,1258.0,859011640.0,191740.0
AU,AU2504.XSGE,2025-02-12 09:06:00,day,2025-02-12,day_2025-02-12,682.92,682.96,682.64,682.7,869.0,593372000.0,191709.0
AU,AU2504.XSGE,2025-02-12 09:07:00,day,2025-02-12,day_2025-02-12,682.74,682.74,682.26,682.48,1059.0,722704300.0,191658.0
AU,AU2504.XSGE,2025-02-12 09:08:00,day,2025-02-12,day_2025-02-12,682.48,682.8,682.4,682.8,617.0,421160960.0,191593.0
AU,AU2504.XSGE,2025-02-12 09:09:00,day,2025-02-12,day_2025-02-12,682.78,682.78,682.66,682.66,352.0,240310760.0,191595.0
AU,AU2504.XSGE,2025-02-12 09:10:00,day,2025-02-12,day_2025-02-12,682.7,682.74,682.28,682.32,574.0,391742440.0,191649.0
AU,AU2504.XSGE,2025-02-12 09:11:00,day,2025-02-12,day_2025-02-12,682.36,682.52,682.36,682.4,276.0,188351620.0,191629.0
AU,AU2504.XSGE,2025-02-12 09:12:00,day,2025-02-12,day_2025-02-12,682.4,682.4,681.98,681.98,688.0,469310640.0,191604.0
AU,AU2504.XSGE,2025-02-12 09:13:00,day,2025-02-12,day_2025-02-12,681.96,682.04,681.74,681.76,657.0,448015720.0,191570.0
AU,AU2504.XSGE,2025-02-12 09:14:00,day,2025-02-12,day_2025-02-12,681.8,682.08,681.78,682.0,742.0,505991060.0,191506.0
AU,AU2504.XSGE,2025-02-12 09:15:00,day,2025-02-12,day_2025-02-12,682.02,682.02,681.3,681.4,1144.0,779696600.0,191289.0
AU,AU2504.XSGE,2025-02-12 09:16:00,day,2025-02-12,day_2025-02-12,681.42,681.78,681.42,681.52,1051.0,716306680.0,191112.0
AU,AU2504.XSGE,2025-02-12 09:17:00,day,2025-02-12,day_2025-02-12,681.5,681.8,681.5,681.78,659.0,449218320.0,191027.0
AU,AU2504.XSGE,2025-02-12 09:18:00,day,2025-02-12,day_2025-02-12,681.78,682.0,681.76,681.8,640.0,436402500.0,190986.0
AU,AU2504.XSGE,2025-02-12 09:19:00,day,2025-02-12,day_2025-02-12,681.8,681.8,681.26,681.26,620.0,422511480.0,190904.0
AU,AU2504.XSGE,2025-02-12 09:20:00,day,2025-02-12,day_2025-02-12,681.26,681.26,680.78,680.92,1805.0,1229241640.0,190501.0
AU,AU2504.XSGE,2025-02-12 09:21:00,day,2025-02-12,day_2025-02-12,680.9,681.1,680.74,681.04,963.0,655700160.0,190418.0
AU,AU2504.XSGE,2025-02-12 09:22:00,day,2025-02-12,day_2025-02-12,680.98,681.32,680.92,681.3,495.0,337139460.0,190331.0
AU,AU2504.XSGE,2025-02-12 09:23:00,day,2025-02-12,day_2025-02-12,681.32,681.32,681.0,681.3,595.0,405299420.0,190287.0
AU,AU2504.XSGE,2025-02-12 09:24:00,day,2025-02-12,day_2025-02-12,681.32,681.7,681.3,681.42,750.0,511118600.0,190315.0
AU,AU2504.XSGE,2025-02-12 09:25:00,day,2025-02-12,day_2025-02-12,681.38,681.38,681.16,681.3,334.0,227532800.0,190269.0
AU,AU2504.XSGE,2025-02-12 09:26:00,day,2025-02-12,day_2025-02-12,681.3,681.42,681.04,681.42,513.0,349457260.0,190231.0
AU,AU2504.XSGE,2025-02-12 09:27:00,day,2025-02-12,day_2025-02-12,681.4,681.48,681.08,681.2,375.0,255489740.0,190153.0
AU,AU2504.XSGE,2025-02-12 09:28:00,day,2025-02-12,day_2025-02-12,681.18,681.4,681.1,681.32,402.0,273870340.0,190051.0
AU,AU2504.XSGE,2025-02-12 09:29:00,day,2025-02-12,day_2025-02-12,681.32,681.56,681.24,681.54,440.0,299794060.0,190009.0
AU,AU2504.XSGE,2025-02-12 09:30:00,day,2025-02-12,day_2025-02-12,681.54,681.76,681.28,681.3,839.0,571828600.0,189905.0
AU,AU2504.XSGE,2025-02-12 09:31:00,day,2025-02-12,day_2025-02-12,681.28,681.28,680.44,680.58,1568.0,1067539440.0,189750.0
AU,AU2504.XSGE,2025-02-12 09:32:00,day,2025-02-12,day_2025-02-12,680.58,680.74,680.22,680.3,1615.0,1098931460.0,189650.0
AU,AU2504.XSGE,2025-02-12 09:33:00,day,2025-02-12,day_2025-02-12,680.32,680.34,679.2,679.82,2872.0,1952169740.0,189473.0
AU,AU2504.XSGE,2025-02-12 09:34:00,day,2025-02-12,day_2025-02-12,679.8,680.26,679.54,680.24,1564.0,1063332340.0,189425.0
AU,AU2504.XSGE,2025-02-12 09:35:00,day,2025-02-12,day_2025-02-12,680.32,680.82,680.0,680.8,1523.0,1036241120.0,189440.0
AU,AU2504.XSGE,2025-02-12 09:36:00,day,2025-02-12,day_2025-02-12,680.84,681.12,680.78,680.84,1486.0,1011836860.0,189339.0
AU,AU2504.XSGE,2025-02-12 09:37:00,day,2025-02-12,day_2025-02-12,680.84,681.16,680.82,681.08,802.0,546172360.0,189205.0
AU,AU2504.XSGE,2025-02-12 09:38:00,day,2025-02-12,day_2025-02-12,681.08,681.08,680.7,680.78,581.0,395589320.0,189172.0
AU,AU2504.XSGE,2025-02-12 09:39:00,day,2025-02-12,day_2025-02-12,680.8,681.08,680.68,680.74,668.0,454821020.0,189164.0
AU,AU2504.XSGE,2025-02-12 09:40:00,day,2025-02-12,day_2025-02-12,680.74,681.36,680.72,681.26,1012.0,689297000.0,189126.0
AU,AU2504.XSGE,2025-02-12 09:41:00,day,2025-02-12,day_2025-02-12,681.28,681.54,681.22,681.3,1175.0,800616400.0,189138.0
AU,AU2504.XSGE,2025-02-12 09:42:00,day,2025-02-12,day_2025-02-12,681.3,681.52,681.2,681.36,623.0,424481580.0,189089.0
AU,AU2504.XSGE,2025-02-12 09:43:00,day,2025-02-12,day_2025-02-12,681.34,681.6,681.3,681.58,613.0,417746420.0,189040.0
AU,AU2504.XSGE,2025-02-12 09:44:00,day,2025-02-12,day_2025-02-12,681.52,681.72,681.46,681.66,503.0,342848940.0,189007.0
AU,AU2504.XSGE,2025-02-12 09:45:00,day,2025-02-12,day_2025-02-12,681.62,681.68,681.42,681.54,552.0,376198920.0,188937.0
AU,AU2504.XSGE,2025-02-12 09:46:00,day,2025-02-12,day_2025-02-12,681.52,681.56,681.36,681.46,347.0,236469580.0,188891.0
AU,AU2504.XSGE,2025-02-12 09:47:00,day,2025-02-12,day_2025-02-12,681.48,681.72,681.36,681.68,530.0,361207240.0,188877.0
AU,AU2504.XSGE,2025-02-12 09:48:00,day,2025-02-12,day_2025-02-12,681.64,682.1,681.56,681.82,1289.0,878996920.0,188567.0
AU,AU2504.XSGE,2025-02-12 09:49:00,day,2025-02-12,day_2025-02-12,681.82,682.12,681.74,682.1,730.0,497801620.0,188602.0
AU,AU2504.XSGE,2025-02-12 09:50:00,day,2025-02-12,day_2025-02-12,682.1,682.1,681.9,681.94,538.0,366907060.0,188644.0
AU,AU2504.XSGE,2025-02-12 09:51:00,day,2025-02-12,day_2025-02-12,681.94,682.08,681.84,682.0,621.0,423498440.0,188748.0
AU,AU2504.XSGE,2025-02-12 09:52:00,day,2025-02-12,day_2025-02-12,682.0,682.32,681.96,681.96,609.0,415433540.0,188726.0
AU,AU2504.XSGE,2025-02-12 09:53:00,day,2025-02-12,day_2025-02-12,681.96,682.18,681.72,681.96,688.0,469162680.0,188656.0
AU,AU2504.XSGE,2025-02-12 09:54:00,day,2025-02-12,day_2025-02-12,681.94,682.04,681.84,682.0,323.0,220269100.0,188634.0
AU,AU2504.XSGE,2025-02-12 09:55:00,day,2025-02-12,day_2025-02-12,682.0,682.08,681.86,681.9,247.0,168450800.0,188619.0
AU,AU2504.XSGE,2025-02-12 09:56:00,day,2025-02-12,day_2025-02-12,681.88,681.94,681.56,681.6,589.0,401498460.0,188490.0
AU,AU2504.XSGE,2025-02-12 09:57:00,day,2025-02-12,day_2025-02-12,681.6,681.6,681.22,681.38,663.0,451750040.0,188375.0
AU,AU2504.XSGE,2025-02-12 09:58:00,day,2025-02-12,day_2025-02-12,681.38,681.62,681.38,681.54,286.0,194916560.0,188361.0
AU,AU2504.XSGE,2025-02-12 09:59:00,day,2025-02-12,day_2025-02-12,681.54,681.54,681.22,681.26,425.0,289573480.0,188330.0
AU,AU2504.XSGE,2025-02-12 10:00:00,day,2025-02-12,day_2025-02-12,681.26,681.44,681.18,681.34,420.0,286151140.0,188322.0
AU,AU2504.XSGE,2025-02-12 10:01:00,day,2025-02-12,day_2025-02-12,681.34,681.44,681.2,681.28,292.0,198938840.0,188305.0
AU,AU2504.XSGE,2025-02-12 10:02:00,day,2025-02-12,day_2025-02-12,681.3,681.48,681.26,681.34,290.0,197600740.0,188275.0
AU,AU2504.XSGE,2025-02-12 10:03:00,day,2025-02-12,day_2025-02-12,681.34,681.5,681.32,681.48,321.0,218735900.0,188246.0
AU,AU2504.XSGE,2025-02-12 10:04:00,day,2025-02-12,day_2025-02-12,681.52,681.72,681.46,681.56,405.0,276051500.0,188197.0
AU,AU2504.XSGE,2025-02-12 10:05:00,day,2025-02-12,day_2025-02-12,681.56,681.58,681.16,681.2,391.0,266396040.0,188186.0
AU,AU2504.XSGE,2025-02-12 10:06:00,day,2025-02-12,day_2025-02-12,681.2,681.68,681.2,681.52,381.0,259622000.0,188187.0
AU,AU2504.XSGE,2025-02-12 10:07:00,day,2025-02-12,day_2025-02-12,681.54,681.64,681.38,681.46,291.0,198319480.0,188198.0
AU,AU2504.XSGE,2025-02-12 10:08:00,day,2025-02-12,day_2025-02-12,681.44,681.6,681.44,681.56,219.0,149257880.0,188183.0
AU,AU2504.XSGE,2025-02-12 10:09:00,day,2025-02-12,day_2025-02-12,681.54,681.76,681.44,681.6,249.0,169718220.0,188153.0
AU,AU2504.XSGE,2025-02-12 10:10:00,day,2025-02-12,day_2025-02-12,681.6,681.6,681.46,681.5,191.0,130171820.0,188157.0
AU,AU2504.XSGE,2025-02-12 10:11:00,day,2025-02-12,day_2025-02-12,681.54,681.58,681.34,681.38,168.0,114487020.0,188149.0
AU,AU2504.XSGE,2025-02-12 10:12:00,day,2025-02-12,day_2025-02-12,681.4,681.52,681.3,681.48,250.0,170364120.0,188133.0
AU,AU2504.XSGE,2025-02-12 10:13:00,day,2025-02-12,day_2025-02-12,681.46,681.58,681.42,681.56,183.0,124712880.0,188105.0
AU,AU2504.XSGE,2025-02-12 10:14:00,day,2025-02-12,day_2025-02-12,681.58,681.58,681.42,681.52,124.0,84505200.0,188075.0
AU,AU2504.XSGE,2025-02-12 10:15:00,day,2025-02-12,day_2025-02-12,681.5,681.72,681.48,681.72,281.0,191528940.0,188006.0
AU,AU2504.XSGE,2025-02-12 10:31:00,day,2025-02-12,day_2025-02-12,681.88,682.28,681.88,682.14,918.0,626242940.0,188123.0
AU,AU2504.XSGE,2025-02-12 10:32:00,day,2025-02-12,day_2025-02-12,682.12,682.42,681.9,681.96,728.0,496617860.0,188185.0
AU,AU2504.XSGE,2025-02-12 10:33:00,day,2025-02-12,day_2025-02-12,681.98,681.98,681.76,681.86,309.0,210688980.0,188181.0
AU,AU2504.XSGE,2025-02-12 10:34:00,day,2025-02-12,day_2025-02-12,681.86,682.06,681.86,681.92,200.0,136392800.0,188180.0
AU,AU2504.XSGE,2025-02-12 10:35:00,day,2025-02-12,day_2025-02-12,681.92,682.04,681.88,682.0,277.0,188907880.0,188155.0
AU,AU2504.XSGE,2025-02-12 10:36:00,day,2025-02-12,day_2025-02-12,682.02,682.22,682.0,682.12,473.0,322641100.0,188096.0
AU,AU2504.XSGE,2025-02-12 10:37:00,day,2025-02-12,day_2025-02-12,682.14,682.28,682.0,682.06,594.0,405189040.0,188120.0
AU,AU2504.XSGE,2025-02-12 10:38:00,day,2025-02-12,day_2025-02-12,682.08,682.16,681.88,682.06,306.0,208703740.0,188096.0
AU,AU2504.XSGE,2025-02-12 10:39:00,day,2025-02-12,day_2025-02-12,682.08,682.1,681.92,681.94,182.0,124120180.0,188055.0
AU,AU2504.XSGE,2025-02-12 10:40:00,day,2025-02-12,day_2025-02-12,681.94,681.98,681.84,681.94,192.0,130924380.0,188038.0
AU,AU2504.XSGE,2025-02-12 10:41:00,day,2025-02-12,day_2025-02-12,681.96,681.96,681.66,681.7,377.0,257040940.0,187980.0
AU,AU2504.XSGE,2025-02-12 10:42:00,day,2025-02-12,day_2025-02-12,681.7,681.9,681.66,681.88,420.0,286359340.0,187883.0
AU,AU2504.XSGE,2025-02-12 10:43:00,day,2025-02-12,day_2025-02-12,681.9,681.9,681.72,681.86,368.0,250902220.0,187856.0
AU,AU2504.XSGE,2025-02-12 10:44:00,day,2025-02-12,day_2025-02-12,681.86,681.9,681.72,681.8,170.0,115905060.0,187821.0
AU,AU2504.XSGE,2025-02-12 10:45:00,day,2025-02-12,day_2025-02-12,681.78,681.92,681.78,681.9,184.0,125465320.0,187858.0
AU,AU2504.XSGE,2025-02-12 10:46:00,day,2025-02-12,day_2025-02-12,681.9,682.06,681.88,682.06,268.0,182775840.0,187852.0
AU,AU2504.XSGE,2025-02-12 10:47:00,day,2025-02-12,day_2025-02-12,682.08,682.28,682.06,682.06,442.0,301516260.0,187867.0
AU,AU2504.XSGE,2025-02-12 10:48:00,day,2025-02-12,day_2025-02-12,682.06,682.1,681.82,681.82,362.0,246866040.0,187890.0
AU,AU2504.XSGE,2025-02-12 10:49:00,day,2025-02-12,day_2025-02-12,681.82,681.98,681.72,681.88,347.0,236595420.0,187882.0
AU,AU2504.XSGE,2025-02-12 10:50:00,day,2025-02-12,day_2025-02-12,681.88,682.0,681.88,681.92,152.0,103655640.0,187866.0
AU,AU2504.XSGE,2025-02-12 10:51:00,day,2025-02-12,day_2025-02-12,681.94,682.04,681.86,681.94,149.0,101609540.0,187858.0
AU,AU2504.XSGE,2025-02-12 10:52:00,day,2025-02-12,day_2025-02-12,681.92,681.92,681.82,681.9,147.0,100234840.0,187840.0
AU,AU2504.XSGE,2025-02-12 10:53:00,day,2025-02-12,day_2025-02-12,681.9,681.92,681.82,681.82,140.0,95461280.0,187823.0
AU,AU2504.XSGE,2025-02-12 10:54:00,day,2025-02-12,day_2025-02-12,681.82,681.84,681.68,681.74,239.0,162941140.0,187808.0
AU,AU2504.XSGE,2025-02-12 10:55:00,day,2025-02-12,day_2025-02-12,681.76,681.82,681.7,681.74,160.0,109078480.0,187795.0
AU,AU2504.XSGE,2025-02-12 10:56:00,day,2025-02-12,day_2025-02-12,681.74,681.78,681.42,681.5,376.0,256282880.0,187728.0
AU,AU2504.XSGE,2025-02-12 10:57:00,day,2025-02-12,day_2025-02-12,681.5,681.5,681.08,681.3,1015.0,691456620.0,187453.0
AU,AU2504.XSGE,2025-02-12 10:58:00,day,2025-02-12,day_2025-02-12,681.28,681.3,681.06,681.06,482.0,328330800.0,187432.0
AU,AU2504.XSGE,2025-02-12 10:59:00,day,2025-02-12,day_2025-02-12,681.04,681.1,680.88,681.08,548.0,373182720.0,187385.0
AU,AU2504.XSGE,2025-02-12 11:00:00,day,2025-02-12,day_2025-02-12,681.06,681.24,680.92,680.94,496.0,337814360.0,187393.0
AU,AU2504.XSGE,2025-02-12 11:01:00,day,2025-02-12,day_2025-02-12,680.92,681.0,680.6,680.86,860.0,585484000.0,187490.0
AU,AU2504.XSGE,2025-02-12 11:02:00,day,2025-02-12,day_2025-02-12,680.88,681.06,680.7,680.96,588.0,400367180.0,187435.0
AU,AU2504.XSGE,2025-02-12 11:03:00,day,2025-02-12,day_2025-02-12,680.96,681.06,680.76,680.82,408.0,277820820.0,187455.0
AU,AU2504.XSGE,2025-02-12 11:04:00,day,2025-02-12,day_2025-02-12,680.8,680.86,680.62,680.8,474.0,322668480.0,187487.0
AU,AU2504.XSGE,2025-02-12 11:05:00,day,2025-02-12,day_2025-02-12,680.82,680.86,680.7,680.82,349.0,237597680.0,187512.0
AU,AU2504.XSGE,2025-02-12 11:06:00,day,2025-02-12,day_2025-02-12,680.8,680.94,680.74,680.74,351.0,238964540.0,187539.0
AU,AU2504.XSGE,2025-02-12 11:07:00,day,2025-02-12,day_2025-02-12,680.78,681.1,680.78,680.86,502.0,341844000.0,187540.0
AU,AU2504.XSGE,2025-02-12 11:08:00,day,2025-02-12,day_2025-02-12,680.9,680.94,680.42,680.42,805.0,547935800.0,187506.0
AU,AU2504.XSGE,2025-02-12 11:09:00,day,2025-02-12,day_2025-02-12,680.42,680.54,680.22,680.22,694.0,472203580.0,187463.0
AU,AU2504.XSGE,2025-02-12 11:10:00,day,2025-02-12,day_2025-02-12,680.22,680.4,680.12,680.16,873.0,593840160.0,187468.0
AU,AU2504.XSGE,2025-02-12 11:11:00,day,2025-02-12,day_2025-02-12,680.16,680.44,680.14,680.38,625.0,425151480.0,187411.0
AU,AU2504.XSGE,2025-02-12 11:12:00,day,2025-02-12,day_2025-02-12,680.36,680.46,680.08,680.08,557.0,378912640.0,187470.0
AU,AU2504.XSGE,2025-02-12 11:13:00,day,2025-02-12,day_2025-02-12,680.06,680.26,679.86,680.16,990.0,673216940.0,187472.0
AU,AU2504.XSGE,2025-02-12 11:14:00,day,2025-02-12,day_2025-02-12,680.14,680.28,680.1,680.22,406.0,276166040.0,187421.0
AU,AU2504.XSGE,2025-02-12 11:15:00,day,2025-02-12,day_2025-02-12,680.24,680.26,679.94,679.94,448.0,304665540.0,187440.0
AU,AU2504.XSGE,2025-02-12 11:16:00,day,2025-02-12,day_2025-02-12,679.92,680.04,679.64,679.68,1011.0,687268880.0,187454.0
AU,AU2504.XSGE,2025-02-12 11:17:00,day,2025-02-12,day_2025-02-12,679.68,680.04,679.66,680.0,658.0,447324540.0,187363.0
AU,AU2504.XSGE,2025-02-12 11:18:00,day,2025-02-12,day_2025-02-12,680.02,680.18,679.9,680.12,637.0,433189840.0,187299.0
AU,AU2504.XSGE,2025-02-12 11:19:00,day,2025-02-12,day_2025-02-12,680.18,680.3,680.12,680.3,432.0,293848540.0,187251.0
AU,AU2504.XSGE,2025-02-12 11:20:00,day,2025-02-12,day_2025-02-12,680.3,680.3,679.78,679.78,651.0,442730240.0,187235.0
AU,AU2504.XSGE,2025-02-12 11:21:00,day,2025-02-12,day_2025-02-12,679.78,680.06,679.62,679.98,752.0,511188700.0,187178.0
AU,AU2504.XSGE,2025-02-12 11:22:00,day,2025-02-12,day_2025-02-12,679.98,680.12,679.82,680.02,409.0,278113520.0,187199.0
AU,AU2504.XSGE,2025-02-12 11:23:00,day,2025-02-12,day_2025-02-12,680.0,680.46,679.96,680.44,588.0,399972340.0,187149.0
AU,AU2504.XSGE,2025-02-12 11:24:00,day,2025-02-12,day_2025-02-12,680.46,680.52,680.4,680.42,368.0,250405480.0,187121.0
AU,AU2504.XSGE,2025-02-12 11:25:00,day,2025-02-12,day_2025-02-12,680.42,680.56,680.4,680.52,226.0,153793380.0,187111.0
AU,AU2504.XSGE,2025-02-12 11:26:00,day,2025-02-12,day_2025-02-12,680.52,680.74,680.46,680.5,401.0,272930920.0,187015.0
AU,AU2504.XSGE,2025-02-12 11:27:00,day,2025-02-12,day_2025-02-12,680.46,680.5,680.22,680.22,313.0,212946680.0,186986.0
AU,AU2504.XSGE,2025-02-12 11:28:00,day,2025-02-12,day_2025-02-12,680.24,680.36,680.22,680.28,307.0,208849680.0,186985.0
AU,AU2504.XSGE,2025-02-12 11:29:00,day,2025-02-12,day_2025-02-12,680.26,680.36,680.26,680.34,189.0,128577560.0,186950.0
AU,AU2504.XSGE,2025-02-12 11:30:00,day,2025-02-12,day_2025-02-12,680.34,680.42,680.26,680.36,482.0,327911880.0,186806.0
AU,AU2504.XSGE,2025-02-12 13:31:00,day,2025-02-12,day_2025-02-12,679.46,679.46,678.96,679.28,2099.0,1425681260.0,186848.0
AU,AU2504.XSGE,2025-02-12 13:32:00,day,2025-02-12,day_2025-02-12,679.26,679.44,679.14,679.34,1149.0,780481200.0,186592.0
AU,AU2504.XSGE,2025-02-12 13:33:00,day,2025-02-12,day_2025-02-12,679.3,679.7,679.3,679.68,592.0,402300540.0,186562.0
AU,AU2504.XSGE,2025-02-12 13:34:00,day,2025-02-12,day_2025-02-12,679.68,679.82,679.58,679.72,651.0,442467720.0,186590.0
AU,AU2504.XSGE,2025-02-12 13:35:00,day,2025-02-12,day_2025-02-12,679.72,680.04,679.68,679.88,773.0,525535160.0,186428.0
AU,AU2504.XSGE,2025-02-12 13:36:00,day,2025-02-12,day_2025-02-12,679.86,679.96,679.72,679.74,458.0,311371560.0,186365.0
AU,AU2504.XSGE,2025-02-12 13:37:00,day,2025-02-12,day_2025-02-12,679.74,679.82,679.6,679.76,444.0,301785440.0,186303.0
AU,AU2504.XSGE,2025-02-12 13:38:00,day,2025-02-12,day_2025-02-12,679.78,679.98,679.76,679.8,361.0,245429620.0,186256.0
AU,AU2504.XSGE,2025-02-12 13:39:00,day,2025-02-12,day_2025-02-12,679.82,679.96,679.78,679.96,485.0,329742880.0,186331.0
AU,AU2504.XSGE,2025-02-12 13:40:00,day,2025-02-12,day_2025-02-12,679.92,680.0,679.8,679.84,284.0,193097140.0,186293.0
AU,AU2504.XSGE,2025-02-12 13:41:00,day,2025-02-12,day_2025-02-12,679.86,679.92,679.64,679.92,338.0,229754180.0,186274.0
AU,AU2504.XSGE,2025-02-12 13:42:00,day,2025-02-12,day_2025-02-12,679.9,679.96,679.82,679.9,285.0,193767820.0,186222.0
AU,AU2504.XSGE,2025-02-12 13:43:00,day,2025-02-12,day_2025-02-12,679.9,680.06,679.88,680.0,504.0,342725420.0,186142.0
AU,AU2504.XSGE,2025-02-12 13:44:00,day,2025-02-12,day_2025-02-12,680.0,680.16,680.0,680.02,414.0,281550500.0,186129.0
AU,AU2504.XSGE,2025-02-12 13:45:00,day,2025-02-12,day_2025-02-12,680.02,680.1,679.92,679.94,273.0,185646580.0,186116.0
AU,AU2504.XSGE,2025-02-12 13:46:00,day,2025-02-12,day_2025-02-12,679.94,679.96,679.74,679.84,382.0,259705820.0,186119.0
AU,AU2504.XSGE,2025-02-12 13:47:00,day,2025-02-12,day_2025-02-12,679.8,679.84,679.66,679.68,313.0,212760740.0,186086.0
AU,AU2504.XSGE,2025-02-12 13:48:00,day,2025-02-12,day_2025-02-12,679.7,679.7,679.56,679.66,424.0,288162220.0,186021.0
AU,AU2504.XSGE,2025-02-12 13:49:00,day,2025-02-12,day_2025-02-12,679.68,680.0,679.66,679.86,549.0,373243000.0,185951.0
AU,AU2504.XSGE,2025-02-12 13:50:00,day,2025-02-12,day_2025-02-12,679.88,679.88,679.62,679.74,455.0,309269080.0,186002.0
AU,AU2504.XSGE,2025-02-12 13:51:00,day,2025-02-12,day_2025-02-12,679.78,679.86,679.58,679.62,415.0,282066340.0,185948.0
AU,AU2504.XSGE,2025-02-12 13:52:00,day,2025-02-12,day_2025-02-12,679.62,679.96,679.62,679.92,488.0,331736400.0,185777.0
AU,AU2504.XSGE,2025-02-12 13:53:00,day,2025-02-12,day_2025-02-12,679.9,680.28,679.9,680.24,792.0,538651060.0,185618.0
AU,AU2504.XSGE,2025-02-12 13:54:00,day,2025-02-12,day_2025-02-12,680.26,680.28,680.06,680.14,636.0,432592620.0,185479.0
AU,AU2504.XSGE,2025-02-12 13:55:00,day,2025-02-12,day_2025-02-12,680.14,680.2,680.06,680.12,285.0,193839380.0,185440.0
AU,AU2504.XSGE,2025-02-12 13:56:00,day,2025-02-12,day_2025-02-12,680.1,680.12,679.9,679.94,316.0,214884700.0,185448.0
AU,AU2504.XSGE,2025-02-12 13:57:00,day,2025-02-12,day_2025-02-12,679.92,680.0,679.84,679.92,268.0,182219920.0,185441.0
AU,AU2504.XSGE,2025-02-12 13:58:00,day,2025-02-12,day_2025-02-12,679.94,679.98,679.7,679.7,183.0,124414020.0,185417.0
AU,AU2504.XSGE,2025-02-12 13:59:00,day,2025-02-12,day_2025-02-12,679.7,679.74,679.6,679.64,444.0,301771920.0,185452.0
AU,AU2504.XSGE,2025-02-12 14:00:00,day,2025-02-12,day_2025-02-12,679.62,679.64,679.48,679.62,548.0,372395720.0,185382.0
AU,AU2504.XSGE,2025-02-12 14:01:00,day,2025-02-12,day_2025-02-12,679.62,679.62,679.38,679.58,406.0,275871060.0,185373.0
AU,AU2504.XSGE,2025-02-12 14:02:00,day,2025-02-12,day_2025-02-12,679.58,679.84,679.58,679.68,446.0,303161020.0,185349.0
AU,AU2504.XSGE,2025-02-12 14:03:00,day,2025-02-12,day_2025-02-12,679.68,679.7,679.54,679.64,281.0,190972380.0,185375.0
AU,AU2504.XSGE,2025-02-12 14:04:00,day,2025-02-12,day_2025-02-12,679.64,679.64,679.54,679.64,242.0,164461380.0,185394.0
AU,AU2504.XSGE,2025-02-12 14:05:00,day,2025-02-12,day_2025-02-12,679.66,679.82,679.66,679.82,309.0,210047400.0,185413.0
AU,AU2504.XSGE,2025-02-12 14:06:00,day,2025-02-12,day_2025-02-12,679.78,679.92,679.68,679.88,368.0,250178600.0,185469.0
AU,AU2504.XSGE,2025-02-12 14:07:00,day,2025-02-12,day_2025-02-12,679.9,679.94,679.72,679.82,204.0,138680580.0,185451.0
AU,AU2504.XSGE,2025-02-12 14:08:00,day,2025-02-12,day_2025-02-12,679.84,679.92,679.66,679.9,340.0,231130560.0,185395.0
AU,AU2504.XSGE,2025-02-12 14:09:00,day,2025-02-12,day_2025-02-12,679.88,679.92,679.78,679.86,190.0,129173240.0,185402.0
AU,AU2504.XSGE,2025-02-12 14:10:00,day,2025-02-12,day_2025-02-12,679.86,680.24,679.86,680.22,492.0,334608500.0,185362.0
AU,AU2504.XSGE,2025-02-12 14:11:00,day,2025-02-12,day_2025-02-12,680.24,680.64,680.22,680.48,820.0,557989280.0,185403.0
AU,AU2504.XSGE,2025-02-12 14:12:00,day,2025-02-12,day_2025-02-12,680.48,680.88,680.44,680.76,928.0,631646900.0,185388.0
AU,AU2504.XSGE,2025-02-12 14:13:00,day,2025-02-12,day_2025-02-12,680.78,680.98,680.74,680.92,849.0,578043600.0,185368.0
AU,AU2504.XSGE,2025-02-12 14:14:00,day,2025-02-12,day_2025-02-12,680.9,681.08,680.84,680.96,640.0,435825720.0,185301.0
AU,AU2504.XSGE,2025-02-12 14:15:00,day,2025-02-12,day_2025-02-12,680.98,681.12,680.88,681.02,555.0,377971580.0,185293.0
AU,AU2504.XSGE,2025-02-12 14:16:00,day,2025-02-12,day_2025-02-12,681.02,681.38,680.98,681.34,811.0,552475640.0,185392.0
AU,AU2504.XSGE,2025-02-12 14:17:00,day,2025-02-12,day_2025-02-12,681.34,681.56,681.3,681.34,747.0,509017240.0,185428.0
AU,AU2504.XSGE,2025-02-12 14:18:00,day,2025-02-12,day_2025-02-12,681.36,681.6,681.32,681.52,541.0,368668560.0,185441.0
AU,AU2504.XSGE,2025-02-12 14:19:00,day,2025-02-12,day_2025-02-12,681.5,681.52,681.18,681.22,603.0,410868920.0,185383.0
AU,AU2504.XSGE,2025-02-12 14:20:00,day,2025-02-12,day_2025-02-12,681.2,681.54,681.2,681.44,515.0,350904080.0,185362.0
AU,AU2504.XSGE,2025-02-12 14:21:00,day,2025-02-12,day_2025-02-12,681.46,681.78,681.34,681.36,947.0,645459620.0,185339.0
AU,AU2504.XSGE,2025-02-12 14:22:00,day,2025-02-12,day_2025-02-12,681.38,681.58,681.3,681.56,563.0,383652000.0,185295.0
AU,AU2504.XSGE,2025-02-12 14:23:00,day,2025-02-12,day_2025-02-12,681.58,681.58,681.32,681.32,444.0,302534080.0,185321.0
AU,AU2504.XSGE,2025-02-12 14:24:00,day,2025-02-12,day_2025-02-12,681.32,681.4,681.26,681.32,283.0,192817600.0,185339.0
AU,AU2504.XSGE,2025-02-12 14:25:00,day,2025-02-12,day_2025-02-12,681.3,681.42,681.28,681.3,253.0,172374320.0,185337.0
AU,AU2504.XSGE,2025-02-12 14:26:00,day,2025-02-12,day_2025-02-12,681.3,681.3,680.96,681.0,576.0,392332340.0,185296.0
AU,AU2504.XSGE,2025-02-12 14:27:00,day,2025-02-12,day_2025-02-12,681.02,681.08,680.8,680.88,479.0,326165980.0,185303.0
AU,AU2504.XSGE,2025-02-12 14:28:00,day,2025-02-12,day_2025-02-12,680.9,680.94,680.74,680.78,429.0,292082120.0,185253.0
AU,AU2504.XSGE,2025-02-12 14:29:00,day,2025-02-12,day_2025-02-12,680.8,681.0,680.66,680.92,438.0,298199820.0,185215.0
AU,AU2504.XSGE,2025-02-12 14:30:00,day,2025-02-12,day_2025-02-12,680.92,681.04,680.92,680.92,234.0,159349540.0,185230.0
AU,AU2504.XSGE,2025-02-12 14:31:00,day,2025-02-12,day_2025-02-12,680.92,681.04,680.7,680.82,392.0,266900580.0,185232.0
AU,AU2504.XSGE,2025-02-12 14:32:00,day,2025-02-12,day_2025-02-12,680.82,680.92,680.68,680.78,343.0,233517660.0,185140.0
AU,AU2504.XSGE,2025-02-12 14:33:00,day,2025-02-12,day_2025-02-12,680.78,681.0,680.78,680.9,308.0,209715300.0,185113.0
AU,AU2504.XSGE,2025-02-12 14:34:00,day,2025-02-12,day_2025-02-12,680.9,681.08,680.88,680.98,271.0,184546580.0,185090.0
AU,AU2504.XSGE,2025-02-12 14:35:00,day,2025-02-12,day_2025-02-12,680.98,681.0,680.9,680.92,187.0,127338420.0,185076.0
AU,AU2504.XSGE,2025-02-12 14:36:00,day,2025-02-12,day_2025-02-12,680.92,680.92,680.72,680.82,205.0,139568380.0,185062.0
AU,AU2504.XSGE,2025-02-12 14:37:00,day,2025-02-12,day_2025-02-12,680.82,681.04,680.8,680.98,178.0,121204960.0,185034.0
AU,AU2504.XSGE,2025-02-12 14:38:00,day,2025-02-12,day_2025-02-12,680.96,681.2,680.88,680.88,818.0,557097160.0,184964.0
AU,AU2504.XSGE,2025-02-12 14:39:00,day,2025-02-12,day_2025-02-12,680.9,681.04,680.58,680.64,816.0,555554560.0,184917.0
AU,AU2504.XSGE,2025-02-12 14:40:00,day,2025-02-12,day_2025-02-12,680.6,680.62,680.3,680.6,866.0,589282540.0,184803.0
AU,AU2504.XSGE,2025-02-12 14:41:00,day,2025-02-12,day_2025-02-12,680.56,680.6,680.44,680.5,288.0,195988540.0,184761.0
AU,AU2504.XSGE,2025-02-12 14:42:00,day,2025-02-12,day_2025-02-12,680.5,680.5,680.12,680.2,629.0,427900440.0,184622.0
AU,AU2504.XSGE,2025-02-12 14:43:00,day,2025-02-12,day_2025-02-12,680.2,680.34,679.96,680.04,815.0,554312220.0,184578.0
AU,AU2504.XSGE,2025-02-12 14:44:00,day,2025-02-12,day_2025-02-12,680.04,680.26,679.88,680.2,602.0,409386600.0,184485.0
AU,AU2504.XSGE,2025-02-12 14:45:00,day,2025-02-12,day_2025-02-12,680.18,680.38,680.18,680.26,324.0,220403920.0,184495.0
AU,AU2504.XSGE,2025-02-12 14:46:00,day,2025-02-12,day_2025-02-12,680.28,680.42,680.14,680.24,320.0,217687900.0,184462.0
AU,AU2504.XSGE,2025-02-12 14:47:00,day,2025-02-12,day_2025-02-12,680.2,680.38,680.18,680.18,428.0,291163740.0,184396.0
AU,AU2504.XSGE,2025-02-12 14:48:00,day,2025-02-12,day_2025-02-12,680.24,680.3,680.12,680.18,535.0,363904260.0,184374.0
AU,AU2504.XSGE,2025-02-12 14:49:00,day,2025-02-12,day_2025-02-12,680.18,680.34,680.1,680.34,338.0,229911840.0,184328.0
AU,AU2504.XSGE,2025-02-12 14:50:00,day,2025-02-12,day_2025-02-12,680.36,680.48,680.32,680.48,375.0,255151940.0,184239.0
AU,AU2504.XSGE,2025-02-12 14:51:00,day,2025-02-12,day_2025-02-12,680.48,680.82,680.48,680.76,664.0,451970020.0,184225.0
AU,AU2504.XSGE,2025-02-12 14:52:00,day,2025-02-12,day_2025-02-12,680.76,681.04,680.76,680.96,753.0,512745760.0,184229.0
AU,AU2504.XSGE,2025-02-12 14:53:00,day,2025-02-12,day_2025-02-12,680.96,681.12,680.94,681.12,345.0,234950940.0,184267.0
AU,AU2504.XSGE,2025-02-12 14:54:00,day,2025-02-12,day_2025-02-12,681.1,681.48,681.1,681.32,667.0,454460300.0,184246.0
AU,AU2504.XSGE,2025-02-12 14:55:00,day,2025-02-12,day_2025-02-12,681.3,681.42,681.14,681.14,480.0,327026140.0,184235.0
AU,AU2504.XSGE,2025-02-12 14:56:00,day,2025-02-12,day_2025-02-12,681.16,681.32,681.14,681.28,365.0,248652920.0,184228.0
AU,AU2504.XSGE,2025-02-12 14:57:00,day,2025-02-12,day_2025-02-12,681.3,681.34,681.24,681.26,355.0,241856320.0,184232.0
AU,AU2504.XSGE,2025-02-12 14:58:00,day,2025-02-12,day_2025-02-12,681.24,681.52,681.22,681.4,668.0,455167120.0,184179.0
AU,AU2504.XSGE,2025-02-12 14:59:00,day,2025-02-12,day_2025-02-12,681.4,681.44,681.26,681.28,424.0,288892360.0,184112.0
AU,AU2504.XSGE,2025-02-12 15:00:00,day,2025-02-12,day_2025-02-12,681.3,681.32,681.1,681.22,575.0,391701660.0,184048.0
AU,AU2504.XSGE,2025-02-12 21:01:00,night,2025-02-12,night_2025-02-12,679.72,679.92,679.18,679.86,2520.0,1712827640.0,184417.0
AU,AU2504.XSGE,2025-02-12 21:02:00,night,2025-02-12,night_2025-02-12,679.82,679.88,679.6,679.74,1160.0,788501340.0,184485.0
AU,AU2504.XSGE,2025-02-12 21:03:00,night,2025-02-12,night_2025-02-12,679.74,679.84,679.56,679.66,1042.0,708223840.0,184540.0
AU,AU2504.XSGE,2025-02-12 21:04:00,night,2025-02-12,night_2025-02-12,679.62,679.92,679.6,679.6,950.0,645773920.0,184834.0
AU,AU2504.XSGE,2025-02-12 21:05:00,night,2025-02-12,night_2025-02-12,679.64,679.64,679.26,679.48,1195.0,811898160.0,184904.0
AU,AU2504.XSGE,2025-02-12 21:06:00,night,2025-02-12,night_2025-02-12,679.5,679.5,679.26,679.36,839.0,569990820.0,184926.0
AU,AU2504.XSGE,2025-02-12 21:07:00,night,2025-02-12,night_2025-02-12,679.36,679.58,679.14,679.48,1003.0,681408800.0,184997.0
AU,AU2504.XSGE,2025-02-12 21:08:00,night,2025-02-12,night_2025-02-12,679.48,679.52,679.26,679.28,642.0,436158060.0,185133.0
AU,AU2504.XSGE,2025-02-12 21:09:00,night,2025-02-12,night_2025-02-12,679.28,679.48,679.06,679.42,959.0,651412760.0,185043.0
AU,AU2504.XSGE,2025-02-12 21:10:00,night,2025-02-12,night_2025-02-12,679.4,679.46,679.24,679.34,493.0,334912940.0,185051.0
AU,AU2504.XSGE,2025-02-12 21:11:00,night,2025-02-12,night_2025-02-12,679.3,679.32,678.86,679.1,1156.0,784947380.0,185079.0
AU,AU2504.XSGE,2025-02-12 21:12:00,night,2025-02-12,night_2025-02-12,679.12,679.24,678.96,679.0,728.0,494388760.0,185034.0
AU,AU2504.XSGE,2025-02-12 21:13:00,night,2025-02-12,night_2025-02-12,679.0,679.04,678.86,678.86,666.0,452174000.0,185059.0
AU,AU2504.XSGE,2025-02-12 21:14:00,night,2025-02-12,night_2025-02-12,678.86,678.86,678.34,678.46,1894.0,1285150080.0,184742.0
AU,AU2504.XSGE,2025-02-12 21:15:00,night,2025-02-12,night_2025-02-12,678.44,678.46,677.68,678.0,3154.0,2138167600.0,184864.0
AU,AU2504.XSGE,2025-02-12 21:16:00,night,2025-02-12,night_2025-02-12,677.98,678.32,677.7,678.06,1649.0,1118071800.0,184910.0
AU,AU2504.XSGE,2025-02-12 21:17:00,night,2025-02-12,night_2025-02-12,678.06,678.14,677.74,678.08,1341.0,909095980.0,185004.0
AU,AU2504.XSGE,2025-02-12 21:18:00,night,2025-02-12,night_2025-02-12,678.08,678.32,677.62,677.84,1555.0,1054169120.0,185156.0
AU,AU2504.XSGE,2025-02-12 21:19:00,night,2025-02-12,night_2025-02-12,677.86,677.9,677.44,677.64,1570.0,1063856120.0,185119.0
AU,AU2504.XSGE,2025-02-12 21:20:00,night,2025-02-12,night_2025-02-12,677.64,677.76,677.32,677.48,1540.0,1043408540.0,185117.0
AU,AU2504.XSGE,2025-02-12 21:21:00,night,2025-02-12,night_2025-02-12,677.5,677.72,677.42,677.68,1257.0,851726540.0,185153.0
AU,AU2504.XSGE,2025-02-12 21:22:00,night,2025-02-12,night_2025-02-12,677.64,677.82,677.34,677.62,1350.0,914705260.0,185200.0
AU,AU2504.XSGE,2025-02-12 21:23:00,night,2025-02-12,night_2025-02-12,677.58,677.6,677.38,677.5,1023.0,693058920.0,185289.0
AU,AU2504.XSGE,2025-02-12 21:24:00,night,2025-02-12,night_2025-02-12,677.5,677.76,677.26,677.32,1297.0,878838840.0,185373.0
AU,AU2504.XSGE,2025-02-12 21:25:00,night,2025-02-12,night_2025-02-12,677.34,678.1,677.34,678.1,1715.0,1162239220.0,185621.0
AU,AU2504.XSGE,2025-02-12 21:26:00,night,2025-02-12,night_2025-02-12,678.1,678.12,677.92,677.96,1355.0,918704340.0,185722.0
AU,AU2504.XSGE,2025-02-12 21:27:00,night,2025-02-12,night_2025-02-12,677.94,677.94,677.42,677.54,1080.0,731821380.0,185730.0
AU,AU2504.XSGE,2025-02-12 21:28:00,night,2025-02-12,night_2025-02-12,677.52,677.76,677.5,677.68,576.0,390315840.0,185824.0
AU,AU2504.XSGE,2025-02-12 21:29:00,night,2025-02-12,night_2025-02-12,677.68,677.96,677.66,677.88,842.0,570777620.0,185935.0
AU,AU2504.XSGE,2025-02-12 21:30:00,night,2025-02-12,night_2025-02-12,677.9,678.02,677.82,677.88,843.0,571493020.0,186089.0
AU,AU2504.XSGE,2025-02-12 21:31:00,night,2025-02-12,night_2025-02-12,677.88,677.88,675.5,675.72,8042.0,5437637220.0,186096.0
AU,AU2504.XSGE,2025-02-12 21:32:00,night,2025-02-12,night_2025-02-12,675.72,675.94,675.12,675.94,4126.0,2787264640.0,185943.0
AU,AU2504.XSGE,2025-02-12 21:33:00,night,2025-02-12,night_2025-02-12,676.0,676.9,676.0,676.36,4819.0,3260150060.0,185981.0
AU,AU2504.XSGE,2025-02-12 21:34:00,night,2025-02-12,night_2025-02-12,676.44,676.5,675.92,676.2,3237.0,2188696000.0,186102.0
AU,AU2504.XSGE,2025-02-12 21:35:00,night,2025-02-12,night_2025-02-12,676.24,676.44,675.74,675.76,2464.0,1665947140.0,185976.0
AU,AU2504.XSGE,2025-02-12 21:36:00,night,2025-02-12,night_2025-02-12,675.88,676.34,675.72,676.34,2507.0,1694537960.0,186011.0
AU,AU2504.XSGE,2025-02-12 21:37:00,night,2025-02-12,night_2025-02-12,676.3,676.32,675.82,675.88,2076.0,1403564280.0,186257.0
AU,AU2504.XSGE,2025-02-12 21:38:00,night,2025-02-12,night_2025-02-12,675.82,676.14,675.72,675.82,1871.0,1264652120.0,186322.0
AU,AU2504.XSGE,2025-02-12 21:39:00,night,2025-02-12,night_2025-02-12,675.84,676.72,675.8,676.56,2147.0,1452013720.0,186387.0
AU,AU2504.XSGE,2025-02-12 21:40:00,night,2025-02-12,night_2025-02-12,676.54,677.2,676.54,677.04,2385.0,1614566620.0,186300.0
AU,AU2504.XSGE,2025-02-12 21:41:00,night,2025-02-12,night_2025-02-12,677.0,677.64,676.96,677.38,2468.0,1671517120.0,186361.0
AU,AU2504.XSGE,2025-02-12 21:42:00,night,2025-02-12,night_2025-02-12,677.42,677.5,676.6,676.66,1882.0,1274208040.0,186298.0
AU,AU2504.XSGE,2025-02-12 21:43:00,night,2025-02-12,night_2025-02-12,676.66,676.92,676.3,676.46,1741.0,1177927380.0,186445.0
AU,AU2504.XSGE,2025-02-12 21:44:00,night,2025-02-12,night_2025-02-12,676.44,677.34,676.42,677.18,1890.0,1279546220.0,186455.0
AU,AU2504.XSGE,2025-02-12 21:45:00,night,2025-02-12,night_2025-02-12,677.18,677.44,677.16,677.22,1206.0,816848060.0,186427.0
AU,AU2504.XSGE,2025-02-12 21:46:00,night,2025-02-12,night_2025-02-12,677.2,677.7,677.02,677.58,2004.0,1357351480.0,186595.0
AU,AU2504.XSGE,2025-02-12 21:47:00,night,2025-02-12,night_2025-02-12,677.56,677.9,677.46,677.46,1791.0,1213837480.0,186743.0
AU,AU2504.XSGE,2025-02-12 21:48:00,night,2025-02-12,night_2025-02-12,677.44,677.92,677.44,677.88,1271.0,861392720.0,186863.0
AU,AU2504.XSGE,2025-02-12 21:49:00,night,2025-02-12,night_2025-02-12,677.86,678.3,677.8,678.26,2190.0,1485021680.0,187008.0
AU,AU2504.XSGE,2025-02-12 21:50:00,night,2025-02-12,night_2025-02-12,678.22,678.58,678.22,678.3,1718.0,1165511820.0,187149.0
AU,AU2504.XSGE,2025-02-12 21:51:00,night,2025-02-12,night_2025-02-12,678.3,678.44,677.88,678.38,2063.0,1399155300.0,187254.0
AU,AU2504.XSGE,2025-02-12 21:52:00,night,2025-02-12,night_2025-02-12,678.36,678.36,678.06,678.26,960.0,651064560.0,187275.0
AU,AU2504.XSGE,2025-02-12 21:53:00,night,2025-02-12,night_2025-02-12,678.28,678.32,677.94,678.18,1140.0,773055680.0,187292.0
AU,AU2504.XSGE,2025-02-12 21:54:00,night,2025-02-12,night_2025-02-12,678.24,678.88,678.2,678.88,1616.0,1096440560.0,187395.0
AU,AU2504.XSGE,2025-02-12 21:55:00,night,2025-02-12,night_2025-02-12,678.88,679.42,678.88,679.12,2974.0,2019927560.0,187546.0
AU,AU2504.XSGE,2025-02-12 21:56:00,night,2025-02-12,night_2025-02-12,679.1,679.36,678.94,679.26,1802.0,1223805660.0,187703.0
AU,AU2504.XSGE,2025-02-12 21:57:00,night,2025-02-12,night_2025-02-12,679.26,679.62,679.16,679.4,1906.0,1294990320.0,188178.0
AU,AU2504.XSGE,2025-02-12 21:58:00,night,2025-02-12,night_2025-02-12,679.4,679.74,679.36,679.66,1485.0,1009080840.0,188379.0
AU,AU2504.XSGE,2025-02-12 21:59:00,night,2025-02-12,night_2025-02-12,679.64,680.36,679.64,680.16,2529.0,1719928160.0,188665.0
AU,AU2504.XSGE,2025-02-12 22:00:00,night,2025-02-12,night_2025-02-12,680.18,681.26,680.18,681.04,2978.0,2027205220.0,189124.0
AU,AU2504.XSGE,2025-02-12 22:01:00,night,2025-02-12,night_2025-02-12,681.02,681.46,680.6,680.82,3859.0,2628322680.0,189402.0
AU,AU2504.XSGE,2025-02-12 22:02:00,night,2025-02-12,night_2025-02-12,680.76,681.12,680.76,681.08,1699.0,1156966580.0,189439.0
AU,AU2504.XSGE,2025-02-12 22:03:00,night,2025-02-12,night_2025-02-12,681.06,681.2,680.74,680.92,1706.0,1161729020.0,189358.0
AU,AU2504.XSGE,2025-02-12 22:04:00,night,2025-02-12,night_2025-02-12,680.94,680.98,680.68,680.86,1867.0,1271130640.0,189473.0
AU,AU2504.XSGE,2025-02-12 22:05:00,night,2025-02-12,night_2025-02-12,680.86,681.34,680.7,681.26,1472.0,1002551000.0,189542.0
AU,AU2504.XSGE,2025-02-12 22:06:00,night,2025-02-12,night_2025-02-12,681.22,681.66,681.06,681.08,2025.0,1379809180.0,189740.0
AU,AU2504.XSGE,2025-02-12 22:07:00,night,2025-02-12,night_2025-02-12,681.1,681.32,680.68,680.72,1442.0,981935400.0,189734.0
AU,AU2504.XSGE,2025-02-12 22:08:00,night,2025-02-12,night_2025-02-12,680.68,681.14,680.68,681.14,885.0,602627420.0,189789.0
AU,AU2504.XSGE,2025-02-12 22:09:00,night,2025-02-12,night_2025-02-12,681.12,681.56,681.12,681.34,1443.0,983229180.0,189684.0
AU,AU2504.XSGE,2025-02-12 22:10:00,night,2025-02-12,night_2025-02-12,681.34,681.48,681.24,681.42,814.0,554619120.0,189723.0
AU,AU2504.XSGE,2025-02-12 22:11:00,night,2025-02-12,night_2025-02-12,681.34,681.44,681.06,681.38,1042.0,709855220.0,189840.0
AU,AU2504.XSGE,2025-02-12 22:12:00,night,2025-02-12,night_2025-02-12,681.38,682.08,681.32,682.02,2469.0,1683466360.0,189856.0
AU,AU2504.XSGE,2025-02-12 22:13:00,night,2025-02-12,night_2025-02-12,682.02,682.2,681.84,681.88,1531.0,1044125220.0,189929.0
AU,AU2504.XSGE,2025-02-12 22:14:00,night,2025-02-12,night_2025-02-12,681.9,682.12,681.58,682.02,1392.0,949101480.0,189841.0
AU,AU2504.XSGE,2025-02-12 22:15:00,night,2025-02-12,night_2025-02-12,682.0,682.68,681.96,682.54,2425.0,1654601220.0,189863.0
AU,AU2504.XSGE,2025-02-12 22:16:00,night,2025-02-12,night_2025-02-12,682.52,682.74,682.28,682.36,1818.0,1240849260.0,189949.0
AU,AU2504.XSGE,2025-02-12 22:17:00,night,2025-02-12,night_2025-02-12,682.36,682.54,682.3,682.44,1142.0,779296620.0,190004.0
AU,AU2504.XSGE,2025-02-12 22:18:00,night,2025-02-12,night_2025-02-12,682.44,682.78,682.22,682.64,1243.0,848244040.0,189948.0
AU,AU2504.XSGE,2025-02-12 22:19:00,night,2025-02-12,night_2025-02-12,682.64,682.8,682.4,682.48,1130.0,771340560.0,189909.0
AU,AU2504.XSGE,2025-02-12 22:20:00,night,2025-02-12,night_2025-02-12,682.46,682.66,682.4,682.42,732.0,499618860.0,189840.0
AU,AU2504.XSGE,2025-02-12 22:21:00,night,2025-02-12,night_2025-02-12,682.42,682.42,682.0,682.0,1736.0,1184210240.0,189572.0
AU,AU2504.XSGE,2025-02-12 22:22:00,night,2025-02-12,night_2025-02-12,682.04,682.12,681.8,681.82,1144.0,780174420.0,189354.0
AU,AU2504.XSGE,2025-02-12 22:23:00,night,2025-02-12,night_2025-02-12,681.8,682.14,681.52,682.0,1826.0,1245012640.0,189382.0
AU,AU2504.XSGE,2025-02-12 22:24:00,night,2025-02-12,night_2025-02-12,682.04,682.24,681.9,682.0,997.0,680071280.0,189387.0
AU,AU2504.XSGE,2025-02-12 22:25:00,night,2025-02-12,night_2025-02-12,682.08,682.08,681.78,681.78,562.0,383235340.0,189349.0
AU,AU2504.XSGE,2025-02-12 22:26:00,night,2025-02-12,night_2025-02-12,681.78,682.12,681.66,682.12,990.0,675052920.0,189320.0
AU,AU2504.XSGE,2025-02-12 22:27:00,night,2025-02-12,night_2025-02-12,682.16,682.62,682.1,682.6,1234.0,842035840.0,189253.0
AU,AU2504.XSGE,2025-02-12 22:28:00,night,2025-02-12,night_2025-02-12,682.6,682.76,682.5,682.76,1123.0,766579120.0,189282.0
AU,AU2504.XSGE,2025-02-12 22:29:00,night,2025-02-12,night_2025-02-12,682.8,682.88,682.46,682.54,1251.0,853957440.0,189182.0
AU,AU2504.XSGE,2025-02-12 22:30:00,night,2025-02-12,night_2025-02-12,682.56,682.76,682.5,682.7,908.0,619852400.0,189310.0
AU,AU2504.XSGE,2025-02-12 22:31:00,night,2025-02-12,night_2025-02-12,682.72,682.8,682.54,682.74,1028.0,701757580.0,189303.0
AU,AU2504.XSGE,2025-02-12 22:32:00,night,2025-02-12,night_2025-02-12,682.7,682.92,682.68,682.78,774.0,528489700.0,189366.0
AU,AU2504.XSGE,2025-02-12 22:33:00,night,2025-02-12,night_2025-02-12,682.84,683.12,682.64,682.94,1374.0,938289920.0,189362.0
AU,AU2504.XSGE,2025-02-12 22:34:00,night,2025-02-12,night_2025-02-12,682.96,683.04,682.76,683.0,992.0,677479540.0,189429.0
AU,AU2504.XSGE,2025-02-12 22:35:00,night,2025-02-12,night_2025-02-12,683.04,683.5,683.02,683.46,1515.0,1035187720.0,189583.0
AU,AU2504.XSGE,2025-02-12 22:36:00,night,2025-02-12,night_2025-02-12,683.46,683.58,683.22,683.28,1106.0,755783280.0,189709.0
AU,AU2504.XSGE,2025-02-12 22:37:00,night,2025-02-12,night_2025-02-12,683.28,683.42,682.82,682.96,1282.0,875724640.0,189538.0
AU,AU2504.XSGE,2025-02-12 22:38:00,night,2025-02-12,night_2025-02-12,682.94,683.06,682.74,683.0,922.0,629643360.0,189539.0
AU,AU2504.XSGE,2025-02-12 22:39:00,night,2025-02-12,night_2025-02-12,683.02,683.24,683.02,683.18,898.0,613478120.0,189436.0
AU,AU2504.XSGE,2025-02-12 22:40:00,night,2025-02-12,night_2025-02-12,683.18,683.2,682.96,682.98,420.0,286887180.0,189451.0
AU,AU2504.XSGE,2025-02-12 22:41:00,night,2025-02-12,night_2025-02-12,683.0,683.0,682.64,682.86,1019.0,695753460.0,189277.0
AU,AU2504.XSGE,2025-02-12 22:42:00,night,2025-02-12,night_2025-02-12,682.88,682.9,682.66,682.76,671.0,458145480.0,189320.0
AU,AU2504.XSGE,2025-02-12 22:43:00,night,2025-02-12,night_2025-02-12,682.74,682.82,682.46,682.54,1023.0,698267780.0,189128.0
AU,AU2504.XSGE,2025-02-12 22:44:00,night,2025-02-12,night_2025-02-12,682.54,682.62,682.5,682.5,440.0,300330300.0,189128.0
AU,AU2504.XSGE,2025-02-12 22:45:00,night,2025-02-12,night_2025-02-12,682.5,682.62,682.3,682.46,1217.0,830529800.0,188921.0
AU,AU2504.XSGE,2025-02-12 22:46:00,night,2025-02-12,night_2025-02-12,682.42,682.92,682.42,682.82,846.0,577650720.0,188929.0
AU,AU2504.XSGE,2025-02-12 22:47:00,night,2025-02-12,night_2025-02-12,682.82,682.82,682.68,682.74,355.0,242378880.0,188879.0
AU,AU2504.XSGE,2025-02-12 22:48:00,night,2025-02-12,night_2025-02-12,682.72,682.74,682.48,682.56,705.0,481235260.0,188762.0
AU,AU2504.XSGE,2025-02-12 22:49:00,night,2025-02-12,night_2025-02-12,682.52,682.8,682.52,682.64,421.0,287406240.0,188785.0
AU,AU2504.XSGE,2025-02-12 22:50:00,night,2025-02-12,night_2025-02-12,682.66,682.68,682.2,682.26,801.0,546581720.0,188611.0
AU,AU2504.XSGE,2025-02-12 22:51:00,night,2025-02-12,night_2025-02-12,682.26,682.26,681.9,682.04,1763.0,1202371060.0,188366.0
AU,AU2504.XSGE,2025-02-12 22:52:00,night,2025-02-12,night_2025-02-12,682.04,682.22,681.84,682.1,971.0,662264980.0,188406.0
AU,AU2504.XSGE,2025-02-12 22:53:00,night,2025-02-12,night_2025-02-12,682.1,682.22,682.04,682.04,542.0,369730060.0,188487.0
AU,AU2504.XSGE,2025-02-12 22:54:00,night,2025-02-12,night_2025-02-12,682.04,682.42,681.98,682.14,732.0,499390020.0,188394.0
AU,AU2504.XSGE,2025-02-12 22:55:00,night,2025-02-12,night_2025-02-12,682.12,682.18,681.92,681.92,408.0,278279260.0,188358.0
AU,AU2504.XSGE,2025-02-12 22:56:00,night,2025-02-12,night_2025-02-12,681.94,682.1,681.7,682.1,908.0,619195020.0,188371.0
AU,AU2504.XSGE,2025-02-12 22:57:00,night,2025-02-12,night_2025-02-12,682.12,682.3,682.04,682.3,591.0,403186320.0,188314.0
AU,AU2504.XSGE,2025-02-12 22:58:00,night,2025-02-12,night_2025-02-12,682.28,682.66,682.28,682.52,910.0,621107880.0,188163.0
AU,AU2504.XSGE,2025-02-12 22:59:00,night,2025-02-12,night_2025-02-12,682.5,682.78,682.44,682.72,623.0,425267880.0,188074.0
AU,AU2504.XSGE,2025-02-12 23:00:00,night,2025-02-12,night_2025-02-12,682.68,682.7,682.48,682.56,356.0,243001800.0,188055.0
AU,AU2504.XSGE,2025-02-12 23:01:00,night,2025-02-12,night_2025-02-12,682.6,682.64,682.26,682.3,563.0,384226840.0,188050.0
AU,AU2504.XSGE,2025-02-12 23:02:00,night,2025-02-12,night_2025-02-12,682.32,682.38,682.02,682.1,569.0,388170400.0,188005.0
AU,AU2504.XSGE,2025-02-12 23:03:00,night,2025-02-12,night_2025-02-12,682.1,682.22,682.0,682.06,473.0,322635680.0,188073.0
AU,AU2504.XSGE,2025-02-12 23:04:00,night,2025-02-12,night_2025-02-12,682.08,682.16,681.86,681.86,571.0,389421360.0,188139.0
AU,AU2504.XSGE,2025-02-12 23:05:00,night,2025-02-12,night_2025-02-12,681.84,681.92,681.56,681.56,1027.0,700123000.0,188247.0
AU,AU2504.XSGE,2025-02-12 23:06:00,night,2025-02-12,night_2025-02-12,681.56,681.68,681.28,681.6,1398.0,952633500.0,188254.0
AU,AU2504.XSGE,2025-02-12 23:07:00,night,2025-02-12,night_2025-02-12,681.56,681.92,681.48,681.9,1018.0,693970100.0,188218.0
AU,AU2504.XSGE,2025-02-12 23:08:00,night,2025-02-12,night_2025-02-12,681.9,681.94,681.72,681.76,569.0,387953480.0,188124.0
AU,AU2504.XSGE,2025-02-12 23:09:00,night,2025-02-12,night_2025-02-12,681.76,681.82,681.52,681.6,583.0,397427600.0,188114.0
AU,AU2504.XSGE,2025-02-12 23:10:00,night,2025-02-12,night_2025-02-12,681.6,681.64,681.32,681.38,801.0,545810460.0,188123.0
AU,AU2504.XSGE,2025-02-12 23:11:00,night,2025-02-12,night_2025-02-12,681.4,681.4,681.12,681.26,1012.0,689412660.0,188194.0
AU,AU2504.XSGE,2025-02-12 23:12:00,night,2025-02-12,night_2025-02-12,681.28,681.42,681.22,681.34,607.0,413574460.0,188245.0
AU,AU2504.XSGE,2025-02-12 23:13:00,night,2025-02-12,night_2025-02-12,681.36,681.4,681.16,681.32,631.0,429878680.0,188340.0
AU,AU2504.XSGE,2025-02-12 23:14:00,night,2025-02-12,night_2025-02-12,681.36,681.36,681.18,681.28,554.0,377403960.0,188190.0
AU,AU2504.XSGE,2025-02-12 23:15:00,night,2025-02-12,night_2025-02-12,681.28,681.7,681.28,681.58,1179.0,803572440.0,188176.0
AU,AU2504.XSGE,2025-02-12 23:16:00,night,2025-02-12,night_2025-02-12,681.6,681.66,681.32,681.4,634.0,432074500.0,188228.0
AU,AU2504.XSGE,2025-02-12 23:17:00,night,2025-02-12,night_2025-02-12,681.46,681.6,681.44,681.52,249.0,169700500.0,188247.0
AU,AU2504.XSGE,2025-02-12 23:18:00,night,2025-02-12,night_2025-02-12,681.46,681.6,681.36,681.52,276.0,188088480.0,188261.0
AU,AU2504.XSGE,2025-02-12 23:19:00,night,2025-02-12,night_2025-02-12,681.56,681.66,681.44,681.6,545.0,371450640.0,188231.0
AU,AU2504.XSGE,2025-02-12 23:20:00,night,2025-02-12,night_2025-02-12,681.6,681.62,681.5,681.5,396.0,269900160.0,188248.0
AU,AU2504.XSGE,2025-02-12 23:21:00,night,2025-02-12,night_2025-02-12,681.48,681.58,681.48,681.56,214.0,145847420.0,188239.0
AU,AU2504.XSGE,2025-02-12 23:22:00,night,2025-02-12,night_2025-02-12,681.56,681.7,681.54,681.66,501.0,341488300.0,188234.0
AU,AU2504.XSGE,2025-02-12 23:23:00,night,2025-02-12,night_2025-02-12,681.64,682.04,681.62,681.98,1097.0,748007700.0,188162.0
AU,AU2504.XSGE,2025-02-12 23:24:00,night,2025-02-12,night_2025-02-12,681.98,682.06,681.88,681.92,474.0,323249020.0,188137.0
AU,AU2504.XSGE,2025-02-12 23:25:00,night,2025-02-12,night_2025-02-12,681.96,682.28,681.94,682.28,901.0,614569600.0,188144.0
AU,AU2504.XSGE,2025-02-12 23:26:00,night,2025-02-12,night_2025-02-12,682.26,682.26,682.02,682.1,481.0,328126580.0,188150.0
AU,AU2504.XSGE,2025-02-12 23:27:00,night,2025-02-12,night_2025-02-12,682.08,682.1,681.88,681.92,420.0,286431260.0,188170.0
AU,AU2504.XSGE,2025-02-12 23:28:00,night,2025-02-12,night_2025-02-12,681.92,682.02,681.92,681.98,242.0,165039340.0,188178.0
AU,AU2504.XSGE,2025-02-12 23:29:00,night,2025-02-12,night_2025-02-12,681.94,682.16,681.92,681.94,296.0,201884120.0,188191.0
AU,AU2504.XSGE,2025-02-12 23:30:00,night,2025-02-12,night_2025-02-12,681.92,681.98,681.76,681.82,452.0,308196100.0,188136.0
AU,AU2504.XSGE,2025-02-12 23:31:00,night,2025-02-12,night_2025-02-12,681.82,682.1,681.78,681.98,396.0,270059520.0,188057.0
AU,AU2504.XSGE,2025-02-12 23:32:00,night,2025-02-12,night_2025-02-12,681.96,682.44,681.96,682.3,701.0,478242300.0,188069.0
AU,AU2504.XSGE,2025-02-12 23:33:00,night,2025-02-12,night_2025-02-12,682.3,682.34,682.18,682.18,357.0,243564760.0,188074.0
AU,AU2504.XSGE,2025-02-12 23:34:00,night,2025-02-12,night_2025-02-12,682.2,682.22,682.14,682.18,205.0,139847740.0,188115.0
AU,AU2504.XSGE,2025-02-12 23:35:00,night,2025-02-12,night_2025-02-12,682.16,682.32,682.16,682.26,278.0,189665840.0,188135.0
AU,AU2504.XSGE,2025-02-12 23:36:00,night,2025-02-12,night_2025-02-12,682.24,682.4,682.22,682.36,277.0,189009200.0,188141.0
AU,AU2504.XSGE,2025-02-12 23:37:00,night,2025-02-12,night_2025-02-12,682.36,682.38,682.08,682.18,350.0,238769340.0,188134.0
AU,AU2504.XSGE,2025-02-12 23:38:00,night,2025-02-12,night_2025-02-12,682.18,682.3,682.08,682.14,259.0,176684840.0,188133.0
AU,AU2504.XSGE,2025-02-12 23:39:00,night,2025-02-12,night_2025-02-12,682.18,682.32,682.14,682.22,347.0,236737540.0,188130.0
AU,AU2504.XSGE,2025-02-12 23:40:00,night,2025-02-12,night_2025-02-12,682.2,682.3,682.16,682.16,151.0,103014460.0,188140.0
AU,AU2504.XSGE,2025-02-12 23:41:00,night,2025-02-12,night_2025-02-12,682.18,682.28,681.9,681.94,431.0,293993840.0,188111.0
AU,AU2504.XSGE,2025-02-12 23:42:00,night,2025-02-12,night_2025-02-12,681.94,682.02,681.9,681.94,251.0,171170020.0,188090.0
AU,AU2504.XSGE,2025-02-12 23:43:00,night,2025-02-12,night_2025-02-12,681.94,682.26,681.86,682.22,363.0,247570380.0,188060.0
AU,AU2504.XSGE,2025-02-12 23:44:00,night,2025-02-12,night_2025-02-12,682.22,682.3,682.16,682.18,386.0,263340400.0,188029.0
AU,AU2504.XSGE,2025-02-12 23:45:00,night,2025-02-12,night_2025-02-12,682.2,682.28,682.18,682.26,229.0,156230760.0,188038.0
AU,AU2504.XSGE,2025-02-12 23:46:00,night,2025-02-12,night_2025-02-12,682.28,682.3,682.14,682.16,289.0,197165640.0,188020.0
AU,AU2504.XSGE,2025-02-12 23:47:00,night,2025-02-12,night_2025-02-12,682.14,682.2,682.06,682.16,167.0,113914260.0,188006.0
AU,AU2504.XSGE,2025-02-12 23:48:00,night,2025-02-12,night_2025-02-12,682.16,682.28,682.1,682.14,248.0,169188100.0,187991.0
AU,AU2504.XSGE,2025-02-12 23:49:00,night,2025-02-12,night_2025-02-12,682.16,682.24,682.1,682.2,170.0,115969080.0,187971.0
AU,AU2504.XSGE,2025-02-12 23:50:00,night,2025-02-12,night_2025-02-12,682.18,682.28,682.12,682.16,262.0,178738980.0,187970.0
AU,AU2504.XSGE,2025-02-12 23:51:00,night,2025-02-12,night_2025-02-12,682.16,682.26,682.16,682.22,152.0,103695040.0,187973.0
AU,AU2504.XSGE,2025-02-12 23:52:00,night,2025-02-12,night_2025-02-12,682.2,682.22,681.88,681.88,424.0,289197220.0,187894.0
AU,AU2504.XSGE,2025-02-12 23:53:00,night,2025-02-12,night_2025-02-12,681.92,682.18,681.92,682.08,273.0,186201820.0,187885.0
AU,AU2504.XSGE,2025-02-12 23:54:00,night,2025-02-12,night_2025-02-12,682.1,682.18,682.02,682.16,145.0,98903300.0,187889.0
AU,AU2504.XSGE,2025-02-12 23:55:00,night,2025-02-12,night_2025-02-12,682.14,682.34,682.14,682.34,482.0,328863940.0,187914.0
AU,AU2504.XSGE,2025-02-12 23:56:00,night,2025-02-12,night_2025-02-12,682.34,682.58,682.32,682.48,638.0,435400140.0,187907.0
AU,AU2504.XSGE,2025-02-12 23:57:00,night,2025-02-12,night_2025-02-12,682.48,682.6,682.42,682.58,384.0,262093320.0,187908.0
AU,AU2504.XSGE,2025-02-12 23:58:00,night,2025-02-12,night_2025-02-12,682.58,682.7,682.54,682.54,344.0,234818320.0,187923.0
AU,AU2504.XSGE,2025-02-12 23:59:00,night,2025-02-12,night_2025-02-12,682.54,682.56,682.4,682.46,267.0,182218120.0,187907.0
AU,AU2504.XSGE,2025-02-13 00:00:00,night,2025-02-12,night_2025-02-12,682.46,682.46,682.32,682.44,253.0,172647520.0,187886.0
AU,AU2504.XSGE,2025-02-13 00:01:00,night,2025-02-12,night_2025-02-12,682.4,682.66,682.38,682.66,231.0,157654320.0,187919.0
AU,AU2504.XSGE,2025-02-13 00:02:00,night,2025-02-12,night_2025-02-12,682.64,682.76,682.6,682.76,513.0,350220860.0,187935.0
AU,AU2504.XSGE,2025-02-13 00:03:00,night,2025-02-12,night_2025-02-12,682.76,682.82,682.6,682.64,424.0,289466600.0,187998.0
AU,AU2504.XSGE,2025-02-13 00:04:00,night,2025-02-12,night_2025-02-12,682.64,682.72,682.5,682.5,244.0,166560260.0,188023.0
AU,AU2504.XSGE,2025-02-13 00:05:00,night,2025-02-12,night_2025-02-12,682.5,682.56,682.26,682.32,375.0,255908720.0,188011.0
AU,AU2504.XSGE,2025-02-13 00:06:00,night,2025-02-12,night_2025-02-12,682.32,682.38,682.18,682.2,298.0,203326260.0,187974.0
AU,AU2504.XSGE,2025-02-13 00:07:00,night,2025-02-12,night_2025-02-12,682.22,682.44,682.14,682.28,368.0,251086260.0,187945.0
AU,AU2504.XSGE,2025-02-13 00:08:00,night,2025-02-12,night_2025-02-12,682.32,682.42,682.22,682.26,213.0,145336120.0,187933.0
AU,AU2504.XSGE,2025-02-13 00:09:00,night,2025-02-12,night_2025-02-12,682.26,682.48,682.26,682.42,216.0,147395100.0,187930.0
AU,AU2504.XSGE,2025-02-13 00:10:00,night,2025-02-12,night_2025-02-12,682.4,682.4,682.3,682.4,99.0,67554340.0,187939.0
AU,AU2504.XSGE,2025-02-13 00:11:00,night,2025-02-12,night_2025-02-12,682.38,682.56,682.32,682.5,298.0,203374100.0,187946.0
AU,AU2504.XSGE,2025-02-13 00:12:00,night,2025-02-12,night_2025-02-12,682.52,682.54,682.26,682.34,273.0,186286880.0,187925.0
AU,AU2504.XSGE,2025-02-13 00:13:00,night,2025-02-12,night_2025-02-12,682.36,682.36,681.86,682.22,757.0,516324400.0,187873.0
AU,AU2504.XSGE,2025-02-13 00:14:00,night,2025-02-12,night_2025-02-12,682.18,682.24,682.12,682.18,200.0,136437960.0,187881.0
AU,AU2504.XSGE,2025-02-13 00:15:00,night,2025-02-12,night_2025-02-12,682.18,682.18,681.96,682.14,282.0,192345880.0,187873.0
AU,AU2504.XSGE,2025-02-13 00:16:00,night,2025-02-12,night_2025-02-12,682.12,682.24,682.04,682.06,204.0,139155440.0,187853.0
AU,AU2504.XSGE,2025-02-13 00:17:00,night,2025-02-12,night_2025-02-12,682.08,682.16,681.88,681.92,241.0,164365820.0,187868.0
AU,AU2504.XSGE,2025-02-13 00:18:00,night,2025-02-12,night_2025-02-12,681.94,682.14,681.9,682.02,329.0,224380160.0,187875.0
AU,AU2504.XSGE,2025-02-13 00:19:00,night,2025-02-12,night_2025-02-12,682.04,682.2,682.04,682.1,236.0,160977000.0,187871.0
AU,AU2504.XSGE,2025-02-13 00:20:00,night,2025-02-12,night_2025-02-12,682.1,682.2,682.02,682.1,214.0,145977440.0,187861.0
AU,AU2504.XSGE,2025-02-13 00:21:00,night,2025-02-12,night_2025-02-12,682.08,682.18,682.0,682.18,166.0,113225520.0,187836.0
AU,AU2504.XSGE,2025-02-13 00:22:00,night,2025-02-12,night_2025-02-12,682.18,682.24,682.12,682.16,182.0,124158020.0,187837.0
AU,AU2504.XSGE,2025-02-13 00:23:00,night,2025-02-12,night_2025-02-12,682.16,682.22,682.1,682.1,136.0,92772640.0,187828.0
AU,AU2504.XSGE,2025-02-13 00:24:00,night,2025-02-12,night_2025-02-12,682.08,682.16,682.0,682.02,173.0,117998180.0,187834.0
AU,AU2504.XSGE,2025-02-13 00:25:00,night,2025-02-12,night_2025-02-12,682.02,682.12,681.86,682.1,341.0,232546720.0,187833.0
AU,AU2504.XSGE,2025-02-13 00:26:00,night,2025-02-12,night_2025-02-12,682.1,682.18,682.08,682.12,195.0,133017740.0,187808.0
AU,AU2504.XSGE,2025-02-13 00:27:00,night,2025-02-12,night_2025-02-12,682.14,682.16,682.04,682.1,148.0,100950580.0,187776.0
AU,AU2504.XSGE,2025-02-13 00:28:00,night,2025-02-12,night_2025-02-12,682.06,682.08,681.96,682.0,161.0,109804740.0,187763.0
AU,AU2504.XSGE,2025-02-13 00:29:00,night,2025-02-12,night_2025-02-12,682.02,682.14,681.98,682.08,133.0,90712640.0,187764.0
AU,AU2504.XSGE,2025-02-13 00:30:00,night,2025-02-12,night_2025-02-12,682.08,682.08,681.98,682.06,128.0,87301240.0,187743.0
AU,AU2504.XSGE,2025-02-13 00:31:00,night,2025-02-12,night_2025-02-12,682.06,682.16,681.98,682.14,164.0,111861420.0,187746.0
AU,AU2504.XSGE,2025-02-13 00:32:00,night,2025-02-12,night_2025-02-12,682.14,682.38,682.1,682.36,367.0,250397040.0,187730.0
AU,AU2504.XSGE,2025-02-13 00:33:00,night,2025-02-12,night_2025-02-12,682.34,682.38,682.24,682.24,261.0,178080980.0,187713.0
AU,AU2504.XSGE,2025-02-13 00:34:00,night,2025-02-12,night_2025-02-12,682.26,682.36,682.14,682.2,184.0,125534860.0,187685.0
AU,AU2504.XSGE,2025-02-13 00:35:00,night,2025-02-12,night_2025-02-12,682.22,682.24,681.94,682.0,416.0,283724280.0,187610.0
AU,AU2504.XSGE,2025-02-13 00:36:00,night,2025-02-12,night_2025-02-12,682.02,682.3,681.98,682.24,343.0,233991400.0,187589.0
AU,AU2504.XSGE,2025-02-13 00:37:00,night,2025-02-12,night_2025-02-12,682.26,682.3,682.2,682.28,240.0,163743840.0,187647.0
AU,AU2504.XSGE,2025-02-13 00:38:00,night,2025-02-12,night_2025-02-12,682.26,682.48,682.26,682.46,409.0,279099880.0,187608.0
AU,AU2504.XSGE,2025-02-13 00:39:00,night,2025-02-12,night_2025-02-12,682.46,682.46,682.36,682.38,206.0,140580540.0,187590.0
AU,AU2504.XSGE,2025-02-13 00:40:00,night,2025-02-12,night_2025-02-12,682.38,682.44,682.36,682.44,111.0,75746720.0,187592.0
AU,AU2504.XSGE,2025-02-13 00:41:00,night,2025-02-12,night_2025-02-12,682.44,682.46,682.36,682.4,133.0,90760460.0,187591.0
AU,AU2504.XSGE,2025-02-13 00:42:00,night,2025-02-12,night_2025-02-12,682.4,682.4,682.22,682.28,165.0,112580220.0,187592.0
AU,AU2504.XSGE,2025-02-13 00:43:00,night,2025-02-12,night_2025-02-12,682.28,682.44,682.26,682.4,85.0,58001100.0,187574.0
AU,AU2504.XSGE,2025-02-13 00:44:00,night,2025-02-12,night_2025-02-12,682.38,682.46,682.34,682.42,116.0,79158220.0,187577.0
AU,AU2504.XSGE,2025-02-13 00:45:00,night,2025-02-12,night_2025-02-12,682.42,682.62,682.42,682.6,322.0,219769620.0,187574.0
AU,AU2504.XSGE,2025-02-13 00:46:00,night,2025-02-12,night_2025-02-12,682.6,682.62,682.48,682.52,136.0,92823880.0,187583.0
AU,AU2504.XSGE,2025-02-13 00:47:00,night,2025-02-12,night_2025-02-12,682.52,682.6,682.52,682.6,102.0,69619840.0,187576.0
AU,AU2504.XSGE,2025-02-13 00:48:00,night,2025-02-12,night_2025-02-12,682.6,682.66,682.56,682.66,173.0,118090300.0,187560.0
AU,AU2504.XSGE,2025-02-13 00:49:00,night,2025-02-12,night_2025-02-12,682.68,682.98,682.66,682.98,551.0,376244920.0,187527.0
AU,AU2504.XSGE,2025-02-13 00:50:00,night,2025-02-12,night_2025-02-12,683.0,683.22,682.98,683.14,751.0,513014360.0,187599.0
AU,AU2504.XSGE,2025-02-13 00:51:00,night,2025-02-12,night_2025-02-12,683.14,683.22,683.14,683.18,249.0,170109160.0,187626.0
AU,AU2504.XSGE,2025-02-13 00:52:00,night,2025-02-12,night_2025-02-12,683.18,683.24,683.14,683.18,248.0,169428260.0,187641.0
AU,AU2504.XSGE,2025-02-13 00:53:00,night,2025-02-12,night_2025-02-12,683.18,683.4,683.16,683.34,314.0,214563840.0,187665.0
AU,AU2504.XSGE,2025-02-13 00:54:00,night,2025-02-12,night_2025-02-12,683.34,683.6,683.32,683.56,674.0,460655160.0,187706.0
AU,AU2504.XSGE,2025-02-13 00:55:00,night,2025-02-12,night_2025-02-12,683.52,683.8,683.5,683.62,533.0,364371460.0,187834.0
AU,AU2504.XSGE,2025-02-13 00:56:00,night,2025-02-12,night_2025-02-12,683.6,683.88,683.54,683.78,628.0,429383320.0,187892.0
AU,AU2504.XSGE,2025-02-13 00:57:00,night,2025-02-12,night_2025-02-12,683.76,684.16,683.76,684.16,781.0,534200380.0,188113.0
AU,AU2504.XSGE,2025-02-13 00:58:00,night,2025-02-12,night_2025-02-12,684.18,684.2,683.7,683.74,899.0,614844220.0,188141.0
AU,AU2504.XSGE,2025-02-13 00:59:00,night,2025-02-12,night_2025-02-12,683.74,683.92,683.58,683.62,461.0,315212060.0,188187.0
AU,AU2504.XSGE,2025-02-13 01:00:00,night,2025-02-12,night_2025-02-12,683.64,683.7,683.56,683.62,306.0,209193920.0,188199.0
AU,AU2504.XSGE,2025-02-13 01:01:00,night,2025-02-12,night_2025-02-12,683.64,683.98,683.64,683.92,397.0,271487440.0,188225.0
AU,AU2504.XSGE,2025-02-13 01:02:00,night,2025-02-12,night_2025-02-12,683.9,683.98,683.76,683.78,210.0,143615860.0,188216.0
AU,AU2504.XSGE,2025-02-13 01:03:00,night,2025-02-12,night_2025-02-12,683.78,683.98,683.74,683.84,273.0,186691580.0,188244.0
AU,AU2504.XSGE,2025-02-13 01:04:00,night,2025-02-12,night_2025-02-12,683.84,683.84,683.54,683.66,344.0,235177140.0,188238.0
AU,AU2504.XSGE,2025-02-13 01:05:00,night,2025-02-12,night_2025-02-12,683.7,683.72,683.52,683.56,331.0,226263920.0,188205.0
AU,AU2504.XSGE,2025-02-13 01:06:00,night,2025-02-12,night_2025-02-12,683.58,683.62,683.46,683.6,309.0,211215480.0,188118.0
AU,AU2504.XSGE,2025-02-13 01:07:00,night,2025-02-12,night_2025-02-12,683.58,683.6,683.48,683.54,246.0,168153500.0,188115.0
AU,AU2504.XSGE,2025-02-13 01:08:00,night,2025-02-12,night_2025-02-12,683.56,683.74,683.56,683.64,247.0,168868320.0,188088.0
AU,AU2504.XSGE,2025-02-13 01:09:00,night,2025-02-12,night_2025-02-12,683.66,683.88,683.64,683.8,255.0,174364640.0,188093.0
AU,AU2504.XSGE,2025-02-13 01:10:00,night,2025-02-12,night_2025-02-12,683.76,683.88,683.68,683.86,221.0,151110380.0,188103.0
AU,AU2504.XSGE,2025-02-13 01:11:00,night,2025-02-12,night_2025-02-12,683.86,684.06,683.82,683.98,418.0,285902420.0,188071.0
AU,AU2504.XSGE,2025-02-13 01:12:00,night,2025-02-12,night_2025-02-12,684.0,684.06,683.98,684.06,166.0,113547520.0,188084.0
AU,AU2504.XSGE,2025-02-13 01:13:00,night,2025-02-12,night_2025-02-12,684.06,684.14,683.9,683.9,289.0,197671860.0,188128.0
AU,AU2504.XSGE,2025-02-13 01:14:00,night,2025-02-12,night_2025-02-12,683.94,684.1,683.94,684.0,421.0,287967600.0,188063.0
AU,AU2504.XSGE,2025-02-13 01:15:00,night,2025-02-12,night_2025-02-12,684.0,684.58,683.98,684.46,869.0,594644920.0,187973.0
AU,AU2504.XSGE,2025-02-13 01:16:00,night,2025-02-12,night_2025-02-12,684.42,684.52,684.14,684.14,647.0,442749640.0,187998.0
AU,AU2504.XSGE,2025-02-13 01:17:00,night,2025-02-12,night_2025-02-12,684.14,684.24,683.88,683.9,757.0,517824780.0,188153.0
AU,AU2504.XSGE,2025-02-13 01:18:00,night,2025-02-12,night_2025-02-12,683.9,683.9,683.7,683.7,493.0,337116600.0,188213.0
AU,AU2504.XSGE,2025-02-13 01:19:00,night,2025-02-12,night_2025-02-12,683.72,683.86,683.42,683.52,610.0,417010920.0,188195.0
AU,AU2504.XSGE,2025-02-13 01:20:00,night,2025-02-12,night_2025-02-12,683.54,683.8,683.42,683.64,491.0,335639760.0,188147.0
AU,AU2504.XSGE,2025-02-13 01:21:00,night,2025-02-12,night_2025-02-12,683.62,683.78,683.62,683.74,250.0,170922380.0,188176.0
AU,AU2504.XSGE,2025-02-13 01:22:00,night,2025-02-12,night_2025-02-12,683.74,683.78,683.66,683.7,210.0,143582960.0,188161.0
AU,AU2504.XSGE,2025-02-13 01:23:00,night,2025-02-12,night_2025-02-12,683.74,683.98,683.74,683.78,294.0,201055180.0,188131.0
AU,AU2504.XSGE,2025-02-13 01:24:00,night,2025-02-12,night_2025-02-12,683.78,683.8,683.64,683.7,205.0,140158540.0,188136.0
AU,AU2504.XSGE,2025-02-13 01:25:00,night,2025-02-12,night_2025-02-12,683.68,683.76,683.68,683.7,95.0,64952900.0,188144.0
AU,AU2504.XSGE,2025-02-13 01:26:00,night,2025-02-12,night_2025-02-12,683.68,683.92,683.64,683.92,270.0,184623240.0,188112.0
AU,AU2504.XSGE,2025-02-13 01:27:00,night,2025-02-12,night_2025-02-12,683.9,683.92,683.62,683.64,266.0,181884000.0,188094.0
AU,AU2504.XSGE,2025-02-13 01:28:00,night,2025-02-12,night_2025-02-12,683.66,683.78,683.66,683.74,98.0,67004360.0,188068.0
AU,AU2504.XSGE,2025-02-13 01:29:00,night,2025-02-12,night_2025-02-12,683.78,683.86,683.78,683.84,156.0,106674900.0,188074.0
AU,AU2504.XSGE,2025-02-13 01:30:00,night,2025-02-12,night_2025-02-12,683.84,683.84,683.7,683.78,126.0,86156580.0,188066.0
AU,AU2504.XSGE,2025-02-13 01:31:00,night,2025-02-12,night_2025-02-12,683.78,683.8,683.66,683.68,188.0,128536820.0,188034.0
AU,AU2504.XSGE,2025-02-13 01:32:00,night,2025-02-12,night_2025-02-12,683.66,683.84,683.66,683.76,163.0,111451800.0,188012.0
AU,AU2504.XSGE,2025-02-13 01:33:00,night,2025-02-12,night_2025-02-12,683.74,683.82,683.7,683.7,108.0,73845960.0,188006.0
AU,AU2504.XSGE,2025-02-13 01:34:00,night,2025-02-12,night_2025-02-12,683.74,684.06,683.72,684.0,291.0,199008620.0,187992.0
AU,AU2504.XSGE,2025-02-13 01:35:00,night,2025-02-12,night_2025-02-12,683.96,683.96,683.88,683.9,132.0,90277600.0,187984.0
AU,AU2504.XSGE,2025-02-13 01:36:00,night,2025-02-12,night_2025-02-12,683.9,683.92,683.54,683.86,385.0,263232620.0,187974.0
AU,AU2504.XSGE,2025-02-13 01:37:00,night,2025-02-12,night_2025-02-12,683.84,683.9,683.76,683.88,109.0,74538620.0,187955.0
AU,AU2504.XSGE,2025-02-13 01:38:00,night,2025-02-12,night_2025-02-12,683.88,683.9,683.78,683.78,77.0,52655820.0,187948.0
AU,AU2504.XSGE,2025-02-13 01:39:00,night,2025-02-12,night_2025-02-12,683.74,683.78,683.68,683.68,140.0,95723720.0,187955.0
AU,AU2504.XSGE,2025-02-13 01:40:00,night,2025-02-12,night_2025-02-12,683.66,683.7,683.56,683.56,167.0,114166400.0,187950.0
AU,AU2504.XSGE,2025-02-13 01:41:00,night,2025-02-12,night_2025-02-12,683.58,683.6,683.3,683.5,381.0,260391160.0,187916.0
AU,AU2504.XSGE,2025-02-13 01:42:00,night,2025-02-12,night_2025-02-12,683.52,683.58,683.3,683.36,238.0,162657980.0,187914.0
AU,AU2504.XSGE,2025-02-13 01:43:00,night,2025-02-12,night_2025-02-12,683.36,683.4,683.18,683.18,354.0,241877860.0,187884.0
AU,AU2504.XSGE,2025-02-13 01:44:00,night,2025-02-12,night_2025-02-12,683.18,683.34,683.14,683.34,157.0,107267340.0,187875.0
AU,AU2504.XSGE,2025-02-13 01:45:00,night,2025-02-12,night_2025-02-12,683.3,683.4,683.26,683.4,162.0,110698040.0,187856.0
AU,AU2504.XSGE,2025-02-13 01:46:00,night,2025-02-12,night_2025-02-12,683.42,683.56,683.24,683.28,245.0,167439420.0,187870.0
AU,AU2504.XSGE,2025-02-13 01:47:00,night,2025-02-12,night_2025-02-12,683.3,683.38,683.24,683.32,126.0,86095360.0,187849.0
AU,AU2504.XSGE,2025-02-13 01:48:00,night,2025-02-12,night_2025-02-12,683.34,683.54,683.32,683.5,161.0,110037140.0,187852.0
AU,AU2504.XSGE,2025-02-13 01:49:00,night,2025-02-12,night_2025-02-12,683.5,683.62,683.48,683.56,239.0,163369680.0,187896.0
AU,AU2504.XSGE,2025-02-13 01:50:00,night,2025-02-12,night_2025-02-12,683.56,683.66,683.48,683.56,193.0,131932420.0,187895.0
AU,AU2504.XSGE,2025-02-13 01:51:00,night,2025-02-12,night_2025-02-12,683.56,683.6,683.48,683.5,123.0,84073420.0,187888.0
AU,AU2504.XSGE,2025-02-13 01:52:00,night,2025-02-12,night_2025-02-12,683.5,683.5,683.44,683.46,153.0,104570320.0,187880.0
AU,AU2504.XSGE,2025-02-13 01:53:00,night,2025-02-12,night_2025-02-12,683.44,683.44,683.36,683.44,121.0,82692480.0,187864.0
AU,AU2504.XSGE,2025-02-13 01:54:00,night,2025-02-12,night_2025-02-12,683.44,683.5,683.34,683.34,179.0,122328420.0,187850.0
AU,AU2504.XSGE,2025-02-13 01:55:00,night,2025-02-12,night_2025-02-12,683.34,683.4,683.28,683.36,158.0,107966340.0,187859.0
AU,AU2504.XSGE,2025-02-13 01:56:00,night,2025-02-12,night_2025-02-12,683.36,683.44,683.28,683.34,229.0,156493780.0,187855.0
AU,AU2504.XSGE,2025-02-13 01:57:00,night,2025-02-12,night_2025-02-12,683.32,683.38,683.2,683.24,125.0,85410000.0,187851.0
AU,AU2504.XSGE,2025-02-13 01:58:00,night,2025-02-12,night_2025-02-12,683.26,683.26,682.9,683.18,381.0,260255820.0,187790.0
AU,AU2504.XSGE,2025-02-13 01:59:00,night,2025-02-12,night_2025-02-12,683.14,683.26,683.14,683.2,106.0,72421580.0,187804.0
AU,AU2504.XSGE,2025-02-13 02:00:00,night,2025-02-12,night_2025-02-12,683.2,683.38,683.2,683.32,141.0,96346460.0,187796.0
AU,AU2504.XSGE,2025-02-13 02:01:00,night,2025-02-12,night_2025-02-12,683.34,683.38,683.28,683.36,80.0,54666080.0,187803.0
AU,AU2504.XSGE,2025-02-13 02:02:00,night,2025-02-12,night_2025-02-12,683.36,683.42,683.34,683.4,76.0,51937600.0,187792.0
AU,AU2504.XSGE,2025-02-13 02:03:00,night,2025-02-12,night_2025-02-12,683.38,683.42,683.3,683.32,113.0,77216620.0,187779.0
AU,AU2504.XSGE,2025-02-13 02:04:00,night,2025-02-12,night_2025-02-12,683.3,683.3,682.88,682.92,384.0,262278820.0,187744.0
AU,AU2504.XSGE,2025-02-13 02:05:00,night,2025-02-12,night_2025-02-12,682.9,683.0,682.82,682.82,214.0,146147500.0,187748.0
AU,AU2504.XSGE,2025-02-13 02:06:00,night,2025-02-12,night_2025-02-12,682.8,682.86,682.7,682.86,390.0,266283400.0,187752.0
AU,AU2504.XSGE,2025-02-13 02:07:00,night,2025-02-12,night_2025-02-12,682.84,682.94,682.72,682.94,156.0,106518460.0,187748.0
AU,AU2504.XSGE,2025-02-13 02:08:00,night,2025-02-12,night_2025-02-12,682.92,682.92,682.76,682.84,111.0,75795820.0,187740.0
AU,AU2504.XSGE,2025-02-13 02:09:00,night,2025-02-12,night_2025-02-12,682.84,682.96,682.84,682.92,151.0,103117680.0,187732.0
AU,AU2504.XSGE,2025-02-13 02:10:00,night,2025-02-12,night_2025-02-12,682.9,683.14,682.88,683.1,171.0,116800200.0,187679.0
AU,AU2504.XSGE,2025-02-13 02:11:00,night,2025-02-12,night_2025-02-12,683.1,683.38,683.1,683.36,205.0,140065920.0,187670.0
AU,AU2504.XSGE,2025-02-13 02:12:00,night,2025-02-12,night_2025-02-12,683.38,683.52,683.3,683.34,190.0,129848760.0,187671.0
AU,AU2504.XSGE,2025-02-13 02:13:00,night,2025-02-12,night_2025-02-12,683.32,683.44,683.32,683.42,100.0,68338940.0,187630.0
AU,AU2504.XSGE,2025-02-13 02:14:00,night,2025-02-12,night_2025-02-12,683.4,683.42,683.26,683.26,94.0,64232360.0,187623.0
AU,AU2504.XSGE,2025-02-13 02:15:00,night,2025-02-12,night_2025-02-12,683.26,683.38,683.2,683.22,128.0,87459220.0,187635.0
AU,AU2504.XSGE,2025-02-13 02:16:00,night,2025-02-12,night_2025-02-12,683.26,683.26,683.08,683.14,118.0,80612860.0,187638.0
AU,AU2504.XSGE,2025-02-13 02:17:00,night,2025-02-12,night_2025-02-12,683.18,683.26,683.02,683.02,91.0,62165340.0,187651.0
AU,AU2504.XSGE,2025-02-13 02:18:00,night,2025-02-12,night_2025-02-12,683.06,683.12,682.94,683.06,135.0,92208100.0,187646.0
AU,AU2504.XSGE,2025-02-13 02:19:00,night,2025-02-12,night_2025-02-12,683.08,683.16,683.04,683.08,83.0,56698080.0,187643.0
AU,AU2504.XSGE,2025-02-13 02:20:00,night,2025-02-12,night_2025-02-12,683.08,683.14,683.02,683.06,130.0,88802320.0,187656.0
AU,AU2504.XSGE,2025-02-13 02:21:00,night,2025-02-12,night_2025-02-12,683.06,683.16,683.0,683.02,151.0,103141620.0,187622.0
AU,AU2504.XSGE,2025-02-13 02:22:00,night,2025-02-12,night_2025-02-12,683.0,683.0,682.84,682.92,185.0,126342620.0,187617.0
AU,AU2504.XSGE,2025-02-13 02:23:00,night,2025-02-12,night_2025-02-12,682.96,683.0,682.86,682.88,105.0,71709200.0,187603.0
AU,AU2504.XSGE,2025-02-13 02:24:00,night,2025-02-12,night_2025-02-12,682.9,682.9,682.76,682.86,107.0,73061800.0,187581.0
AU,AU2504.XSGE,2025-02-13 02:25:00,night,2025-02-12,night_2025-02-12,682.86,683.14,682.86,683.14,159.0,108592660.0,187559.0
AU,AU2504.XSGE,2025-02-13 02:26:00,night,2025-02-12,night_2025-02-12,683.14,683.14,682.92,682.98,113.0,77185300.0,187548.0
AU,AU2504.XSGE,2025-02-13 02:27:00,night,2025-02-12,night_2025-02-12,682.98,683.14,682.98,683.04,172.0,117490580.0,187511.0
AU,AU2504.XSGE,2025-02-13 02:28:00,night,2025-02-12,night_2025-02-12,683.0,683.1,682.98,683.06,137.0,93575480.0,187476.0
AU,AU2504.XSGE,2025-02-13 02:29:00,night,2025-02-12,night_2025-02-12,683.12,683.14,682.96,683.1,118.0,80601340.0,187449.0
AU,AU2504.XSGE,2025-02-13 02:30:00,night,2025-02-12,night_2025-02-12,683.04,683.24,683.02,683.18,229.0,156431840.0,187293.0
AU,AU2504.XSGE,2025-02-13 09:01:00,day,2025-02-13,day_2025-02-13,684.28,684.98,684.28,684.28,2690.0,1841408140.0,187380.0
AU,AU2504.XSGE,2025-02-13 09:02:00,day,2025-02-13,day_2025-02-13,684.28,684.32,684.1,684.18,1135.0,776575600.0,187371.0
AU,AU2504.XSGE,2025-02-13 09:03:00,day,2025-02-13,day_2025-02-13,684.22,684.5,684.16,684.32,1172.0,802019100.0,187267.0
AU,AU2504.XSGE,2025-02-13 09:04:00,day,2025-02-13,day_2025-02-13,684.3,684.48,684.0,684.16,1942.0,1328839360.0,187104.0
AU,AU2504.XSGE,2025-02-13 09:05:00,day,2025-02-13,day_2025-02-13,684.14,684.26,683.94,684.18,1357.0,928302100.0,187522.0
AU,AU2504.XSGE,2025-02-13 09:06:00,day,2025-02-13,day_2025-02-13,684.16,684.46,684.02,684.22,1072.0,733498200.0,187611.0
AU,AU2504.XSGE,2025-02-13 09:07:00,day,2025-02-13,day_2025-02-13,684.2,684.52,684.14,684.5,643.0,440048880.0,187628.0
AU,AU2504.XSGE,2025-02-13 09:08:00,day,2025-02-13,day_2025-02-13,684.48,684.52,684.3,684.36,559.0,382572980.0,187531.0
AU,AU2504.XSGE,2025-02-13 09:09:00,day,2025-02-13,day_2025-02-13,684.36,684.56,684.32,684.46,503.0,344288300.0,187568.0
AU,AU2504.XSGE,2025-02-13 09:10:00,day,2025-02-13,day_2025-02-13,684.46,684.56,684.32,684.36,730.0,499645720.0,187534.0
AU,AU2504.XSGE,2025-02-13 09:11:00,day,2025-02-13,day_2025-02-13,684.38,684.52,684.32,684.36,559.0,382590740.0,187637.0
AU,AU2504.XSGE,2025-02-13 09:12:00,day,2025-02-13,day_2025-02-13,684.36,684.5,684.24,684.48,491.0,336029320.0,187712.0
AU,AU2504.XSGE,2025-02-13 09:13:00,day,2025-02-13,day_2025-02-13,684.46,684.82,684.44,684.82,967.0,662010640.0,187968.0
AU,AU2504.XSGE,2025-02-13 09:14:00,day,2025-02-13,day_2025-02-13,684.84,685.16,684.8,685.0,1345.0,921323620.0,188163.0
AU,AU2504.XSGE,2025-02-13 09:15:00,day,2025-02-13,day_2025-02-13,684.98,685.16,684.84,685.06,868.0,594583900.0,188315.0
AU,AU2504.XSGE,2025-02-13 09:16:00,day,2025-02-13,day_2025-02-13,685.06,685.1,684.86,684.86,507.0,347286940.0,188399.0
AU,AU2504.XSGE,2025-02-13 09:17:00,day,2025-02-13,day_2025-02-13,684.94,685.2,684.84,685.18,861.0,589831960.0,188348.0
AU,AU2504.XSGE,2025-02-13 09:18:00,day,2025-02-13,day_2025-02-13,685.18,685.28,684.88,684.88,742.0,508320000.0,188371.0
AU,AU2504.XSGE,2025-02-13 09:19:00,day,2025-02-13,day_2025-02-13,684.86,684.9,684.58,684.72,827.0,566267580.0,188193.0
AU,AU2504.XSGE,2025-02-13 09:20:00,day,2025-02-13,day_2025-02-13,684.72,684.9,684.56,684.68,679.0,464926500.0,188080.0
AU,AU2504.XSGE,2025-02-13 09:21:00,day,2025-02-13,day_2025-02-13,684.68,684.7,684.18,684.4,721.0,493440780.0,187968.0
AU,AU2504.XSGE,2025-02-13 09:22:00,day,2025-02-13,day_2025-02-13,684.4,684.68,684.3,684.64,628.0,429824940.0,187851.0
AU,AU2504.XSGE,2025-02-13 09:23:00,day,2025-02-13,day_2025-02-13,684.68,684.76,684.5,684.54,673.0,460756920.0,187729.0
AU,AU2504.XSGE,2025-02-13 09:24:00,day,2025-02-13,day_2025-02-13,684.52,684.54,684.22,684.3,488.0,333969640.0,187695.0
AU,AU2504.XSGE,2025-02-13 09:25:00,day,2025-02-13,day_2025-02-13,684.28,684.42,684.1,684.18,400.0,273699620.0,187621.0
AU,AU2504.XSGE,2025-02-13 09:26:00,day,2025-02-13,day_2025-02-13,684.16,684.36,684.06,684.22,532.0,363977400.0,187560.0
AU,AU2504.XSGE,2025-02-13 09:27:00,day,2025-02-13,day_2025-02-13,684.24,684.3,684.16,684.24,294.0,201164940.0,187557.0
AU,AU2504.XSGE,2025-02-13 09:28:00,day,2025-02-13,day_2025-02-13,684.22,684.36,684.2,684.32,260.0,177912460.0,187514.0
AU,AU2504.XSGE,2025-02-13 09:29:00,day,2025-02-13,day_2025-02-13,684.3,684.3,684.0,684.06,662.0,452862780.0,187485.0
AU,AU2504.XSGE,2025-02-13 09:30:00,day,2025-02-13,day_2025-02-13,684.08,684.12,683.96,684.08,419.0,286612760.0,187436.0
AU,AU2504.XSGE,2025-02-13 09:31:00,day,2025-02-13,day_2025-02-13,684.08,684.2,684.02,684.14,441.0,301697020.0,187366.0
AU,AU2504.XSGE,2025-02-13 09:32:00,day,2025-02-13,day_2025-02-13,684.16,684.26,684.0,684.24,375.0,256567620.0,187331.0
AU,AU2504.XSGE,2025-02-13 09:33:00,day,2025-02-13,day_2025-02-13,684.24,684.24,684.02,684.02,324.0,221659740.0,187272.0
AU,AU2504.XSGE,2025-02-13 09:34:00,day,2025-02-13,day_2025-02-13,684.0,684.04,683.8,683.86,520.0,355631640.0,187199.0
AU,AU2504.XSGE,2025-02-13 09:35:00,day,2025-02-13,day_2025-02-13,683.86,684.18,683.84,684.14,395.0,270183160.0,187158.0
AU,AU2504.XSGE,2025-02-13 09:36:00,day,2025-02-13,day_2025-02-13,684.14,684.16,684.0,684.12,275.0,188122540.0,187149.0
AU,AU2504.XSGE,2025-02-13 09:37:00,day,2025-02-13,day_2025-02-13,684.12,684.28,684.12,684.16,310.0,212106380.0,187130.0
AU,AU2504.XSGE,2025-02-13 09:38:00,day,2025-02-13,day_2025-02-13,684.16,684.46,684.1,684.4,468.0,320250020.0,187117.0
AU,AU2504.XSGE,2025-02-13 09:39:00,day,2025-02-13,day_2025-02-13,684.38,684.48,684.36,684.4,267.0,182743220.0,187131.0
AU,AU2504.XSGE,2025-02-13 09:40:00,day,2025-02-13,day_2025-02-13,684.42,684.5,684.36,684.44,297.0,203282100.0,187118.0
AU,AU2504.XSGE,2025-02-13 09:41:00,day,2025-02-13,day_2025-02-13,684.42,684.52,684.4,684.46,239.0,163583740.0,187120.0
AU,AU2504.XSGE,2025-02-13 09:42:00,day,2025-02-13,day_2025-02-13,684.5,684.6,684.4,684.44,444.0,303932840.0,187139.0
AU,AU2504.XSGE,2025-02-13 09:43:00,day,2025-02-13,day_2025-02-13,684.44,684.6,684.42,684.5,426.0,291593000.0,187182.0
AU,AU2504.XSGE,2025-02-13 09:44:00,day,2025-02-13,day_2025-02-13,684.48,684.56,684.44,684.5,463.0,316920400.0,187199.0
AU,AU2504.XSGE,2025-02-13 09:45:00,day,2025-02-13,day_2025-02-13,684.5,684.58,684.4,684.46,396.0,271061380.0,187198.0
AU,AU2504.XSGE,2025-02-13 09:46:00,day,2025-02-13,day_2025-02-13,684.46,684.74,684.46,684.7,418.0,286156700.0,187206.0
AU,AU2504.XSGE,2025-02-13 09:47:00,day,2025-02-13,day_2025-02-13,684.72,684.92,684.7,684.7,809.0,553983040.0,187215.0
AU,AU2504.XSGE,2025-02-13 09:48:00,day,2025-02-13,day_2025-02-13,684.66,684.68,684.5,684.54,360.0,246447260.0,187213.0
AU,AU2504.XSGE,2025-02-13 09:49:00,day,2025-02-13,day_2025-02-13,684.52,684.68,684.52,684.62,253.0,173207960.0,187214.0
AU,AU2504.XSGE,2025-02-13 09:50:00,day,2025-02-13,day_2025-02-13,684.58,684.68,684.52,684.64,215.0,147187500.0,187219.0
AU,AU2504.XSGE,2025-02-13 09:51:00,day,2025-02-13,day_2025-02-13,684.64,684.94,684.58,684.86,431.0,295137240.0,187225.0
AU,AU2504.XSGE,2025-02-13 09:52:00,day,2025-02-13,day_2025-02-13,684.88,684.98,684.86,684.9,394.0,269855040.0,187278.0
AU,AU2504.XSGE,2025-02-13 09:53:00,day,2025-02-13,day_2025-02-13,684.9,684.96,684.78,684.94,372.0,254776260.0,187321.0
AU,AU2504.XSGE,2025-02-13 09:54:00,day,2025-02-13,day_2025-02-13,684.94,685.02,684.8,684.9,730.0,499982860.0,187364.0
AU,AU2504.XSGE,2025-02-13 09:55:00,day,2025-02-13,day_2025-02-13,684.92,685.12,684.92,685.1,402.0,275391180.0,187399.0
AU,AU2504.XSGE,2025-02-13 09:56:00,day,2025-02-13,day_2025-02-13,685.08,685.24,685.06,685.14,518.0,354918160.0,187434.0
AU,AU2504.XSGE,2025-02-13 09:57:00,day,2025-02-13,day_2025-02-13,685.16,685.18,684.96,684.98,360.0,246615640.0,187507.0
AU,AU2504.XSGE,2025-02-13 09:58:00,day,2025-02-13,day_2025-02-13,684.98,684.98,684.82,684.86,317.0,217114120.0,187547.0
AU,AU2504.XSGE,2025-02-13 09:59:00,day,2025-02-13,day_2025-02-13,684.86,684.9,684.76,684.8,469.0,321183100.0,187513.0
AU,AU2504.XSGE,2025-02-13 10:00:00,day,2025-02-13,day_2025-02-13,684.78,684.82,684.52,684.68,528.0,361514020.0,187498.0
AU,AU2504.XSGE,2025-02-13 10:01:00,day,2025-02-13,day_2025-02-13,684.68,684.74,684.54,684.62,495.0,338890980.0,187508.0
AU,AU2504.XSGE,2025-02-13 10:02:00,day,2025-02-13,day_2025-02-13,684.6,684.76,684.48,684.7,501.0,342972640.0,187389.0
AU,AU2504.XSGE,2025-02-13 10:03:00,day,2025-02-13,day_2025-02-13,684.72,684.96,684.66,684.9,403.0,275991400.0,187400.0
AU,AU2504.XSGE,2025-02-13 10:04:00,day,2025-02-13,day_2025-02-13,684.9,685.1,684.86,684.9,720.0,493195500.0,187368.0
AU,AU2504.XSGE,2025-02-13 10:05:00,day,2025-02-13,day_2025-02-13,684.88,684.98,684.84,684.96,285.0,195199660.0,187358.0
AU,AU2504.XSGE,2025-02-13 10:06:00,day,2025-02-13,day_2025-02-13,684.98,685.1,684.96,685.0,404.0,276753720.0,187432.0
AU,AU2504.XSGE,2025-02-13 10:07:00,day,2025-02-13,day_2025-02-13,685.0,685.0,684.82,684.9,412.0,282173640.0,187488.0
AU,AU2504.XSGE,2025-02-13 10:08:00,day,2025-02-13,day_2025-02-13,684.9,684.9,684.72,684.74,424.0,290363240.0,187507.0
AU,AU2504.XSGE,2025-02-13 10:09:00,day,2025-02-13,day_2025-02-13,684.78,684.78,684.38,684.38,839.0,574346540.0,187554.0
AU,AU2504.XSGE,2025-02-13 10:10:00,day,2025-02-13,day_2025-02-13,684.38,684.52,684.26,684.52,573.0,392150760.0,187444.0
AU,AU2504.XSGE,2025-02-13 10:11:00,day,2025-02-13,day_2025-02-13,684.5,684.52,684.34,684.46,539.0,368901940.0,187426.0
AU,AU2504.XSGE,2025-02-13 10:12:00,day,2025-02-13,day_2025-02-13,684.46,684.62,684.4,684.42,385.0,263546640.0,187350.0
AU,AU2504.XSGE,2025-02-13 10:13:00,day,2025-02-13,day_2025-02-13,684.44,684.44,684.24,684.28,630.0,431118060.0,187315.0
AU,AU2504.XSGE,2025-02-13 10:14:00,day,2025-02-13,day_2025-02-13,684.28,684.34,684.2,684.3,426.0,291505640.0,187311.0
AU,AU2504.XSGE,2025-02-13 10:15:00,day,2025-02-13,day_2025-02-13,684.32,684.5,684.18,684.48,597.0,408536760.0,187319.0
AU,AU2504.XSGE,2025-02-13 10:31:00,day,2025-02-13,day_2025-02-13,684.64,684.78,684.6,684.68,583.0,399172080.0,187315.0
AU,AU2504.XSGE,2025-02-13 10:32:00,day,2025-02-13,day_2025-02-13,684.68,684.98,684.68,684.98,470.0,321840620.0,187341.0
AU,AU2504.XSGE,2025-02-13 10:33:00,day,2025-02-13,day_2025-02-13,685.02,685.42,685.02,685.1,1385.0,948982440.0,187564.0
AU,AU2504.XSGE,2025-02-13 10:34:00,day,2025-02-13,day_2025-02-13,685.1,685.1,684.68,684.7,745.0,510267400.0,187603.0
AU,AU2504.XSGE,2025-02-13 10:35:00,day,2025-02-13,day_2025-02-13,684.72,684.86,684.68,684.78,325.0,222548660.0,187586.0
AU,AU2504.XSGE,2025-02-13 10:36:00,day,2025-02-13,day_2025-02-13,684.78,684.92,684.76,684.84,357.0,244490280.0,187650.0
AU,AU2504.XSGE,2025-02-13 10:37:00,day,2025-02-13,day_2025-02-13,684.84,685.0,684.8,684.94,428.0,293147460.0,187715.0
AU,AU2504.XSGE,2025-02-13 10:38:00,day,2025-02-13,day_2025-02-13,684.96,684.96,684.78,684.78,329.0,225322660.0,187784.0
AU,AU2504.XSGE,2025-02-13 10:39:00,day,2025-02-13,day_2025-02-13,684.78,684.9,684.74,684.9,477.0,326651060.0,187866.0
AU,AU2504.XSGE,2025-02-13 10:40:00,day,2025-02-13,day_2025-02-13,684.88,684.92,684.72,684.88,287.0,196544080.0,187844.0
AU,AU2504.XSGE,2025-02-13 10:41:00,day,2025-02-13,day_2025-02-13,684.86,684.9,684.76,684.8,239.0,163668020.0,187853.0
AU,AU2504.XSGE,2025-02-13 10:42:00,day,2025-02-13,day_2025-02-13,684.78,684.86,684.72,684.74,158.0,108196720.0,187839.0
AU,AU2504.XSGE,2025-02-13 10:43:00,day,2025-02-13,day_2025-02-13,684.74,684.86,684.72,684.84,260.0,178050320.0,187860.0
AU,AU2504.XSGE,2025-02-13 10:44:00,day,2025-02-13,day_2025-02-13,684.86,684.9,684.82,684.88,247.0,169157820.0,187898.0
AU,AU2504.XSGE,2025-02-13 10:45:00,day,2025-02-13,day_2025-02-13,684.88,684.88,684.7,684.74,297.0,203369100.0,187949.0
AU,AU2504.XSGE,2025-02-13 10:46:00,day,2025-02-13,day_2025-02-13,684.74,684.76,684.42,684.44,594.0,406611620.0,187925.0
AU,AU2504.XSGE,2025-02-13 10:47:00,day,2025-02-13,day_2025-02-13,684.46,684.62,684.4,684.58,306.0,209459360.0,187894.0
AU,AU2504.XSGE,2025-02-13 10:48:00,day,2025-02-13,day_2025-02-13,684.6,684.64,684.54,684.6,206.0,141022800.0,187909.0
AU,AU2504.XSGE,2025-02-13 10:49:00,day,2025-02-13,day_2025-02-13,684.58,684.66,684.48,684.52,310.0,212213360.0,187974.0
AU,AU2504.XSGE,2025-02-13 10:50:00,day,2025-02-13,day_2025-02-13,684.5,684.62,684.46,684.5,260.0,177982700.0,187927.0
AU,AU2504.XSGE,2025-02-13 10:51:00,day,2025-02-13,day_2025-02-13,684.48,684.56,684.36,684.42,310.0,212179960.0,187869.0
AU,AU2504.XSGE,2025-02-13 10:52:00,day,2025-02-13,day_2025-02-13,684.4,684.48,684.08,684.14,670.0,458444220.0,187894.0
AU,AU2504.XSGE,2025-02-13 10:53:00,day,2025-02-13,day_2025-02-13,684.12,684.26,684.12,684.18,454.0,310625760.0,187893.0
AU,AU2504.XSGE,2025-02-13 10:54:00,day,2025-02-13,day_2025-02-13,684.18,684.3,684.08,684.26,491.0,335926900.0,187880.0
AU,AU2504.XSGE,2025-02-13 10:55:00,day,2025-02-13,day_2025-02-13,684.24,684.5,684.2,684.46,433.0,296338040.0,187921.0
AU,AU2504.XSGE,2025-02-13 10:56:00,day,2025-02-13,day_2025-02-13,684.48,684.7,684.46,684.62,284.0,194422680.0,187886.0
AU,AU2504.XSGE,2025-02-13 10:57:00,day,2025-02-13,day_2025-02-13,684.6,684.74,684.58,684.72,333.0,227995480.0,187899.0
AU,AU2504.XSGE,2025-02-13 10:58:00,day,2025-02-13,day_2025-02-13,684.74,684.76,684.58,684.62,299.0,204715860.0,187892.0
AU,AU2504.XSGE,2025-02-13 10:59:00,day,2025-02-13,day_2025-02-13,684.62,684.7,684.58,684.7,251.0,171847000.0,187889.0
AU,AU2504.XSGE,2025-02-13 11:00:00,day,2025-02-13,day_2025-02-13,684.68,684.72,684.66,684.68,177.0,121189940.0,187897.0
AU,AU2504.XSGE,2025-02-13 11:01:00,day,2025-02-13,day_2025-02-13,684.68,684.72,684.5,684.52,270.0,184849260.0,187942.0
AU,AU2504.XSGE,2025-02-13 11:02:00,day,2025-02-13,day_2025-02-13,684.52,684.58,684.24,684.32,591.0,404471920.0,188055.0
AU,AU2504.XSGE,2025-02-13 11:03:00,day,2025-02-13,day_2025-02-13,684.28,684.32,684.12,684.18,535.0,366051500.0,188071.0
AU,AU2504.XSGE,2025-02-13 11:04:00,day,2025-02-13,day_2025-02-13,684.16,684.24,683.96,684.22,614.0,420008760.0,188076.0
AU,AU2504.XSGE,2025-02-13 11:05:00,day,2025-02-13,day_2025-02-13,684.2,684.26,684.14,684.26,299.0,204578860.0,188088.0
AU,AU2504.XSGE,2025-02-13 11:06:00,day,2025-02-13,day_2025-02-13,684.28,684.38,684.28,684.3,267.0,182716000.0,188072.0
AU,AU2504.XSGE,2025-02-13 11:07:00,day,2025-02-13,day_2025-02-13,684.32,684.32,684.14,684.22,398.0,272317700.0,188146.0
AU,AU2504.XSGE,2025-02-13 11:08:00,day,2025-02-13,day_2025-02-13,684.24,684.3,684.16,684.22,290.0,198421800.0,188196.0
AU,AU2504.XSGE,2025-02-13 11:09:00,day,2025-02-13,day_2025-02-13,684.2,684.2,683.94,683.94,537.0,367337100.0,188256.0
AU,AU2504.XSGE,2025-02-13 11:10:00,day,2025-02-13,day_2025-02-13,683.98,684.1,683.94,684.0,334.0,228459160.0,188222.0
AU,AU2504.XSGE,2025-02-13 11:11:00,day,2025-02-13,day_2025-02-13,684.02,684.16,684.02,684.16,275.0,188128800.0,188199.0
AU,AU2504.XSGE,2025-02-13 11:12:00,day,2025-02-13,day_2025-02-13,684.14,684.18,684.0,684.04,279.0,190857260.0,188130.0
AU,AU2504.XSGE,2025-02-13 11:13:00,day,2025-02-13,day_2025-02-13,684.06,684.16,684.06,684.1,146.0,99880760.0,188096.0
AU,AU2504.XSGE,2025-02-13 11:14:00,day,2025-02-13,day_2025-02-13,684.08,684.16,684.04,684.1,176.0,120401500.0,188067.0
AU,AU2504.XSGE,2025-02-13 11:15:00,day,2025-02-13,day_2025-02-13,684.1,684.26,684.08,684.1,326.0,223041960.0,188049.0
AU,AU2504.XSGE,2025-02-13 11:16:00,day,2025-02-13,day_2025-02-13,684.12,684.22,684.02,684.2,245.0,167613920.0,188045.0
AU,AU2504.XSGE,2025-02-13 11:17:00,day,2025-02-13,day_2025-02-13,684.2,684.38,684.18,684.38,258.0,176545220.0,188031.0
AU,AU2504.XSGE,2025-02-13 11:18:00,day,2025-02-13,day_2025-02-13,684.34,684.4,684.1,684.12,321.0,219658900.0,188002.0
AU,AU2504.XSGE,2025-02-13 11:19:00,day,2025-02-13,day_2025-02-13,684.12,684.18,684.04,684.08,205.0,140239240.0,187981.0
AU,AU2504.XSGE,2025-02-13 11:20:00,day,2025-02-13,day_2025-02-13,684.08,684.36,684.08,684.36,215.0,147114080.0,187961.0
AU,AU2504.XSGE,2025-02-13 11:21:00,day,2025-02-13,day_2025-02-13,684.32,684.56,684.32,684.56,511.0,349765640.0,187972.0
AU,AU2504.XSGE,2025-02-13 11:22:00,day,2025-02-13,day_2025-02-13,684.58,684.76,684.58,684.72,700.0,479266960.0,188073.0
AU,AU2504.XSGE,2025-02-13 11:23:00,day,2025-02-13,day_2025-02-13,684.74,684.96,684.74,684.94,544.0,372564940.0,188097.0
AU,AU2504.XSGE,2025-02-13 11:24:00,day,2025-02-13,day_2025-02-13,685.0,685.1,684.86,684.98,981.0,671964940.0,188257.0
AU,AU2504.XSGE,2025-02-13 11:25:00,day,2025-02-13,day_2025-02-13,684.98,685.18,684.86,685.04,655.0,448692660.0,188379.0
AU,AU2504.XSGE,2025-02-13 11:26:00,day,2025-02-13,day_2025-02-13,685.04,685.5,684.98,685.5,1068.0,731815520.0,188546.0
AU,AU2504.XSGE,2025-02-13 11:27:00,day,2025-02-13,day_2025-02-13,685.5,685.68,685.38,685.42,1070.0,733477080.0,188660.0
AU,AU2504.XSGE,2025-02-13 11:28:00,day,2025-02-13,day_2025-02-13,685.44,685.6,685.38,685.5,695.0,476417880.0,188728.0
AU,AU2504.XSGE,2025-02-13 11:29:00,day,2025-02-13,day_2025-02-13,685.44,685.48,685.14,685.16,652.0,446818680.0,188719.0
AU,AU2504.XSGE,2025-02-13 11:30:00,day,2025-02-13,day_2025-02-13,685.18,685.24,685.04,685.1,614.0,420691920.0,188702.0
AU,AU2504.XSGE,2025-02-13 13:31:00,day,2025-02-13,day_2025-02-13,686.0,686.48,685.96,686.14,2994.0,2054508420.0,189334.0
AU,AU2504.XSGE,2025-02-13 13:32:00,day,2025-02-13,day_2025-02-13,686.16,686.22,685.8,685.86,1086.0,745024500.0,189315.0
AU,AU2504.XSGE,2025-02-13 13:33:00,day,2025-02-13,day_2025-02-13,685.86,685.96,685.84,685.84,561.0,384786600.0,189330.0
AU,AU2504.XSGE,2025-02-13 13:34:00,day,2025-02-13,day_2025-02-13,685.82,685.88,685.58,685.84,844.0,578770860.0,189291.0
AU,AU2504.XSGE,2025-02-13 13:35:00,day,2025-02-13,day_2025-02-13,685.82,685.86,685.66,685.78,616.0,422435760.0,189294.0
AU,AU2504.XSGE,2025-02-13 13:36:00,day,2025-02-13,day_2025-02-13,685.68,685.7,685.56,685.56,565.0,387377820.0,189284.0
AU,AU2504.XSGE,2025-02-13 13:37:00,day,2025-02-13,day_2025-02-13,685.56,685.88,685.46,685.88,762.0,522448900.0,189399.0
AU,AU2504.XSGE,2025-02-13 13:38:00,day,2025-02-13,day_2025-02-13,685.86,685.92,685.56,685.58,648.0,444396520.0,189399.0
AU,AU2504.XSGE,2025-02-13 13:39:00,day,2025-02-13,day_2025-02-13,685.56,685.68,685.54,685.6,361.0,247506440.0,189425.0
AU,AU2504.XSGE,2025-02-13 13:40:00,day,2025-02-13,day_2025-02-13,685.58,685.62,685.46,685.48,397.0,272154760.0,189372.0
AU,AU2504.XSGE,2025-02-13 13:41:00,day,2025-02-13,day_2025-02-13,685.46,685.66,685.36,685.46,510.0,349609680.0,189290.0
AU,AU2504.XSGE,2025-02-13 13:42:00,day,2025-02-13,day_2025-02-13,685.46,685.66,685.46,685.6,304.0,208412380.0,189275.0
AU,AU2504.XSGE,2025-02-13 13:43:00,day,2025-02-13,day_2025-02-13,685.62,685.72,685.56,685.58,229.0,157014000.0,189281.0
AU,AU2504.XSGE,2025-02-13 13:44:00,day,2025-02-13,day_2025-02-13,685.6,685.78,685.58,685.7,251.0,172108120.0,189339.0
AU,AU2504.XSGE,2025-02-13 13:45:00,day,2025-02-13,day_2025-02-13,685.72,685.74,685.62,685.68,206.0,141251660.0,189332.0
AU,AU2504.XSGE,2025-02-13 13:46:00,day,2025-02-13,day_2025-02-13,685.68,685.74,685.52,685.6,332.0,227635700.0,189302.0
AU,AU2504.XSGE,2025-02-13 13:47:00,day,2025-02-13,day_2025-02-13,685.62,685.62,685.32,685.32,302.0,207019660.0,189309.0
AU,AU2504.XSGE,2025-02-13 13:48:00,day,2025-02-13,day_2025-02-13,685.32,685.46,685.24,685.36,406.0,278239400.0,189271.0
AU,AU2504.XSGE,2025-02-13 13:49:00,day,2025-02-13,day_2025-02-13,685.36,685.38,685.14,685.16,319.0,218595020.0,189206.0
AU,AU2504.XSGE,2025-02-13 13:50:00,day,2025-02-13,day_2025-02-13,685.2,685.2,685.08,685.12,378.0,258981520.0,189175.0
AU,AU2504.XSGE,2025-02-13 13:51:00,day,2025-02-13,day_2025-02-13,685.12,685.12,684.88,684.96,664.0,454845440.0,189059.0
AU,AU2504.XSGE,2025-02-13 13:52:00,day,2025-02-13,day_2025-02-13,684.92,684.92,684.56,684.7,663.0,453984920.0,188967.0
AU,AU2504.XSGE,2025-02-13 13:53:00,day,2025-02-13,day_2025-02-13,684.7,684.74,684.42,684.44,581.0,397762480.0,188887.0
AU,AU2504.XSGE,2025-02-13 13:54:00,day,2025-02-13,day_2025-02-13,684.42,684.66,684.32,684.4,740.0,506510900.0,188858.0
AU,AU2504.XSGE,2025-02-13 13:55:00,day,2025-02-13,day_2025-02-13,684.42,684.5,684.24,684.28,619.0,423621720.0,188818.0
AU,AU2504.XSGE,2025-02-13 13:56:00,day,2025-02-13,day_2025-02-13,684.26,684.56,684.22,684.54,559.0,382598580.0,188744.0
AU,AU2504.XSGE,2025-02-13 13:57:00,day,2025-02-13,day_2025-02-13,684.5,684.5,684.2,684.24,561.0,383935160.0,188664.0
AU,AU2504.XSGE,2025-02-13 13:58:00,day,2025-02-13,day_2025-02-13,684.2,684.68,684.2,684.68,691.0,472969920.0,188652.0
AU,AU2504.XSGE,2025-02-13 13:59:00,day,2025-02-13,day_2025-02-13,684.7,684.84,684.7,684.72,574.0,393052740.0,188726.0
AU,AU2504.XSGE,2025-02-13 14:00:00,day,2025-02-13,day_2025-02-13,684.74,684.76,684.64,684.76,384.0,262925940.0,188719.0
AU,AU2504.XSGE,2025-02-13 14:01:00,day,2025-02-13,day_2025-02-13,684.76,684.9,684.72,684.88,449.0,307490280.0,188726.0
AU,AU2504.XSGE,2025-02-13 14:02:00,day,2025-02-13,day_2025-02-13,684.86,684.86,684.26,684.28,687.0,470309780.0,188692.0
AU,AU2504.XSGE,2025-02-13 14:03:00,day,2025-02-13,day_2025-02-13,684.32,684.48,684.32,684.4,463.0,316881800.0,188680.0
AU,AU2504.XSGE,2025-02-13 14:04:00,day,2025-02-13,day_2025-02-13,684.4,684.5,684.32,684.36,326.0,223113040.0,188677.0
AU,AU2504.XSGE,2025-02-13 14:05:00,day,2025-02-13,day_2025-02-13,684.34,684.42,684.0,684.3,1061.0,725921820.0,188469.0
AU,AU2504.XSGE,2025-02-13 14:06:00,day,2025-02-13,day_2025-02-13,684.24,684.34,684.2,684.22,348.0,238129500.0,188427.0
AU,AU2504.XSGE,2025-02-13 14:07:00,day,2025-02-13,day_2025-02-13,684.2,684.4,684.1,684.26,706.0,483055200.0,188342.0
AU,AU2504.XSGE,2025-02-13 14:08:00,day,2025-02-13,day_2025-02-13,684.24,684.4,684.24,684.38,417.0,285361680.0,188363.0
AU,AU2504.XSGE,2025-02-13 14:09:00,day,2025-02-13,day_2025-02-13,684.38,684.7,684.32,684.68,525.0,359366160.0,188314.0
AU,AU2504.XSGE,2025-02-13 14:10:00,day,2025-02-13,day_2025-02-13,684.68,684.8,684.62,684.76,373.0,255390400.0,188349.0
AU,AU2504.XSGE,2025-02-13 14:11:00,day,2025-02-13,day_2025-02-13,684.78,684.78,684.54,684.56,358.0,245104700.0,188343.0
AU,AU2504.XSGE,2025-02-13 14:12:00,day,2025-02-13,day_2025-02-13,684.56,684.78,684.56,684.76,350.0,239640180.0,188292.0
AU,AU2504.XSGE,2025-02-13 14:13:00,day,2025-02-13,day_2025-02-13,684.74,684.74,684.5,684.5,297.0,203341880.0,188248.0
AU,AU2504.XSGE,2025-02-13 14:14:00,day,2025-02-13,day_2025-02-13,684.5,684.68,684.46,684.52,266.0,182089160.0,188189.0
AU,AU2504.XSGE,2025-02-13 14:15:00,day,2025-02-13,day_2025-02-13,684.52,684.66,684.52,684.62,153.0,104746280.0,188177.0
AU,AU2504.XSGE,2025-02-13 14:16:00,day,2025-02-13,day_2025-02-13,684.62,684.76,684.52,684.52,374.0,256055720.0,188189.0
AU,AU2504.XSGE,2025-02-13 14:17:00,day,2025-02-13,day_2025-02-13,684.54,684.7,684.5,684.7,319.0,218392400.0,188183.0
AU,AU2504.XSGE,2025-02-13 14:18:00,day,2025-02-13,day_2025-02-13,684.7,684.7,684.58,684.58,195.0,133504800.0,188190.0
AU,AU2504.XSGE,2025-02-13 14:19:00,day,2025-02-13,day_2025-02-13,684.6,684.7,684.58,684.62,163.0,111593680.0,188174.0
AU,AU2504.XSGE,2025-02-13 14:20:00,day,2025-02-13,day_2025-02-13,684.64,684.76,684.56,684.66,329.0,225254600.0,188132.0
AU,AU2504.XSGE,2025-02-13 14:21:00,day,2025-02-13,day_2025-02-13,684.7,684.7,684.4,684.58,319.0,218374900.0,188142.0
AU,AU2504.XSGE,2025-02-13 14:22:00,day,2025-02-13,day_2025-02-13,684.6,684.7,684.54,684.56,176.0,120491440.0,188119.0
AU,AU2504.XSGE,2025-02-13 14:23:00,day,2025-02-13,day_2025-02-13,684.6,684.6,684.44,684.5,179.0,122526060.0,188103.0
AU,AU2504.XSGE,2025-02-13 14:24:00,day,2025-02-13,day_2025-02-13,684.52,684.52,684.36,684.48,279.0,190957160.0,188111.0
AU,AU2504.XSGE,2025-02-13 14:25:00,day,2025-02-13,day_2025-02-13,684.5,684.6,684.38,684.46,411.0,281322160.0,188123.0
AU,AU2504.XSGE,2025-02-13 14:26:00,day,2025-02-13,day_2025-02-13,684.48,684.62,684.46,684.48,290.0,198514300.0,188115.0
AU,AU2504.XSGE,2025-02-13 14:27:00,day,2025-02-13,day_2025-02-13,684.5,684.52,684.28,684.32,321.0,219697520.0,188051.0
AU,AU2504.XSGE,2025-02-13 14:28:00,day,2025-02-13,day_2025-02-13,684.32,684.44,684.24,684.4,367.0,251155920.0,187968.0
AU,AU2504.XSGE,2025-02-13 14:29:00,day,2025-02-13,day_2025-02-13,684.44,684.52,684.34,684.46,270.0,184797240.0,187944.0
AU,AU2504.XSGE,2025-02-13 14:30:00,day,2025-02-13,day_2025-02-13,684.48,684.56,684.44,684.54,194.0,132792600.0,187922.0
AU,AU2504.XSGE,2025-02-13 14:31:00,day,2025-02-13,day_2025-02-13,684.46,684.48,684.2,684.22,387.0,264831780.0,187860.0
AU,AU2504.XSGE,2025-02-13 14:32:00,day,2025-02-13,day_2025-02-13,684.24,684.32,684.02,684.32,524.0,358517380.0,187824.0
AU,AU2504.XSGE,2025-02-13 14:33:00,day,2025-02-13,day_2025-02-13,684.3,684.4,684.22,684.4,318.0,217598160.0,187734.0
AU,AU2504.XSGE,2025-02-13 14:34:00,day,2025-02-13,day_2025-02-13,684.42,684.42,683.98,684.0,596.0,407740340.0,187666.0
AU,AU2504.XSGE,2025-02-13 14:35:00,day,2025-02-13,day_2025-02-13,684.02,684.12,683.9,684.08,660.0,451437660.0,187623.0
AU,AU2504.XSGE,2025-02-13 14:36:00,day,2025-02-13,day_2025-02-13,684.08,684.1,683.54,683.72,995.0,680340680.0,187540.0
AU,AU2504.XSGE,2025-02-13 14:37:00,day,2025-02-13,day_2025-02-13,683.74,683.74,683.38,683.7,1145.0,782653400.0,187418.0
AU,AU2504.XSGE,2025-02-13 14:38:00,day,2025-02-13,day_2025-02-13,683.68,683.8,683.54,683.8,445.0,304238400.0,187376.0
AU,AU2504.XSGE,2025-02-13 14:39:00,day,2025-02-13,day_2025-02-13,683.8,684.1,683.8,683.96,939.0,642261640.0,187300.0
AU,AU2504.XSGE,2025-02-13 14:40:00,day,2025-02-13,day_2025-02-13,683.94,683.96,683.78,683.96,408.0,279022560.0,187261.0
AU,AU2504.XSGE,2025-02-13 14:41:00,day,2025-02-13,day_2025-02-13,683.94,684.18,683.9,684.16,496.0,339307480.0,187236.0
AU,AU2504.XSGE,2025-02-13 14:42:00,day,2025-02-13,day_2025-02-13,684.18,684.34,684.12,684.22,487.0,333215400.0,187229.0
AU,AU2504.XSGE,2025-02-13 14:43:00,day,2025-02-13,day_2025-02-13,684.22,684.46,684.2,684.46,294.0,201193560.0,187193.0
AU,AU2504.XSGE,2025-02-13 14:44:00,day,2025-02-13,day_2025-02-13,684.46,684.48,684.32,684.38,398.0,272392700.0,187113.0
AU,AU2504.XSGE,2025-02-13 14:45:00,day,2025-02-13,day_2025-02-13,684.4,684.44,684.16,684.22,454.0,310681020.0,187053.0
AU,AU2504.XSGE,2025-02-13 14:46:00,day,2025-02-13,day_2025-02-13,684.2,684.3,684.04,684.04,499.0,341396760.0,187054.0
AU,AU2504.XSGE,2025-02-13 14:47:00,day,2025-02-13,day_2025-02-13,684.06,684.2,683.98,684.18,303.0,207270160.0,187045.0
AU,AU2504.XSGE,2025-02-13 14:48:00,day,2025-02-13,day_2025-02-13,684.18,684.38,684.18,684.26,444.0,303820480.0,186922.0
AU,AU2504.XSGE,2025-02-13 14:49:00,day,2025-02-13,day_2025-02-13,684.28,684.36,684.16,684.16,638.0,436567540.0,186842.0
AU,AU2504.XSGE,2025-02-13 14:50:00,day,2025-02-13,day_2025-02-13,684.14,684.34,684.1,684.32,330.0,225804500.0,186765.0
AU,AU2504.XSGE,2025-02-13 14:51:00,day,2025-02-13,day_2025-02-13,684.34,684.48,684.22,684.22,489.0,334648880.0,186707.0
AU,AU2504.XSGE,2025-02-13 14:52:00,day,2025-02-13,day_2025-02-13,684.2,684.48,684.14,684.44,413.0,282631700.0,186685.0
AU,AU2504.XSGE,2025-02-13 14:53:00,day,2025-02-13,day_2025-02-13,684.44,684.56,684.44,684.5,373.0,255318040.0,186664.0
AU,AU2504.XSGE,2025-02-13 14:54:00,day,2025-02-13,day_2025-02-13,684.48,684.56,684.34,684.48,369.0,252558180.0,186633.0
AU,AU2504.XSGE,2025-02-13 14:55:00,day,2025-02-13,day_2025-02-13,684.44,684.68,684.38,684.64,456.0,312146160.0,186535.0
AU,AU2504.XSGE,2025-02-13 14:56:00,day,2025-02-13,day_2025-02-13,684.64,684.74,684.52,684.52,570.0,390254740.0,186417.0
AU,AU2504.XSGE,2025-02-13 14:57:00,day,2025-02-13,day_2025-02-13,684.54,684.56,684.38,684.48,339.0,232033280.0,186398.0
AU,AU2504.XSGE,2025-02-13 14:58:00,day,2025-02-13,day_2025-02-13,684.48,684.62,684.46,684.58,290.0,198521800.0,186425.0
AU,AU2504.XSGE,2025-02-13 14:59:00,day,2025-02-13,day_2025-02-13,684.58,684.74,684.58,684.66,477.0,326584480.0,186324.0
AU,AU2504.XSGE,2025-02-13 15:00:00,day,2025-02-13,day_2025-02-13,684.68,684.72,684.56,684.56,744.0,509359900.0,186368.0
AU,AU2504.XSGE,2025-02-13 21:01:00,night,2025-02-13,night_2025-02-13,685.72,686.0,685.0,685.02,3130.0,2145564940.0,186782.0
AU,AU2504.XSGE,2025-02-13 21:02:00,night,2025-02-13,night_2025-02-13,685.04,685.3,684.72,684.88,1729.0,1184395900.0,186964.0
AU,AU2504.XSGE,2025-02-13 21:03:00,night,2025-02-13,night_2025-02-13,684.9,685.08,684.78,685.08,1147.0,785612620.0,187046.0
AU,AU2504.XSGE,2025-02-13 21:04:00,night,2025-02-13,night_2025-02-13,685.12,685.26,684.98,685.16,886.0,607031220.0,187037.0
AU,AU2504.XSGE,2025-02-13 21:05:00,night,2025-02-13,night_2025-02-13,685.16,685.22,684.88,684.96,935.0,640479640.0,187209.0
AU,AU2504.XSGE,2025-02-13 21:06:00,night,2025-02-13,night_2025-02-13,684.98,685.16,684.7,685.16,1219.0,834923520.0,187585.0
AU,AU2504.XSGE,2025-02-13 21:07:00,night,2025-02-13,night_2025-02-13,685.12,685.32,685.06,685.2,925.0,633830600.0,187695.0
AU,AU2504.XSGE,2025-02-13 21:08:00,night,2025-02-13,night_2025-02-13,685.16,685.48,685.16,685.46,744.0,509896060.0,187802.0
AU,AU2504.XSGE,2025-02-13 21:09:00,night,2025-02-13,night_2025-02-13,685.48,685.86,685.46,685.68,1293.0,886554900.0,188098.0
AU,AU2504.XSGE,2025-02-13 21:10:00,night,2025-02-13,night_2025-02-13,685.66,685.66,685.42,685.52,658.0,451099220.0,188163.0
AU,AU2504.XSGE,2025-02-13 21:11:00,night,2025-02-13,night_2025-02-13,685.48,685.7,685.48,685.6,673.0,461432880.0,188376.0
AU,AU2504.XSGE,2025-02-13 21:12:00,night,2025-02-13,night_2025-02-13,685.58,685.7,685.28,685.36,647.0,443539260.0,188369.0
AU,AU2504.XSGE,2025-02-13 21:13:00,night,2025-02-13,night_2025-02-13,685.36,685.36,685.08,685.16,788.0,539914860.0,188338.0
AU,AU2504.XSGE,2025-02-13 21:14:00,night,2025-02-13,night_2025-02-13,685.18,685.2,684.9,685.0,916.0,627491060.0,188301.0
AU,AU2504.XSGE,2025-02-13 21:15:00,night,2025-02-13,night_2025-02-13,685.02,685.18,685.0,685.08,521.0,356932700.0,188284.0
AU,AU2504.XSGE,2025-02-13 21:16:00,night,2025-02-13,night_2025-02-13,685.08,685.08,684.86,685.0,945.0,647277140.0,188394.0
AU,AU2504.XSGE,2025-02-13 21:17:00,night,2025-02-13,night_2025-02-13,685.02,685.18,684.94,685.06,494.0,338421120.0,188423.0
AU,AU2504.XSGE,2025-02-13 21:18:00,night,2025-02-13,night_2025-02-13,685.1,685.38,685.0,685.32,661.0,452924900.0,188412.0
AU,AU2504.XSGE,2025-02-13 21:19:00,night,2025-02-13,night_2025-02-13,685.32,685.52,685.26,685.52,814.0,557914280.0,188535.0
AU,AU2504.XSGE,2025-02-13 21:20:00,night,2025-02-13,night_2025-02-13,685.5,685.5,685.26,685.42,575.0,394102200.0,188579.0
AU,AU2504.XSGE,2025-02-13 21:21:00,night,2025-02-13,night_2025-02-13,685.44,685.5,684.96,685.02,1044.0,715314360.0,188660.0
AU,AU2504.XSGE,2025-02-13 21:22:00,night,2025-02-13,night_2025-02-13,685.02,685.04,684.58,684.78,1476.0,1010716160.0,188608.0
AU,AU2504.XSGE,2025-02-13 21:23:00,night,2025-02-13,night_2025-02-13,684.78,685.06,684.56,684.88,1270.0,869776840.0,188579.0
AU,AU2504.XSGE,2025-02-13 21:24:00,night,2025-02-13,night_2025-02-13,684.9,685.06,684.8,684.82,1158.0,793172960.0,188517.0
AU,AU2504.XSGE,2025-02-13 21:25:00,night,2025-02-13,night_2025-02-13,684.82,685.32,684.82,685.24,1060.0,726183540.0,188604.0
AU,AU2504.XSGE,2025-02-13 21:26:00,night,2025-02-13,night_2025-02-13,685.24,685.28,684.9,684.96,1155.0,791319500.0,188618.0
AU,AU2504.XSGE,2025-02-13 21:27:00,night,2025-02-13,night_2025-02-13,684.98,685.26,684.88,685.2,748.0,512429580.0,188555.0
AU,AU2504.XSGE,2025-02-13 21:28:00,night,2025-02-13,night_2025-02-13,685.2,685.44,685.16,685.38,773.0,529748000.0,188608.0
AU,AU2504.XSGE,2025-02-13 21:29:00,night,2025-02-13,night_2025-02-13,685.42,685.48,685.26,685.3,516.0,353659960.0,188645.0
AU,AU2504.XSGE,2025-02-13 21:30:00,night,2025-02-13,night_2025-02-13,685.32,685.44,685.16,685.22,480.0,328952260.0,188690.0
AU,AU2504.XSGE,2025-02-13 21:31:00,night,2025-02-13,night_2025-02-13,685.22,685.8,684.72,685.0,3801.0,2604758500.0,188726.0
AU,AU2504.XSGE,2025-02-13 21:32:00,night,2025-02-13,night_2025-02-13,684.96,685.0,684.4,684.8,2199.0,1505636500.0,188841.0
AU,AU2504.XSGE,2025-02-13 21:33:00,night,2025-02-13,night_2025-02-13,684.8,685.56,684.74,685.56,1177.0,806288780.0,188837.0
AU,AU2504.XSGE,2025-02-13 21:34:00,night,2025-02-13,night_2025-02-13,685.56,685.96,685.54,685.84,2458.0,1685609300.0,189144.0
AU,AU2504.XSGE,2025-02-13 21:35:00,night,2025-02-13,night_2025-02-13,685.86,686.4,685.76,685.76,2555.0,1752956320.0,189344.0
AU,AU2504.XSGE,2025-02-13 21:36:00,night,2025-02-13,night_2025-02-13,685.78,685.8,685.24,685.36,1595.0,1093480640.0,189434.0
AU,AU2504.XSGE,2025-02-13 21:37:00,night,2025-02-13,night_2025-02-13,685.38,685.64,685.28,685.4,1245.0,853386920.0,189468.0
AU,AU2504.XSGE,2025-02-13 21:38:00,night,2025-02-13,night_2025-02-13,685.42,685.44,685.08,685.28,1059.0,725645180.0,189467.0
AU,AU2504.XSGE,2025-02-13 21:39:00,night,2025-02-13,night_2025-02-13,685.28,685.42,684.98,685.38,1216.0,833181820.0,189551.0
AU,AU2504.XSGE,2025-02-13 21:40:00,night,2025-02-13,night_2025-02-13,685.38,685.42,685.04,685.08,599.0,410444960.0,189654.0
AU,AU2504.XSGE,2025-02-13 21:41:00,night,2025-02-13,night_2025-02-13,685.08,685.08,684.82,684.92,1103.0,755474640.0,189672.0
AU,AU2504.XSGE,2025-02-13 21:42:00,night,2025-02-13,night_2025-02-13,684.92,685.14,684.92,685.1,657.0,450062180.0,189743.0
AU,AU2504.XSGE,2025-02-13 21:43:00,night,2025-02-13,night_2025-02-13,685.1,685.52,685.02,685.42,937.0,642159160.0,189763.0
AU,AU2504.XSGE,2025-02-13 21:44:00,night,2025-02-13,night_2025-02-13,685.44,685.52,685.26,685.48,668.0,457846580.0,189850.0
AU,AU2504.XSGE,2025-02-13 21:45:00,night,2025-02-13,night_2025-02-13,685.48,685.68,685.42,685.46,1091.0,747918140.0,190041.0
AU,AU2504.XSGE,2025-02-13 21:46:00,night,2025-02-13,night_2025-02-13,685.46,685.48,685.24,685.44,653.0,447545000.0,190081.0
AU,AU2504.XSGE,2025-02-13 21:47:00,night,2025-02-13,night_2025-02-13,685.42,685.58,685.42,685.5,561.0,384558500.0,190114.0
AU,AU2504.XSGE,2025-02-13 21:48:00,night,2025-02-13,night_2025-02-13,685.48,685.52,685.3,685.38,367.0,251544320.0,190147.0
AU,AU2504.XSGE,2025-02-13 21:49:00,night,2025-02-13,night_2025-02-13,685.38,685.4,685.06,685.08,901.0,617335880.0,190279.0
AU,AU2504.XSGE,2025-02-13 21:50:00,night,2025-02-13,night_2025-02-13,685.06,685.06,684.7,684.9,1488.0,1019032340.0,190318.0
AU,AU2504.XSGE,2025-02-13 21:51:00,night,2025-02-13,night_2025-02-13,684.92,684.96,684.72,684.86,923.0,632119120.0,190426.0
AU,AU2504.XSGE,2025-02-13 21:52:00,night,2025-02-13,night_2025-02-13,684.86,684.86,684.28,684.34,1839.0,1258809040.0,190229.0
AU,AU2504.XSGE,2025-02-13 21:53:00,night,2025-02-13,night_2025-02-13,684.34,684.72,683.86,683.96,1739.0,1190002640.0,190328.0
AU,AU2504.XSGE,2025-02-13 21:54:00,night,2025-02-13,night_2025-02-13,683.98,684.5,683.96,684.3,1446.0,989448440.0,190306.0
AU,AU2504.XSGE,2025-02-13 21:55:00,night,2025-02-13,night_2025-02-13,684.32,684.5,684.22,684.48,669.0,457853180.0,190354.0
AU,AU2504.XSGE,2025-02-13 21:56:00,night,2025-02-13,night_2025-02-13,684.5,684.76,684.34,684.42,996.0,681821880.0,190400.0
AU,AU2504.XSGE,2025-02-13 21:57:00,night,2025-02-13,night_2025-02-13,684.42,684.52,684.24,684.24,525.0,359320220.0,190389.0
AU,AU2504.XSGE,2025-02-13 21:58:00,night,2025-02-13,night_2025-02-13,684.24,684.48,684.22,684.4,484.0,331220840.0,190411.0
AU,AU2504.XSGE,2025-02-13 21:59:00,night,2025-02-13,night_2025-02-13,684.42,684.48,684.22,684.3,632.0,432512160.0,190392.0
AU,AU2504.XSGE,2025-02-13 22:00:00,night,2025-02-13,night_2025-02-13,684.32,684.62,684.32,684.46,569.0,389459680.0,190511.0
AU,AU2504.XSGE,2025-02-13 22:01:00,night,2025-02-13,night_2025-02-13,684.48,684.5,684.18,684.36,820.0,561134560.0,190589.0
AU,AU2504.XSGE,2025-02-13 22:02:00,night,2025-02-13,night_2025-02-13,684.38,684.88,684.34,684.84,951.0,651140920.0,190615.0
AU,AU2504.XSGE,2025-02-13 22:03:00,night,2025-02-13,night_2025-02-13,684.84,685.14,684.82,685.14,1363.0,933682460.0,190587.0
AU,AU2504.XSGE,2025-02-13 22:04:00,night,2025-02-13,night_2025-02-13,685.12,685.24,685.02,685.14,966.0,661847980.0,190613.0
AU,AU2504.XSGE,2025-02-13 22:05:00,night,2025-02-13,night_2025-02-13,685.18,685.42,685.04,685.32,1072.0,734589580.0,190746.0
AU,AU2504.XSGE,2025-02-13 22:06:00,night,2025-02-13,night_2025-02-13,685.32,685.4,685.18,685.3,699.0,479015160.0,190820.0
AU,AU2504.XSGE,2025-02-13 22:07:00,night,2025-02-13,night_2025-02-13,685.26,685.4,685.16,685.16,523.0,358412020.0,190809.0
AU,AU2504.XSGE,2025-02-13 22:08:00,night,2025-02-13,night_2025-02-13,685.16,685.26,685.04,685.08,500.0,342558100.0,190854.0
AU,AU2504.XSGE,2025-02-13 22:09:00,night,2025-02-13,night_2025-02-13,685.08,685.24,685.06,685.2,392.0,268586600.0,190904.0
AU,AU2504.XSGE,2025-02-13 22:10:00,night,2025-02-13,night_2025-02-13,685.26,685.38,685.16,685.36,584.0,400214260.0,190951.0
AU,AU2504.XSGE,2025-02-13 22:11:00,night,2025-02-13,night_2025-02-13,685.4,685.66,685.38,685.62,1112.0,762292580.0,191080.0
AU,AU2504.XSGE,2025-02-13 22:12:00,night,2025-02-13,night_2025-02-13,685.62,685.9,685.58,685.86,1137.0,779669840.0,191163.0
AU,AU2504.XSGE,2025-02-13 22:13:00,night,2025-02-13,night_2025-02-13,685.86,685.94,685.68,685.72,1000.0,685833080.0,191307.0
AU,AU2504.XSGE,2025-02-13 22:14:00,night,2025-02-13,night_2025-02-13,685.74,685.9,685.74,685.86,735.0,504094360.0,191385.0
AU,AU2504.XSGE,2025-02-13 22:15:00,night,2025-02-13,night_2025-02-13,685.86,685.86,685.62,685.78,876.0,600711220.0,191552.0
AU,AU2504.XSGE,2025-02-13 22:16:00,night,2025-02-13,night_2025-02-13,685.8,685.94,685.74,685.86,759.0,520541040.0,191664.0
AU,AU2504.XSGE,2025-02-13 22:17:00,night,2025-02-13,night_2025-02-13,685.86,686.1,685.86,685.92,1067.0,731950260.0,191903.0
AU,AU2504.XSGE,2025-02-13 22:18:00,night,2025-02-13,night_2025-02-13,685.94,686.06,685.8,686.02,594.0,407460020.0,191975.0
AU,AU2504.XSGE,2025-02-13 22:19:00,night,2025-02-13,night_2025-02-13,686.02,686.06,685.66,685.72,643.0,440996660.0,192043.0
AU,AU2504.XSGE,2025-02-13 22:20:00,night,2025-02-13,night_2025-02-13,685.7,685.96,685.58,685.96,1061.0,727539740.0,192268.0
AU,AU2504.XSGE,2025-02-13 22:21:00,night,2025-02-13,night_2025-02-13,685.94,686.08,685.88,686.0,634.0,434918040.0,192378.0
AU,AU2504.XSGE,2025-02-13 22:22:00,night,2025-02-13,night_2025-02-13,686.02,686.02,685.8,685.86,421.0,288760200.0,192459.0
AU,AU2504.XSGE,2025-02-13 22:23:00,night,2025-02-13,night_2025-02-13,685.86,685.98,685.84,685.88,526.0,360790180.0,192537.0
AU,AU2504.XSGE,2025-02-13 22:24:00,night,2025-02-13,night_2025-02-13,685.84,685.98,685.74,685.8,707.0,484899240.0,192630.0
AU,AU2504.XSGE,2025-02-13 22:25:00,night,2025-02-13,night_2025-02-13,685.8,685.94,685.74,685.84,482.0,330586840.0,192635.0
AU,AU2504.XSGE,2025-02-13 22:26:00,night,2025-02-13,night_2025-02-13,685.82,685.82,685.4,685.5,1047.0,717773640.0,192578.0
AU,AU2504.XSGE,2025-02-13 22:27:00,night,2025-02-13,night_2025-02-13,685.5,685.62,685.3,685.54,835.0,572351520.0,192569.0
AU,AU2504.XSGE,2025-02-13 22:28:00,night,2025-02-13,night_2025-02-13,685.54,685.6,685.38,685.54,438.0,300235440.0,192548.0
AU,AU2504.XSGE,2025-02-13 22:29:00,night,2025-02-13,night_2025-02-13,685.5,685.6,685.38,685.42,440.0,301611460.0,192528.0
AU,AU2504.XSGE,2025-02-13 22:30:00,night,2025-02-13,night_2025-02-13,685.4,685.48,685.24,685.34,585.0,400936200.0,192507.0
AU,AU2504.XSGE,2025-02-13 22:31:00,night,2025-02-13,night_2025-02-13,685.36,685.56,685.26,685.56,782.0,535957900.0,192450.0
AU,AU2504.XSGE,2025-02-13 22:32:00,night,2025-02-13,night_2025-02-13,685.58,685.76,685.36,685.4,820.0,562157640.0,192473.0
AU,AU2504.XSGE,2025-02-13 22:33:00,night,2025-02-13,night_2025-02-13,685.4,685.48,685.02,685.14,1062.0,727630520.0,192484.0
AU,AU2504.XSGE,2025-02-13 22:34:00,night,2025-02-13,night_2025-02-13,685.14,685.3,684.92,685.28,908.0,622057840.0,192434.0
AU,AU2504.XSGE,2025-02-13 22:35:00,night,2025-02-13,night_2025-02-13,685.28,685.28,685.08,685.26,470.0,322032360.0,192453.0
AU,AU2504.XSGE,2025-02-13 22:36:00,night,2025-02-13,night_2025-02-13,685.26,685.54,685.26,685.46,600.0,411264380.0,192437.0
AU,AU2504.XSGE,2025-02-13 22:37:00,night,2025-02-13,night_2025-02-13,685.44,685.78,685.4,685.74,661.0,453187940.0,192434.0
AU,AU2504.XSGE,2025-02-13 22:38:00,night,2025-02-13,night_2025-02-13,685.7,685.96,685.68,685.9,1011.0,693415640.0,192459.0
AU,AU2504.XSGE,2025-02-13 22:39:00,night,2025-02-13,night_2025-02-13,685.9,686.3,685.9,686.2,1322.0,907032440.0,192755.0
AU,AU2504.XSGE,2025-02-13 22:40:00,night,2025-02-13,night_2025-02-13,686.2,686.22,686.02,686.18,710.0,487138600.0,192878.0
AU,AU2504.XSGE,2025-02-13 22:41:00,night,2025-02-13,night_2025-02-13,686.18,686.28,685.92,685.98,762.0,522790660.0,192927.0
AU,AU2504.XSGE,2025-02-13 22:42:00,night,2025-02-13,night_2025-02-13,685.96,686.2,685.94,686.2,629.0,431549860.0,192959.0
AU,AU2504.XSGE,2025-02-13 22:43:00,night,2025-02-13,night_2025-02-13,686.18,686.26,686.02,686.14,530.0,363667620.0,192956.0
AU,AU2504.XSGE,2025-02-13 22:44:00,night,2025-02-13,night_2025-02-13,686.16,686.5,686.08,686.34,1195.0,820143780.0,193147.0
AU,AU2504.XSGE,2025-02-13 22:45:00,night,2025-02-13,night_2025-02-13,686.32,686.4,686.02,686.1,843.0,578460660.0,193201.0
AU,AU2504.XSGE,2025-02-13 22:46:00,night,2025-02-13,night_2025-02-13,686.06,686.06,685.9,685.98,632.0,433532540.0,193213.0
AU,AU2504.XSGE,2025-02-13 22:47:00,night,2025-02-13,night_2025-02-13,685.92,686.36,685.9,686.28,651.0,446688440.0,193262.0
AU,AU2504.XSGE,2025-02-13 22:48:00,night,2025-02-13,night_2025-02-13,686.3,686.34,686.06,686.08,578.0,396607020.0,193300.0
AU,AU2504.XSGE,2025-02-13 22:49:00,night,2025-02-13,night_2025-02-13,686.08,686.22,686.06,686.14,440.0,301897680.0,193283.0
AU,AU2504.XSGE,2025-02-13 22:50:00,night,2025-02-13,night_2025-02-13,686.12,686.14,686.08,686.12,313.0,214751040.0,193275.0
AU,AU2504.XSGE,2025-02-13 22:51:00,night,2025-02-13,night_2025-02-13,686.14,686.26,686.04,686.06,473.0,324539100.0,193282.0
AU,AU2504.XSGE,2025-02-13 22:52:00,night,2025-02-13,night_2025-02-13,686.04,686.18,685.98,686.1,439.0,301192180.0,193238.0
AU,AU2504.XSGE,2025-02-13 22:53:00,night,2025-02-13,night_2025-02-13,686.08,686.34,686.08,686.28,632.0,433692160.0,193332.0
AU,AU2504.XSGE,2025-02-13 22:54:00,night,2025-02-13,night_2025-02-13,686.28,686.28,686.06,686.12,313.0,214763580.0,193314.0
AU,AU2504.XSGE,2025-02-13 22:55:00,night,2025-02-13,night_2025-02-13,686.14,686.2,685.92,686.04,611.0,419164580.0,193347.0
AU,AU2504.XSGE,2025-02-13 22:56:00,night,2025-02-13,night_2025-02-13,686.04,686.08,685.94,685.98,367.0,251765560.0,193354.0
AU,AU2504.XSGE,2025-02-13 22:57:00,night,2025-02-13,night_2025-02-13,686.0,686.04,685.6,685.68,1185.0,812608560.0,193327.0
AU,AU2504.XSGE,2025-02-13 22:58:00,night,2025-02-13,night_2025-02-13,685.66,685.82,685.56,685.82,587.0,402494580.0,193207.0
AU,AU2504.XSGE,2025-02-13 22:59:00,night,2025-02-13,night_2025-02-13,685.82,685.9,685.74,685.74,528.0,362118220.0,193226.0
AU,AU2504.XSGE,2025-02-13 23:00:00,night,2025-02-13,night_2025-02-13,685.72,685.88,685.72,685.8,367.0,251684700.0,193231.0
AU,AU2504.XSGE,2025-02-13 23:01:00,night,2025-02-13,night_2025-02-13,685.8,686.12,685.74,686.12,934.0,640698220.0,193304.0
AU,AU2504.XSGE,2025-02-13 23:02:00,night,2025-02-13,night_2025-02-13,686.12,686.3,685.84,686.3,881.0,604459560.0,193303.0
AU,AU2504.XSGE,2025-02-13 23:03:00,night,2025-02-13,night_2025-02-13,686.3,686.32,686.12,686.16,1028.0,705445620.0,193205.0
AU,AU2504.XSGE,2025-02-13 23:04:00,night,2025-02-13,night_2025-02-13,686.14,686.3,686.06,686.08,655.0,449449720.0,193124.0
AU,AU2504.XSGE,2025-02-13 23:05:00,night,2025-02-13,night_2025-02-13,686.08,686.16,685.9,686.02,592.0,406118140.0,193078.0
AU,AU2504.XSGE,2025-02-13 23:06:00,night,2025-02-13,night_2025-02-13,686.04,686.34,686.04,686.3,766.0,525661960.0,192982.0
AU,AU2504.XSGE,2025-02-13 23:07:00,night,2025-02-13,night_2025-02-13,686.3,686.32,686.2,686.32,568.0,389792920.0,192971.0
AU,AU2504.XSGE,2025-02-13 23:08:00,night,2025-02-13,night_2025-02-13,686.34,686.42,686.32,686.38,832.0,571073540.0,193055.0
AU,AU2504.XSGE,2025-02-13 23:09:00,night,2025-02-13,night_2025-02-13,686.38,686.38,686.16,686.34,589.0,404215280.0,193042.0
AU,AU2504.XSGE,2025-02-13 23:10:00,night,2025-02-13,night_2025-02-13,686.32,686.32,686.18,686.22,321.0,220284400.0,193038.0
AU,AU2504.XSGE,2025-02-13 23:11:00,night,2025-02-13,night_2025-02-13,686.22,686.24,686.06,686.18,458.0,314253860.0,192992.0
AU,AU2504.XSGE,2025-02-13 23:12:00,night,2025-02-13,night_2025-02-13,686.16,686.28,686.16,686.24,307.0,210672460.0,193024.0
AU,AU2504.XSGE,2025-02-13 23:13:00,night,2025-02-13,night_2025-02-13,686.22,686.26,686.14,686.18,482.0,330748500.0,192964.0
AU,AU2504.XSGE,2025-02-13 23:14:00,night,2025-02-13,night_2025-02-13,686.18,686.2,686.04,686.08,397.0,272387520.0,192967.0
AU,AU2504.XSGE,2025-02-13 23:15:00,night,2025-02-13,night_2025-02-13,686.1,686.14,685.98,686.06,428.0,293628240.0,192956.0
AU,AU2504.XSGE,2025-02-13 23:16:00,night,2025-02-13,night_2025-02-13,686.06,686.12,685.94,685.94,446.0,305966100.0,192924.0
AU,AU2504.XSGE,2025-02-13 23:17:00,night,2025-02-13,night_2025-02-13,685.92,686.08,685.92,686.06,390.0,267534740.0,192943.0
AU,AU2504.XSGE,2025-02-13 23:18:00,night,2025-02-13,night_2025-02-13,686.06,686.12,685.92,685.96,427.0,292924420.0,192991.0
AU,AU2504.XSGE,2025-02-13 23:19:00,night,2025-02-13,night_2025-02-13,685.96,686.1,685.9,686.1,445.0,305252120.0,193028.0
AU,AU2504.XSGE,2025-02-13 23:20:00,night,2025-02-13,night_2025-02-13,686.1,686.18,686.08,686.12,348.0,238771860.0,192991.0
AU,AU2504.XSGE,2025-02-13 23:21:00,night,2025-02-13,night_2025-02-13,686.14,686.14,685.88,686.0,400.0,274409460.0,193024.0
AU,AU2504.XSGE,2025-02-13 23:22:00,night,2025-02-13,night_2025-02-13,685.98,686.02,685.88,686.02,383.0,262714160.0,193004.0
AU,AU2504.XSGE,2025-02-13 23:23:00,night,2025-02-13,night_2025-02-13,686.02,686.02,685.86,685.94,227.0,155706360.0,192974.0
AU,AU2504.XSGE,2025-02-13 23:24:00,night,2025-02-13,night_2025-02-13,685.94,685.96,685.82,685.84,242.0,165982220.0,192915.0
AU,AU2504.XSGE,2025-02-13 23:25:00,night,2025-02-13,night_2025-02-13,685.84,685.96,685.78,685.88,453.0,310694300.0,192846.0
AU,AU2504.XSGE,2025-02-13 23:26:00,night,2025-02-13,night_2025-02-13,685.88,685.96,685.82,685.94,280.0,192053860.0,192843.0
AU,AU2504.XSGE,2025-02-13 23:27:00,night,2025-02-13,night_2025-02-13,685.96,685.96,685.78,685.8,464.0,318226420.0,192830.0
AU,AU2504.XSGE,2025-02-13 23:28:00,night,2025-02-13,night_2025-02-13,685.8,685.92,685.66,685.88,462.0,316831000.0,192793.0
AU,AU2504.XSGE,2025-02-13 23:29:00,night,2025-02-13,night_2025-02-13,685.88,685.94,685.66,685.66,347.0,237986360.0,192831.0
AU,AU2504.XSGE,2025-02-13 23:30:00,night,2025-02-13,night_2025-02-13,685.66,685.68,685.26,685.42,947.0,649101760.0,192679.0
AU,AU2504.XSGE,2025-02-13 23:31:00,night,2025-02-13,night_2025-02-13,685.4,685.52,685.3,685.5,398.0,272789160.0,192607.0
AU,AU2504.XSGE,2025-02-13 23:32:00,night,2025-02-13,night_2025-02-13,685.52,685.58,685.42,685.5,411.0,281743600.0,192610.0
AU,AU2504.XSGE,2025-02-13 23:33:00,night,2025-02-13,night_2025-02-13,685.46,685.76,685.46,685.76,408.0,279721820.0,192582.0
AU,AU2504.XSGE,2025-02-13 23:34:00,night,2025-02-13,night_2025-02-13,685.76,685.76,685.54,685.6,373.0,255742200.0,192579.0
AU,AU2504.XSGE,2025-02-13 23:35:00,night,2025-02-13,night_2025-02-13,685.58,685.66,685.56,685.6,229.0,157002420.0,192586.0
AU,AU2504.XSGE,2025-02-13 23:36:00,night,2025-02-13,night_2025-02-13,685.54,686.02,685.54,686.0,906.0,621391280.0,192678.0
AU,AU2504.XSGE,2025-02-13 23:37:00,night,2025-02-13,night_2025-02-13,685.96,686.1,685.94,686.02,810.0,555688200.0,192706.0
AU,AU2504.XSGE,2025-02-13 23:38:00,night,2025-02-13,night_2025-02-13,686.02,686.06,685.92,686.02,283.0,194130200.0,192716.0
AU,AU2504.XSGE,2025-02-13 23:39:00,night,2025-02-13,night_2025-02-13,686.04,686.18,686.04,686.04,414.0,284048700.0,192664.0
AU,AU2504.XSGE,2025-02-13 23:40:00,night,2025-02-13,night_2025-02-13,686.06,686.1,685.98,686.1,260.0,178367320.0,192699.0
AU,AU2504.XSGE,2025-02-13 23:41:00,night,2025-02-13,night_2025-02-13,686.06,686.12,685.92,685.94,268.0,183849760.0,192708.0
AU,AU2504.XSGE,2025-02-13 23:42:00,night,2025-02-13,night_2025-02-13,685.94,686.04,685.88,685.96,279.0,191381760.0,192716.0
AU,AU2504.XSGE,2025-02-13 23:43:00,night,2025-02-13,night_2025-02-13,686.0,686.0,685.8,685.82,200.0,137178920.0,192686.0
AU,AU2504.XSGE,2025-02-13 23:44:00,night,2025-02-13,night_2025-02-13,685.84,685.84,685.72,685.76,303.0,207792400.0,192666.0
AU,AU2504.XSGE,2025-02-13 23:45:00,night,2025-02-13,night_2025-02-13,685.74,685.8,685.64,685.66,253.0,173483860.0,192650.0
AU,AU2504.XSGE,2025-02-13 23:46:00,night,2025-02-13,night_2025-02-13,685.66,685.66,685.5,685.62,410.0,281081540.0,192624.0
AU,AU2504.XSGE,2025-02-13 23:47:00,night,2025-02-13,night_2025-02-13,685.6,685.74,685.6,685.66,359.0,246158820.0,192666.0
AU,AU2504.XSGE,2025-02-13 23:48:00,night,2025-02-13,night_2025-02-13,685.68,685.84,685.68,685.74,307.0,210527940.0,192696.0
AU,AU2504.XSGE,2025-02-13 23:49:00,night,2025-02-13,night_2025-02-13,685.76,685.84,685.68,685.78,175.0,120012520.0,192684.0
AU,AU2504.XSGE,2025-02-13 23:50:00,night,2025-02-13,night_2025-02-13,685.78,685.92,685.74,685.92,187.0,128255800.0,192650.0
AU,AU2504.XSGE,2025-02-13 23:51:00,night,2025-02-13,night_2025-02-13,685.9,686.08,685.88,686.06,407.0,279201580.0,192677.0
AU,AU2504.XSGE,2025-02-13 23:52:00,night,2025-02-13,night_2025-02-13,686.08,686.12,686.02,686.04,482.0,330682760.0,192678.0
AU,AU2504.XSGE,2025-02-13 23:53:00,night,2025-02-13,night_2025-02-13,686.04,686.1,686.02,686.06,275.0,188666860.0,192709.0
AU,AU2504.XSGE,2025-02-13 23:54:00,night,2025-02-13,night_2025-02-13,686.08,686.16,685.74,685.82,432.0,296338560.0,192746.0
AU,AU2504.XSGE,2025-02-13 23:55:00,night,2025-02-13,night_2025-02-13,685.82,685.9,685.76,685.9,223.0,152936420.0,192717.0
AU,AU2504.XSGE,2025-02-13 23:56:00,night,2025-02-13,night_2025-02-13,685.9,686.06,685.9,686.06,214.0,146802460.0,192699.0
AU,AU2504.XSGE,2025-02-13 23:57:00,night,2025-02-13,night_2025-02-13,686.06,686.08,685.9,685.96,179.0,122792740.0,192707.0
AU,AU2504.XSGE,2025-02-13 23:58:00,night,2025-02-13,night_2025-02-13,685.96,686.0,685.88,685.9,152.0,104262280.0,192734.0
AU,AU2504.XSGE,2025-02-13 23:59:00,night,2025-02-13,night_2025-02-13,685.9,686.0,685.88,686.0,241.0,165321120.0,192756.0
AU,AU2504.XSGE,2025-02-14 00:00:00,night,2025-02-13,night_2025-02-13,686.0,686.02,685.94,685.94,127.0,87119500.0,192775.0
AU,AU2504.XSGE,2025-02-14 00:01:00,night,2025-02-13,night_2025-02-13,685.92,686.02,685.68,685.7,496.0,340178360.0,192821.0
AU,AU2504.XSGE,2025-02-14 00:02:00,night,2025-02-13,night_2025-02-13,685.72,685.78,685.7,685.74,403.0,276353020.0,192830.0
AU,AU2504.XSGE,2025-02-14 00:03:00,night,2025-02-13,night_2025-02-13,685.74,685.78,685.66,685.78,311.0,213253940.0,192861.0
AU,AU2504.XSGE,2025-02-14 00:04:00,night,2025-02-13,night_2025-02-13,685.78,685.88,685.78,685.86,221.0,151570700.0,192856.0
AU,AU2504.XSGE,2025-02-14 00:05:00,night,2025-02-13,night_2025-02-13,685.86,685.88,685.76,685.8,142.0,97385480.0,192873.0
AU,AU2504.XSGE,2025-02-14 00:06:00,night,2025-02-13,night_2025-02-13,685.8,685.9,685.78,685.82,129.0,88475280.0,192858.0
AU,AU2504.XSGE,2025-02-14 00:07:00,night,2025-02-13,night_2025-02-13,685.84,685.9,685.82,685.88,179.0,122769500.0,192882.0
AU,AU2504.XSGE,2025-02-14 00:08:00,night,2025-02-13,night_2025-02-13,685.9,685.92,685.86,685.9,100.0,68589020.0,192856.0
AU,AU2504.XSGE,2025-02-14 00:09:00,night,2025-02-13,night_2025-02-13,685.88,685.88,685.74,685.74,213.0,146072860.0,192859.0
AU,AU2504.XSGE,2025-02-14 00:10:00,night,2025-02-13,night_2025-02-13,685.74,685.78,685.6,685.7,644.0,441566860.0,192646.0
AU,AU2504.XSGE,2025-02-14 00:11:00,night,2025-02-13,night_2025-02-13,685.68,685.84,685.64,685.82,260.0,178295160.0,192635.0
AU,AU2504.XSGE,2025-02-14 00:12:00,night,2025-02-13,night_2025-02-13,685.84,685.94,685.78,685.88,301.0,206446760.0,192586.0
AU,AU2504.XSGE,2025-02-14 00:13:00,night,2025-02-13,night_2025-02-13,685.9,685.92,685.82,685.86,144.0,98764440.0,192576.0
AU,AU2504.XSGE,2025-02-14 00:14:00,night,2025-02-13,night_2025-02-13,685.8,685.84,685.74,685.8,143.0,98068680.0,192572.0
AU,AU2504.XSGE,2025-02-14 00:15:00,night,2025-02-13,night_2025-02-13,685.8,685.8,685.68,685.76,145.0,99432320.0,192560.0
AU,AU2504.XSGE,2025-02-14 00:16:00,night,2025-02-13,night_2025-02-13,685.76,685.76,685.58,685.68,234.0,160444180.0,192565.0
AU,AU2504.XSGE,2025-02-14 00:17:00,night,2025-02-13,night_2025-02-13,685.64,685.66,685.26,685.26,649.0,444864860.0,192439.0
AU,AU2504.XSGE,2025-02-14 00:18:00,night,2025-02-13,night_2025-02-13,685.26,685.48,685.12,685.32,924.0,633160660.0,192277.0
AU,AU2504.XSGE,2025-02-14 00:19:00,night,2025-02-13,night_2025-02-13,685.38,685.44,685.3,685.34,287.0,196698960.0,192293.0
AU,AU2504.XSGE,2025-02-14 00:20:00,night,2025-02-13,night_2025-02-13,685.36,685.38,685.22,685.3,228.0,156252840.0,192305.0
AU,AU2504.XSGE,2025-02-14 00:21:00,night,2025-02-13,night_2025-02-13,685.3,685.3,685.14,685.24,346.0,237080540.0,192298.0
AU,AU2504.XSGE,2025-02-14 00:22:00,night,2025-02-13,night_2025-02-13,685.2,685.44,685.2,685.34,326.0,223426440.0,192286.0
AU,AU2504.XSGE,2025-02-14 00:23:00,night,2025-02-13,night_2025-02-13,685.34,685.4,685.28,685.3,223.0,152829680.0,192331.0
AU,AU2504.XSGE,2025-02-14 00:24:00,night,2025-02-13,night_2025-02-13,685.32,685.34,685.16,685.16,203.0,139111060.0,192348.0
AU,AU2504.XSGE,2025-02-14 00:25:00,night,2025-02-13,night_2025-02-13,685.18,685.28,684.92,685.22,784.0,537092980.0,192245.0
AU,AU2504.XSGE,2025-02-14 00:26:00,night,2025-02-13,night_2025-02-13,685.2,685.22,684.96,685.0,405.0,277445160.0,192173.0
AU,AU2504.XSGE,2025-02-14 00:27:00,night,2025-02-13,night_2025-02-13,684.98,685.32,684.96,685.3,462.0,316556160.0,192130.0
AU,AU2504.XSGE,2025-02-14 00:28:00,night,2025-02-13,night_2025-02-13,685.32,685.4,685.26,685.32,301.0,206285880.0,192108.0
AU,AU2504.XSGE,2025-02-14 00:29:00,night,2025-02-13,night_2025-02-13,685.32,685.32,685.12,685.12,129.0,88392500.0,192112.0
AU,AU2504.XSGE,2025-02-14 00:30:00,night,2025-02-13,night_2025-02-13,685.12,685.28,685.12,685.22,184.0,126082300.0,192131.0
AU,AU2504.XSGE,2025-02-14 00:31:00,night,2025-02-13,night_2025-02-13,685.2,685.28,685.12,685.12,107.0,73317280.0,192140.0
AU,AU2504.XSGE,2025-02-14 00:32:00,night,2025-02-13,night_2025-02-13,685.14,685.2,685.1,685.1,158.0,108253960.0,192196.0
AU,AU2504.XSGE,2025-02-14 00:33:00,night,2025-02-13,night_2025-02-13,685.08,685.1,684.94,685.04,369.0,252764140.0,192185.0
AU,AU2504.XSGE,2025-02-14 00:34:00,night,2025-02-13,night_2025-02-13,685.06,685.1,684.86,685.04,290.0,198644220.0,192178.0
AU,AU2504.XSGE,2025-02-14 00:35:00,night,2025-02-13,night_2025-02-13,685.06,685.26,685.06,685.16,203.0,139087440.0,192166.0
AU,AU2504.XSGE,2025-02-14 00:36:00,night,2025-02-13,night_2025-02-13,685.18,685.18,684.96,684.98,228.0,156190360.0,192138.0
AU,AU2504.XSGE,2025-02-14 00:37:00,night,2025-02-13,night_2025-02-13,684.96,685.08,684.88,685.08,189.0,129460360.0,192130.0
AU,AU2504.XSGE,2025-02-14 00:38:00,night,2025-02-13,night_2025-02-13,685.08,685.16,685.0,685.04,163.0,111668920.0,192128.0
AU,AU2504.XSGE,2025-02-14 00:39:00,night,2025-02-13,night_2025-02-13,685.04,685.06,684.98,685.0,134.0,91792300.0,192120.0
AU,AU2504.XSGE,2025-02-14 00:40:00,night,2025-02-13,night_2025-02-13,685.0,685.08,684.92,685.02,168.0,115076840.0,192131.0
AU,AU2504.XSGE,2025-02-14 00:41:00,night,2025-02-13,night_2025-02-13,685.04,685.06,684.96,685.0,184.0,126044900.0,192142.0
AU,AU2504.XSGE,2025-02-14 00:42:00,night,2025-02-13,night_2025-02-13,685.0,685.06,684.94,685.06,99.0,67813540.0,192141.0
AU,AU2504.XSGE,2025-02-14 00:43:00,night,2025-02-13,night_2025-02-13,685.04,685.38,685.02,685.36,474.0,324807620.0,192091.0
AU,AU2504.XSGE,2025-02-14 00:44:00,night,2025-02-13,night_2025-02-13,685.36,685.46,685.3,685.44,462.0,316646780.0,192018.0
AU,AU2504.XSGE,2025-02-14 00:45:00,night,2025-02-13,night_2025-02-13,685.44,685.5,685.32,685.38,283.0,193971320.0,192066.0
AU,AU2504.XSGE,2025-02-14 00:46:00,night,2025-02-13,night_2025-02-13,685.38,685.4,685.16,685.16,293.0,200785200.0,192082.0
AU,AU2504.XSGE,2025-02-14 00:47:00,night,2025-02-13,night_2025-02-13,685.16,685.18,684.94,685.18,402.0,275387620.0,192092.0
AU,AU2504.XSGE,2025-02-14 00:48:00,night,2025-02-13,night_2025-02-13,685.16,685.16,685.02,685.12,267.0,182922440.0,192123.0
AU,AU2504.XSGE,2025-02-14 00:49:00,night,2025-02-13,night_2025-02-13,685.08,685.2,685.08,685.12,128.0,87698720.0,192111.0
AU,AU2504.XSGE,2025-02-14 00:50:00,night,2025-02-13,night_2025-02-13,685.1,685.18,685.08,685.18,84.0,57551500.0,192115.0
AU,AU2504.XSGE,2025-02-14 00:51:00,night,2025-02-13,night_2025-02-13,685.16,685.16,685.0,685.1,117.0,80153400.0,192098.0
AU,AU2504.XSGE,2025-02-14 00:52:00,night,2025-02-13,night_2025-02-13,685.1,685.12,684.92,685.0,214.0,146593740.0,192098.0
AU,AU2504.XSGE,2025-02-14 00:53:00,night,2025-02-13,night_2025-02-13,685.0,685.02,684.9,685.0,270.0,184937680.0,192173.0
AU,AU2504.XSGE,2025-02-14 00:54:00,night,2025-02-13,night_2025-02-13,684.98,685.04,684.86,684.9,180.0,123292580.0,192173.0
AU,AU2504.XSGE,2025-02-14 00:55:00,night,2025-02-13,night_2025-02-13,684.9,684.94,684.62,684.74,596.0,408133700.0,192088.0
AU,AU2504.XSGE,2025-02-14 00:56:00,night,2025-02-13,night_2025-02-13,684.72,684.9,684.7,684.76,308.0,210916220.0,192116.0
AU,AU2504.XSGE,2025-02-14 00:57:00,night,2025-02-13,night_2025-02-13,684.74,684.96,684.74,684.96,196.0,134228440.0,192113.0
AU,AU2504.XSGE,2025-02-14 00:58:00,night,2025-02-13,night_2025-02-13,684.98,685.02,684.84,684.92,185.0,126715860.0,192115.0
AU,AU2504.XSGE,2025-02-14 00:59:00,night,2025-02-13,night_2025-02-13,684.86,684.9,684.74,684.78,167.0,114364300.0,192131.0
AU,AU2504.XSGE,2025-02-14 01:00:00,night,2025-02-13,night_2025-02-13,684.78,684.94,684.78,684.92,160.0,109578440.0,192146.0
AU,AU2504.XSGE,2025-02-14 01:01:00,night,2025-02-13,night_2025-02-13,684.9,685.04,684.9,684.96,262.0,179463400.0,192201.0
AU,AU2504.XSGE,2025-02-14 01:02:00,night,2025-02-13,night_2025-02-13,684.92,685.02,684.88,685.02,136.0,93155840.0,192215.0
AU,AU2504.XSGE,2025-02-14 01:03:00,night,2025-02-13,night_2025-02-13,685.02,685.08,684.96,685.06,141.0,96588340.0,192194.0
AU,AU2504.XSGE,2025-02-14 01:04:00,night,2025-02-13,night_2025-02-13,685.06,685.2,684.96,685.14,196.0,134271540.0,192151.0
AU,AU2504.XSGE,2025-02-14 01:05:00,night,2025-02-13,night_2025-02-13,685.2,685.3,685.16,685.22,311.0,213108100.0,192139.0
AU,AU2504.XSGE,2025-02-14 01:06:00,night,2025-02-13,night_2025-02-13,685.22,685.36,685.22,685.34,253.0,173380300.0,192173.0
AU,AU2504.XSGE,2025-02-14 01:07:00,night,2025-02-13,night_2025-02-13,685.36,685.44,685.28,685.36,229.0,156948900.0,192209.0
AU,AU2504.XSGE,2025-02-14 01:08:00,night,2025-02-13,night_2025-02-13,685.36,685.44,685.34,685.42,164.0,112403680.0,192205.0
AU,AU2504.XSGE,2025-02-14 01:09:00,night,2025-02-13,night_2025-02-13,685.44,685.48,685.38,685.42,216.0,148056380.0,192245.0
AU,AU2504.XSGE,2025-02-14 01:10:00,night,2025-02-13,night_2025-02-13,685.42,685.6,685.42,685.54,265.0,181666580.0,192241.0
AU,AU2504.XSGE,2025-02-14 01:11:00,night,2025-02-13,night_2025-02-13,685.52,685.52,685.42,685.44,181.0,124070200.0,192227.0
AU,AU2504.XSGE,2025-02-14 01:12:00,night,2025-02-13,night_2025-02-13,685.44,685.5,685.32,685.34,184.0,126112460.0,192206.0
AU,AU2504.XSGE,2025-02-14 01:13:00,night,2025-02-13,night_2025-02-13,685.34,685.54,685.34,685.44,194.0,132976500.0,192254.0
AU,AU2504.XSGE,2025-02-14 01:14:00,night,2025-02-13,night_2025-02-13,685.42,685.5,685.4,685.5,71.0,48666820.0,192267.0
AU,AU2504.XSGE,2025-02-14 01:15:00,night,2025-02-13,night_2025-02-13,685.48,685.52,685.4,685.4,88.0,60321060.0,192268.0
AU,AU2504.XSGE,2025-02-14 01:16:00,night,2025-02-13,night_2025-02-13,685.4,685.4,685.24,685.26,154.0,105535960.0,192256.0
AU,AU2504.XSGE,2025-02-14 01:17:00,night,2025-02-13,night_2025-02-13,685.3,685.42,685.24,685.42,109.0,74697160.0,192251.0
AU,AU2504.XSGE,2025-02-14 01:18:00,night,2025-02-13,night_2025-02-13,685.44,685.44,685.32,685.32,70.0,47976860.0,192241.0
AU,AU2504.XSGE,2025-02-14 01:19:00,night,2025-02-13,night_2025-02-13,685.32,685.4,685.3,685.34,99.0,67850140.0,192231.0
AU,AU2504.XSGE,2025-02-14 01:20:00,night,2025-02-13,night_2025-02-13,685.34,685.34,685.2,685.26,152.0,104163860.0,192227.0
AU,AU2504.XSGE,2025-02-14 01:21:00,night,2025-02-13,night_2025-02-13,685.22,685.44,685.08,685.38,150.0,102784800.0,192228.0
AU,AU2504.XSGE,2025-02-14 01:22:00,night,2025-02-13,night_2025-02-13,685.38,685.54,685.38,685.54,239.0,163827940.0,192234.0
AU,AU2504.XSGE,2025-02-14 01:23:00,night,2025-02-13,night_2025-02-13,685.52,685.52,685.38,685.42,131.0,89791220.0,192236.0
AU,AU2504.XSGE,2025-02-14 01:24:00,night,2025-02-13,night_2025-02-13,685.44,685.52,685.4,685.42,205.0,140523600.0,192191.0
AU,AU2504.XSGE,2025-02-14 01:25:00,night,2025-02-13,night_2025-02-13,685.44,685.52,685.44,685.46,86.0,58952180.0,192198.0
AU,AU2504.XSGE,2025-02-14 01:26:00,night,2025-02-13,night_2025-02-13,685.44,685.5,685.4,685.48,81.0,55521940.0,192191.0
AU,AU2504.XSGE,2025-02-14 01:27:00,night,2025-02-13,night_2025-02-13,685.46,685.46,685.34,685.38,94.0,64428640.0,192171.0
AU,AU2504.XSGE,2025-02-14 01:28:00,night,2025-02-13,night_2025-02-13,685.38,685.38,685.32,685.34,52.0,35638440.0,192164.0
AU,AU2504.XSGE,2025-02-14 01:29:00,night,2025-02-13,night_2025-02-13,685.36,685.38,685.26,685.28,84.0,57567740.0,192158.0
AU,AU2504.XSGE,2025-02-14 01:30:00,night,2025-02-13,night_2025-02-13,685.3,685.38,685.3,685.36,71.0,48659860.0,192158.0
AU,AU2504.XSGE,2025-02-14 01:31:00,night,2025-02-13,night_2025-02-13,685.36,685.44,685.3,685.32,90.0,61681320.0,192154.0
AU,AU2504.XSGE,2025-02-14 01:32:00,night,2025-02-13,night_2025-02-13,685.32,685.32,685.12,685.22,127.0,87020900.0,192154.0
AU,AU2504.XSGE,2025-02-14 01:33:00,night,2025-02-13,night_2025-02-13,685.22,685.24,685.14,685.24,202.0,138405480.0,192106.0
AU,AU2504.XSGE,2025-02-14 01:34:00,night,2025-02-13,night_2025-02-13,685.22,685.3,685.2,685.22,57.0,39059100.0,192089.0
AU,AU2504.XSGE,2025-02-14 01:35:00,night,2025-02-13,night_2025-02-13,685.22,685.22,685.08,685.12,184.0,126068260.0,192084.0
AU,AU2504.XSGE,2025-02-14 01:36:00,night,2025-02-13,night_2025-02-13,685.14,685.26,685.04,685.2,214.0,146620360.0,192055.0
AU,AU2504.XSGE,2025-02-14 01:37:00,night,2025-02-13,night_2025-02-13,685.2,685.26,685.1,685.18,113.0,77426980.0,192049.0
AU,AU2504.XSGE,2025-02-14 01:38:00,night,2025-02-13,night_2025-02-13,685.18,685.26,685.16,685.24,39.0,26723100.0,192036.0
AU,AU2504.XSGE,2025-02-14 01:39:00,night,2025-02-13,night_2025-02-13,685.22,685.36,685.2,685.32,174.0,119236240.0,192058.0
AU,AU2504.XSGE,2025-02-14 01:40:00,night,2025-02-13,night_2025-02-13,685.32,685.44,685.32,685.44,77.0,52774280.0,192052.0
AU,AU2504.XSGE,2025-02-14 01:41:00,night,2025-02-13,night_2025-02-13,685.44,685.56,685.42,685.48,185.0,126813020.0,192083.0
AU,AU2504.XSGE,2025-02-14 01:42:00,night,2025-02-13,night_2025-02-13,685.48,685.5,685.36,685.48,273.0,187125660.0,192124.0
AU,AU2504.XSGE,2025-02-14 01:43:00,night,2025-02-13,night_2025-02-13,685.48,685.52,685.42,685.42,111.0,76087440.0,192137.0
AU,AU2504.XSGE,2025-02-14 01:44:00,night,2025-02-13,night_2025-02-13,685.42,685.48,685.42,685.46,55.0,37699900.0,192126.0
AU,AU2504.XSGE,2025-02-14 01:45:00,night,2025-02-13,night_2025-02-13,685.48,685.5,685.42,685.44,133.0,91168720.0,192115.0
AU,AU2504.XSGE,2025-02-14 01:46:00,night,2025-02-13,night_2025-02-13,685.46,685.48,685.42,685.46,108.0,74027620.0,192111.0
AU,AU2504.XSGE,2025-02-14 01:47:00,night,2025-02-13,night_2025-02-13,685.48,685.72,685.48,685.66,261.0,178944700.0,192093.0
AU,AU2504.XSGE,2025-02-14 01:48:00,night,2025-02-13,night_2025-02-13,685.68,685.96,685.68,685.88,343.0,235242040.0,192120.0
AU,AU2504.XSGE,2025-02-14 01:49:00,night,2025-02-13,night_2025-02-13,685.88,686.08,685.86,685.98,700.0,480201200.0,192177.0
AU,AU2504.XSGE,2025-02-14 01:50:00,night,2025-02-13,night_2025-02-13,685.96,686.04,685.94,686.0,142.0,97411000.0,192211.0
AU,AU2504.XSGE,2025-02-14 01:51:00,night,2025-02-13,night_2025-02-13,686.02,686.04,685.9,685.98,259.0,177663640.0,192221.0
AU,AU2504.XSGE,2025-02-14 01:52:00,night,2025-02-13,night_2025-02-13,685.98,686.0,685.88,685.98,116.0,79567660.0,192237.0
AU,AU2504.XSGE,2025-02-14 01:53:00,night,2025-02-13,night_2025-02-13,686.0,686.08,685.96,686.0,196.0,134460580.0,192227.0
AU,AU2504.XSGE,2025-02-14 01:54:00,night,2025-02-13,night_2025-02-13,685.98,686.06,685.96,685.98,91.0,62427000.0,192247.0
AU,AU2504.XSGE,2025-02-14 01:55:00,night,2025-02-13,night_2025-02-13,686.02,686.04,685.96,686.02,123.0,84378440.0,192259.0
AU,AU2504.XSGE,2025-02-14 01:56:00,night,2025-02-13,night_2025-02-13,685.98,686.1,685.96,686.1,113.0,77522880.0,192269.0
AU,AU2504.XSGE,2025-02-14 01:57:00,night,2025-02-13,night_2025-02-13,686.06,686.2,686.06,686.16,295.0,202412600.0,192329.0
AU,AU2504.XSGE,2025-02-14 01:58:00,night,2025-02-13,night_2025-02-13,686.18,686.32,686.16,686.28,295.0,202448740.0,192364.0
AU,AU2504.XSGE,2025-02-14 01:59:00,night,2025-02-13,night_2025-02-13,686.3,686.3,686.08,686.14,371.0,254561500.0,192329.0
AU,AU2504.XSGE,2025-02-14 02:00:00,night,2025-02-13,night_2025-02-13,686.08,686.22,686.06,686.12,292.0,200348260.0,192279.0
AU,AU2504.XSGE,2025-02-14 02:01:00,night,2025-02-13,night_2025-02-13,686.12,686.16,685.98,686.02,194.0,133090260.0,192262.0
AU,AU2504.XSGE,2025-02-14 02:02:00,night,2025-02-13,night_2025-02-13,686.04,686.06,685.98,686.0,153.0,104960040.0,192256.0
AU,AU2504.XSGE,2025-02-14 02:03:00,night,2025-02-13,night_2025-02-13,686.0,686.02,685.9,685.98,114.0,78199740.0,192264.0
AU,AU2504.XSGE,2025-02-14 02:04:00,night,2025-02-13,night_2025-02-13,685.98,686.14,685.94,686.14,94.0,64487640.0,192264.0
AU,AU2504.XSGE,2025-02-14 02:05:00,night,2025-02-13,night_2025-02-13,686.14,686.14,685.96,685.96,93.0,63802460.0,192256.0
AU,AU2504.XSGE,2025-02-14 02:06:00,night,2025-02-13,night_2025-02-13,685.96,686.08,685.92,686.02,151.0,103585040.0,192246.0
AU,AU2504.XSGE,2025-02-14 02:07:00,night,2025-02-13,night_2025-02-13,685.98,686.06,685.92,686.0,101.0,69284560.0,192247.0
AU,AU2504.XSGE,2025-02-14 02:08:00,night,2025-02-13,night_2025-02-13,685.98,686.12,685.98,686.06,133.0,91244980.0,192230.0
AU,AU2504.XSGE,2025-02-14 02:09:00,night,2025-02-13,night_2025-02-13,686.04,686.12,686.02,686.1,67.0,45967220.0,192236.0
AU,AU2504.XSGE,2025-02-14 02:10:00,night,2025-02-13,night_2025-02-13,686.12,686.12,686.0,686.02,57.0,39104880.0,192218.0
AU,AU2504.XSGE,2025-02-14 02:11:00,night,2025-02-13,night_2025-02-13,686.02,686.04,685.96,686.0,146.0,100155220.0,192193.0
AU,AU2504.XSGE,2025-02-14 02:12:00,night,2025-02-13,night_2025-02-13,686.0,686.06,685.86,685.88,161.0,110435980.0,192203.0
AU,AU2504.XSGE,2025-02-14 02:13:00,night,2025-02-13,night_2025-02-13,685.86,685.96,685.86,685.92,75.0,51442280.0,192184.0
AU,AU2504.XSGE,2025-02-14 02:14:00,night,2025-02-13,night_2025-02-13,685.92,686.02,685.9,685.94,113.0,77513800.0,192197.0
AU,AU2504.XSGE,2025-02-14 02:15:00,night,2025-02-13,night_2025-02-13,685.96,685.96,685.7,685.72,161.0,110418660.0,192208.0
AU,AU2504.XSGE,2025-02-14 02:16:00,night,2025-02-13,night_2025-02-13,685.72,685.84,685.68,685.8,140.0,96007600.0,192187.0
AU,AU2504.XSGE,2025-02-14 02:17:00,night,2025-02-13,night_2025-02-13,685.82,685.82,685.74,685.76,76.0,52119940.0,192175.0
AU,AU2504.XSGE,2025-02-14 02:18:00,night,2025-02-13,night_2025-02-13,685.76,685.8,685.68,685.72,90.0,61715500.0,192170.0
AU,AU2504.XSGE,2025-02-14 02:19:00,night,2025-02-13,night_2025-02-13,685.74,685.76,685.56,685.68,141.0,96678900.0,192127.0
AU,AU2504.XSGE,2025-02-14 02:20:00,night,2025-02-13,night_2025-02-13,685.68,685.7,685.5,685.66,174.0,119296480.0,192105.0
AU,AU2504.XSGE,2025-02-14 02:21:00,night,2025-02-13,night_2025-02-13,685.66,685.66,685.5,685.58,160.0,109689940.0,192066.0
AU,AU2504.XSGE,2025-02-14 02:22:00,night,2025-02-13,night_2025-02-13,685.56,685.56,685.44,685.54,214.0,146697420.0,192016.0
AU,AU2504.XSGE,2025-02-14 02:23:00,night,2025-02-13,night_2025-02-13,685.58,685.82,685.54,685.7,250.0,171427060.0,191944.0
AU,AU2504.XSGE,2025-02-14 02:24:00,night,2025-02-13,night_2025-02-13,685.72,685.74,685.66,685.68,69.0,47313300.0,191924.0
AU,AU2504.XSGE,2025-02-14 02:25:00,night,2025-02-13,night_2025-02-13,685.64,685.74,685.64,685.66,190.0,130278740.0,191885.0
AU,AU2504.XSGE,2025-02-14 02:26:00,night,2025-02-13,night_2025-02-13,685.68,685.74,685.64,685.72,101.0,69254280.0,191874.0
AU,AU2504.XSGE,2025-02-14 02:27:00,night,2025-02-13,night_2025-02-13,685.68,685.74,685.56,685.7,212.0,145363800.0,191866.0
AU,AU2504.XSGE,2025-02-14 02:28:00,night,2025-02-13,night_2025-02-13,685.7,685.7,685.58,685.58,132.0,90500940.0,191827.0
AU,AU2504.XSGE,2025-02-14 02:29:00,night,2025-02-13,night_2025-02-13,685.58,685.66,685.46,685.5,231.0,158354940.0,191744.0
AU,AU2504.XSGE,2025-02-14 02:30:00,night,2025-02-13,night_2025-02-13,685.52,685.68,685.3,685.3,344.0,235839620.0,191606.0
AU,AU2504.XSGE,2025-02-14 09:01:00,day,2025-02-14,day_2025-02-14,686.62,687.6,686.62,687.4,3412.0,2344428100.0,192066.0
AU,AU2504.XSGE,2025-02-14 09:02:00,day,2025-02-14,day_2025-02-14,687.38,687.58,687.36,687.44,1224.0,841448560.0,192302.0
AU,AU2504.XSGE,2025-02-14 09:03:00,day,2025-02-14,day_2025-02-14,687.42,687.76,687.4,687.5,1344.0,924107120.0,192340.0
AU,AU2504.XSGE,2025-02-14 09:04:00,day,2025-02-14,day_2025-02-14,687.52,687.62,687.08,687.12,1164.0,800073100.0,192357.0
AU,AU2504.XSGE,2025-02-14 09:05:00,day,2025-02-14,day_2025-02-14,687.1,687.32,687.04,687.06,734.0,504363420.0,192372.0
AU,AU2504.XSGE,2025-02-14 09:06:00,day,2025-02-14,day_2025-02-14,687.1,687.28,687.02,687.04,693.0,476202220.0,192419.0
AU,AU2504.XSGE,2025-02-14 09:07:00,day,2025-02-14,day_2025-02-14,687.02,687.26,687.0,687.26,526.0,361418880.0,192388.0
AU,AU2504.XSGE,2025-02-14 09:08:00,day,2025-02-14,day_2025-02-14,687.28,687.5,687.24,687.46,860.0,591151140.0,192537.0
AU,AU2504.XSGE,2025-02-14 09:09:00,day,2025-02-14,day_2025-02-14,687.46,687.58,687.28,687.56,799.0,549258400.0,192696.0
AU,AU2504.XSGE,2025-02-14 09:10:00,day,2025-02-14,day_2025-02-14,687.56,687.8,687.5,687.8,1069.0,735072860.0,192780.0
AU,AU2504.XSGE,2025-02-14 09:11:00,day,2025-02-14,day_2025-02-14,687.76,687.84,687.6,687.7,638.0,438763140.0,192886.0
AU,AU2504.XSGE,2025-02-14 09:12:00,day,2025-02-14,day_2025-02-14,687.7,687.92,687.6,687.9,657.0,451840120.0,192932.0
AU,AU2504.XSGE,2025-02-14 09:13:00,day,2025-02-14,day_2025-02-14,687.9,687.94,687.74,687.84,705.0,484924600.0,192992.0
AU,AU2504.XSGE,2025-02-14 09:14:00,day,2025-02-14,day_2025-02-14,687.86,687.86,687.62,687.62,527.0,362429820.0,193034.0
AU,AU2504.XSGE,2025-02-14 09:15:00,day,2025-02-14,day_2025-02-14,687.64,687.72,687.56,687.58,373.0,256491100.0,193021.0
AU,AU2504.XSGE,2025-02-14 09:16:00,day,2025-02-14,day_2025-02-14,687.56,687.78,687.54,687.78,504.0,346589880.0,193072.0
AU,AU2504.XSGE,2025-02-14 09:17:00,day,2025-02-14,day_2025-02-14,687.78,687.88,687.76,687.8,364.0,250367680.0,193137.0
AU,AU2504.XSGE,2025-02-14 09:18:00,day,2025-02-14,day_2025-02-14,687.8,687.88,687.7,687.84,425.0,292304200.0,193226.0
AU,AU2504.XSGE,2025-02-14 09:19:00,day,2025-02-14,day_2025-02-14,687.84,687.9,687.78,687.84,333.0,229054140.0,193260.0
AU,AU2504.XSGE,2025-02-14 09:20:00,day,2025-02-14,day_2025-02-14,687.84,687.86,687.68,687.78,279.0,191880920.0,193260.0
AU,AU2504.XSGE,2025-02-14 09:21:00,day,2025-02-14,day_2025-02-14,687.78,687.86,687.72,687.74,270.0,185698880.0,193233.0
AU,AU2504.XSGE,2025-02-14 09:22:00,day,2025-02-14,day_2025-02-14,687.72,688.22,687.72,688.2,1101.0,757543580.0,193228.0
AU,AU2504.XSGE,2025-02-14 09:23:00,day,2025-02-14,day_2025-02-14,688.18,688.18,687.96,688.08,779.0,536015420.0,193226.0
AU,AU2504.XSGE,2025-02-14 09:24:00,day,2025-02-14,day_2025-02-14,688.06,688.22,688.06,688.2,613.0,421830220.0,193273.0
AU,AU2504.XSGE,2025-02-14 09:25:00,day,2025-02-14,day_2025-02-14,688.2,688.22,688.02,688.06,384.0,264231600.0,193244.0
AU,AU2504.XSGE,2025-02-14 09:26:00,day,2025-02-14,day_2025-02-14,688.06,688.2,688.04,688.18,387.0,266313720.0,193272.0
AU,AU2504.XSGE,2025-02-14 09:27:00,day,2025-02-14,day_2025-02-14,688.26,688.26,687.86,687.88,729.0,501598680.0,193183.0
AU,AU2504.XSGE,2025-02-14 09:28:00,day,2025-02-14,day_2025-02-14,687.86,687.94,687.76,687.78,591.0,406507600.0,193140.0
AU,AU2504.XSGE,2025-02-14 09:29:00,day,2025-02-14,day_2025-02-14,687.8,687.82,687.52,687.6,632.0,434597740.0,192984.0
AU,AU2504.XSGE,2025-02-14 09:30:00,day,2025-02-14,day_2025-02-14,687.6,687.88,687.52,687.88,412.0,283328180.0,192993.0
AU,AU2504.XSGE,2025-02-14 09:31:00,day,2025-02-14,day_2025-02-14,687.82,687.88,687.56,687.64,457.0,314290540.0,193016.0
AU,AU2504.XSGE,2025-02-14 09:32:00,day,2025-02-14,day_2025-02-14,687.64,687.78,687.6,687.62,356.0,244815440.0,192901.0
AU,AU2504.XSGE,2025-02-14 09:33:00,day,2025-02-14,day_2025-02-14,687.62,687.72,687.62,687.68,277.0,190485160.0,192921.0
AU,AU2504.XSGE,2025-02-14 09:34:00,day,2025-02-14,day_2025-02-14,687.68,687.9,687.66,687.88,422.0,290261660.0,192938.0
AU,AU2504.XSGE,2025-02-14 09:35:00,day,2025-02-14,day_2025-02-14,687.84,687.88,687.74,687.8,404.0,277873000.0,192882.0
AU,AU2504.XSGE,2025-02-14 09:36:00,day,2025-02-14,day_2025-02-14,687.76,687.82,687.64,687.64,395.0,271663420.0,192842.0
AU,AU2504.XSGE,2025-02-14 09:37:00,day,2025-02-14,day_2025-02-14,687.66,687.72,687.58,687.68,346.0,237921940.0,192751.0
AU,AU2504.XSGE,2025-02-14 09:38:00,day,2025-02-14,day_2025-02-14,687.64,687.84,687.62,687.74,281.0,193250960.0,192725.0
AU,AU2504.XSGE,2025-02-14 09:39:00,day,2025-02-14,day_2025-02-14,687.74,687.82,687.7,687.76,255.0,175377900.0,192789.0
AU,AU2504.XSGE,2025-02-14 09:40:00,day,2025-02-14,day_2025-02-14,687.76,687.76,687.34,687.64,574.0,394643920.0,192636.0
AU,AU2504.XSGE,2025-02-14 09:41:00,day,2025-02-14,day_2025-02-14,687.66,687.68,687.48,687.48,327.0,224841180.0,192624.0
AU,AU2504.XSGE,2025-02-14 09:42:00,day,2025-02-14,day_2025-02-14,687.5,687.52,687.1,687.24,1346.0,925054480.0,192323.0
AU,AU2504.XSGE,2025-02-14 09:43:00,day,2025-02-14,day_2025-02-14,687.24,687.4,687.1,687.32,565.0,388276520.0,192246.0
AU,AU2504.XSGE,2025-02-14 09:44:00,day,2025-02-14,day_2025-02-14,687.36,687.38,687.24,687.32,212.0,145708260.0,192192.0
AU,AU2504.XSGE,2025-02-14 09:45:00,day,2025-02-14,day_2025-02-14,687.34,687.46,687.26,687.26,233.0,160164420.0,192176.0
AU,AU2504.XSGE,2025-02-14 09:46:00,day,2025-02-14,day_2025-02-14,687.28,687.32,687.14,687.24,255.0,175244240.0,192166.0
AU,AU2504.XSGE,2025-02-14 09:47:00,day,2025-02-14,day_2025-02-14,687.24,687.4,687.1,687.34,389.0,267346560.0,192132.0
AU,AU2504.XSGE,2025-02-14 09:48:00,day,2025-02-14,day_2025-02-14,687.36,687.62,687.32,687.58,418.0,287371860.0,192125.0
AU,AU2504.XSGE,2025-02-14 09:49:00,day,2025-02-14,day_2025-02-14,687.56,687.7,687.52,687.6,269.0,184965540.0,192130.0
AU,AU2504.XSGE,2025-02-14 09:50:00,day,2025-02-14,day_2025-02-14,687.64,687.64,687.4,687.44,193.0,132685760.0,192140.0
AU,AU2504.XSGE,2025-02-14 09:51:00,day,2025-02-14,day_2025-02-14,687.44,687.44,687.28,687.3,285.0,195897160.0,192170.0
AU,AU2504.XSGE,2025-02-14 09:52:00,day,2025-02-14,day_2025-02-14,687.28,687.42,687.18,687.34,254.0,174569100.0,192150.0
AU,AU2504.XSGE,2025-02-14 09:53:00,day,2025-02-14,day_2025-02-14,687.36,687.42,687.26,687.28,205.0,140901900.0,192143.0
AU,AU2504.XSGE,2025-02-14 09:54:00,day,2025-02-14,day_2025-02-14,687.28,687.38,687.14,687.38,275.0,188995840.0,192091.0
AU,AU2504.XSGE,2025-02-14 09:55:00,day,2025-02-14,day_2025-02-14,687.4,687.62,687.4,687.56,264.0,181494100.0,192092.0
AU,AU2504.XSGE,2025-02-14 09:56:00,day,2025-02-14,day_2025-02-14,687.56,687.58,687.28,687.42,360.0,247457920.0,192115.0
AU,AU2504.XSGE,2025-02-14 09:57:00,day,2025-02-14,day_2025-02-14,687.42,687.46,687.32,687.38,252.0,173225260.0,192151.0
AU,AU2504.XSGE,2025-02-14 09:58:00,day,2025-02-14,day_2025-02-14,687.34,687.58,687.34,687.54,286.0,196610100.0,192133.0
AU,AU2504.XSGE,2025-02-14 09:59:00,day,2025-02-14,day_2025-02-14,687.56,687.58,687.5,687.56,143.0,98318460.0,192132.0
AU,AU2504.XSGE,2025-02-14 10:00:00,day,2025-02-14,day_2025-02-14,687.54,687.62,687.5,687.5,189.0,129948300.0,192169.0
AU,AU2504.XSGE,2025-02-14 10:01:00,day,2025-02-14,day_2025-02-14,687.48,687.66,687.3,687.32,387.0,266056660.0,192139.0
AU,AU2504.XSGE,2025-02-14 10:02:00,day,2025-02-14,day_2025-02-14,687.3,687.4,687.2,687.36,440.0,302394940.0,192138.0
AU,AU2504.XSGE,2025-02-14 10:03:00,day,2025-02-14,day_2025-02-14,687.36,687.38,687.22,687.3,314.0,215808220.0,192116.0
AU,AU2504.XSGE,2025-02-14 10:04:00,day,2025-02-14,day_2025-02-14,687.32,687.34,687.24,687.3,258.0,177319960.0,192083.0
AU,AU2504.XSGE,2025-02-14 10:05:00,day,2025-02-14,day_2025-02-14,687.26,687.36,687.16,687.36,445.0,305826560.0,191955.0
AU,AU2504.XSGE,2025-02-14 10:06:00,day,2025-02-14,day_2025-02-14,687.32,687.42,687.28,687.34,309.0,212390200.0,191912.0
AU,AU2504.XSGE,2025-02-14 10:07:00,day,2025-02-14,day_2025-02-14,687.36,687.42,687.28,687.4,315.0,216515040.0,191768.0
AU,AU2504.XSGE,2025-02-14 10:08:00,day,2025-02-14,day_2025-02-14,687.42,687.48,687.16,687.28,389.0,267353880.0,191793.0
AU,AU2504.XSGE,2025-02-14 10:09:00,day,2025-02-14,day_2025-02-14,687.28,687.28,687.16,687.22,213.0,146374940.0,191741.0
AU,AU2504.XSGE,2025-02-14 10:10:00,day,2025-02-14,day_2025-02-14,687.26,687.42,687.22,687.36,177.0,121655920.0,191715.0
AU,AU2504.XSGE,2025-02-14 10:11:00,day,2025-02-14,day_2025-02-14,687.36,687.36,687.16,687.28,258.0,177302240.0,191718.0
AU,AU2504.XSGE,2025-02-14 10:12:00,day,2025-02-14,day_2025-02-14,687.26,687.26,687.08,687.08,366.0,251499640.0,191742.0
AU,AU2504.XSGE,2025-02-14 10:13:00,day,2025-02-14,day_2025-02-14,687.08,687.28,687.08,687.26,312.0,214408100.0,191688.0
AU,AU2504.XSGE,2025-02-14 10:14:00,day,2025-02-14,day_2025-02-14,687.26,687.32,686.88,686.98,1078.0,740653360.0,191757.0
AU,AU2504.XSGE,2025-02-14 10:15:00,day,2025-02-14,day_2025-02-14,686.98,687.28,686.98,687.22,410.0,281718260.0,191651.0
AU,AU2504.XSGE,2025-02-14 10:31:00,day,2025-02-14,day_2025-02-14,687.2,687.3,687.12,687.3,549.0,377278300.0,191743.0
AU,AU2504.XSGE,2025-02-14 10:32:00,day,2025-02-14,day_2025-02-14,687.28,687.36,687.24,687.28,242.0,166327400.0,191768.0
AU,AU2504.XSGE,2025-02-14 10:33:00,day,2025-02-14,day_2025-02-14,687.3,687.4,687.28,687.32,190.0,130595860.0,191763.0
AU,AU2504.XSGE,2025-02-14 10:34:00,day,2025-02-14,day_2025-02-14,687.36,687.48,687.3,687.3,393.0,270152780.0,191825.0
AU,AU2504.XSGE,2025-02-14 10:35:00,day,2025-02-14,day_2025-02-14,687.28,687.48,687.26,687.44,256.0,175965640.0,191811.0
AU,AU2504.XSGE,2025-02-14 10:36:00,day,2025-02-14,day_2025-02-14,687.46,687.46,687.36,687.36,198.0,136103780.0,191768.0
AU,AU2504.XSGE,2025-02-14 10:37:00,day,2025-02-14,day_2025-02-14,687.4,687.5,687.4,687.46,257.0,176678120.0,191776.0
AU,AU2504.XSGE,2025-02-14 10:38:00,day,2025-02-14,day_2025-02-14,687.5,687.58,687.48,687.5,259.0,178067640.0,191825.0
AU,AU2504.XSGE,2025-02-14 10:39:00,day,2025-02-14,day_2025-02-14,687.52,687.68,687.52,687.6,306.0,210408120.0,191844.0
AU,AU2504.XSGE,2025-02-14 10:40:00,day,2025-02-14,day_2025-02-14,687.62,687.62,687.52,687.6,263.0,180831180.0,191814.0
AU,AU2504.XSGE,2025-02-14 10:41:00,day,2025-02-14,day_2025-02-14,687.6,687.7,687.46,687.46,396.0,272297860.0,191847.0
AU,AU2504.XSGE,2025-02-14 10:42:00,day,2025-02-14,day_2025-02-14,687.5,687.56,687.46,687.5,177.0,121688660.0,191832.0
AU,AU2504.XSGE,2025-02-14 10:43:00,day,2025-02-14,day_2025-02-14,687.5,687.52,687.36,687.48,207.0,142302100.0,191807.0
AU,AU2504.XSGE,2025-02-14 10:44:00,day,2025-02-14,day_2025-02-14,687.48,687.5,687.26,687.32,286.0,196579980.0,191760.0
AU,AU2504.XSGE,2025-02-14 10:45:00,day,2025-02-14,day_2025-02-14,687.3,687.32,687.22,687.32,162.0,111338240.0,191742.0
AU,AU2504.XSGE,2025-02-14 10:46:00,day,2025-02-14,day_2025-02-14,687.3,687.32,687.18,687.3,249.0,171120540.0,191726.0
AU,AU2504.XSGE,2025-02-14 10:47:00,day,2025-02-14,day_2025-02-14,687.3,687.32,687.18,687.22,127.0,87279580.0,191722.0
AU,AU2504.XSGE,2025-02-14 10:48:00,day,2025-02-14,day_2025-02-14,687.22,687.3,687.1,687.3,316.0,217146660.0,191693.0
AU,AU2504.XSGE,2025-02-14 10:49:00,day,2025-02-14,day_2025-02-14,687.32,687.44,687.32,687.38,250.0,171850620.0,191653.0
AU,AU2504.XSGE,2025-02-14 10:50:00,day,2025-02-14,day_2025-02-14,687.36,687.44,687.34,687.4,149.0,102421420.0,191636.0
AU,AU2504.XSGE,2025-02-14 10:51:00,day,2025-02-14,day_2025-02-14,687.4,687.56,687.4,687.52,241.0,165688740.0,191665.0
AU,AU2504.XSGE,2025-02-14 10:52:00,day,2025-02-14,day_2025-02-14,687.52,687.6,687.42,687.42,371.0,255080900.0,191732.0
AU,AU2504.XSGE,2025-02-14 10:53:00,day,2025-02-14,day_2025-02-14,687.4,687.48,687.32,687.34,216.0,148476620.0,191710.0
AU,AU2504.XSGE,2025-02-14 10:54:00,day,2025-02-14,day_2025-02-14,687.38,687.48,687.34,687.4,108.0,74240640.0,191717.0
AU,AU2504.XSGE,2025-02-14 10:55:00,day,2025-02-14,day_2025-02-14,687.4,687.56,687.36,687.44,197.0,135428340.0,191676.0
AU,AU2504.XSGE,2025-02-14 10:56:00,day,2025-02-14,day_2025-02-14,687.46,687.46,687.28,687.32,189.0,129910500.0,191658.0
AU,AU2504.XSGE,2025-02-14 10:57:00,day,2025-02-14,day_2025-02-14,687.26,687.32,687.24,687.3,172.0,118211680.0,191639.0
AU,AU2504.XSGE,2025-02-14 10:58:00,day,2025-02-14,day_2025-02-14,687.3,687.34,687.24,687.24,113.0,77665620.0,191629.0
AU,AU2504.XSGE,2025-02-14 10:59:00,day,2025-02-14,day_2025-02-14,687.22,687.36,687.22,687.3,104.0,71475600.0,191603.0
AU,AU2504.XSGE,2025-02-14 11:00:00,day,2025-02-14,day_2025-02-14,687.32,687.32,687.28,687.28,120.0,82474400.0,191572.0
AU,AU2504.XSGE,2025-02-14 11:01:00,day,2025-02-14,day_2025-02-14,687.3,687.38,687.14,687.36,269.0,184870560.0,191532.0
AU,AU2504.XSGE,2025-02-14 11:02:00,day,2025-02-14,day_2025-02-14,687.36,687.52,687.36,687.44,209.0,143676600.0,191539.0
AU,AU2504.XSGE,2025-02-14 11:03:00,day,2025-02-14,day_2025-02-14,687.46,687.56,687.44,687.54,237.0,162940340.0,191547.0
AU,AU2504.XSGE,2025-02-14 11:04:00,day,2025-02-14,day_2025-02-14,687.56,687.62,687.48,687.52,349.0,239952000.0,191578.0
AU,AU2504.XSGE,2025-02-14 11:05:00,day,2025-02-14,day_2025-02-14,687.54,687.7,687.52,687.68,360.0,247544960.0,191632.0
AU,AU2504.XSGE,2025-02-14 11:06:00,day,2025-02-14,day_2025-02-14,687.68,687.72,687.58,687.6,380.0,261309580.0,191748.0
AU,AU2504.XSGE,2025-02-14 11:07:00,day,2025-02-14,day_2025-02-14,687.6,687.66,687.5,687.56,300.0,206269380.0,191813.0
AU,AU2504.XSGE,2025-02-14 11:08:00,day,2025-02-14,day_2025-02-14,687.58,687.66,687.56,687.66,121.0,83203380.0,191803.0
AU,AU2504.XSGE,2025-02-14 11:09:00,day,2025-02-14,day_2025-02-14,687.62,687.68,687.48,687.56,459.0,315603020.0,191730.0
AU,AU2504.XSGE,2025-02-14 11:10:00,day,2025-02-14,day_2025-02-14,687.54,687.74,687.54,687.7,443.0,304640380.0,191814.0
AU,AU2504.XSGE,2025-02-14 11:11:00,day,2025-02-14,day_2025-02-14,687.68,687.78,687.66,687.76,360.0,247574600.0,191890.0
AU,AU2504.XSGE,2025-02-14 11:12:00,day,2025-02-14,day_2025-02-14,687.76,687.78,687.6,687.62,186.0,127912680.0,191900.0
AU,AU2504.XSGE,2025-02-14 11:13:00,day,2025-02-14,day_2025-02-14,687.62,687.72,687.62,687.62,179.0,123091860.0,191908.0
AU,AU2504.XSGE,2025-02-14 11:14:00,day,2025-02-14,day_2025-02-14,687.64,687.66,687.52,687.6,248.0,170524900.0,191912.0
AU,AU2504.XSGE,2025-02-14 11:15:00,day,2025-02-14,day_2025-02-14,687.6,687.64,687.56,687.56,133.0,91450760.0,191894.0
AU,AU2504.XSGE,2025-02-14 11:16:00,day,2025-02-14,day_2025-02-14,687.58,687.76,687.56,687.72,229.0,157480680.0,191897.0
AU,AU2504.XSGE,2025-02-14 11:17:00,day,2025-02-14,day_2025-02-14,687.7,687.76,687.62,687.7,208.0,143041780.0,191920.0
AU,AU2504.XSGE,2025-02-14 11:18:00,day,2025-02-14,day_2025-02-14,687.7,687.78,687.68,687.72,189.0,129983280.0,191959.0
AU,AU2504.XSGE,2025-02-14 11:19:00,day,2025-02-14,day_2025-02-14,687.72,687.74,687.68,687.74,122.0,83901280.0,191966.0
AU,AU2504.XSGE,2025-02-14 11:20:00,day,2025-02-14,day_2025-02-14,687.74,687.76,687.64,687.7,99.0,68080680.0,191962.0
AU,AU2504.XSGE,2025-02-14 11:21:00,day,2025-02-14,day_2025-02-14,687.7,687.78,687.62,687.76,202.0,138917020.0,191940.0
AU,AU2504.XSGE,2025-02-14 11:22:00,day,2025-02-14,day_2025-02-14,687.74,687.88,687.72,687.86,312.0,214597620.0,192010.0
AU,AU2504.XSGE,2025-02-14 11:23:00,day,2025-02-14,day_2025-02-14,687.86,687.92,687.7,687.7,255.0,175394640.0,191976.0
AU,AU2504.XSGE,2025-02-14 11:24:00,day,2025-02-14,day_2025-02-14,687.68,687.74,687.58,687.66,263.0,180855460.0,191952.0
AU,AU2504.XSGE,2025-02-14 11:25:00,day,2025-02-14,day_2025-02-14,687.66,687.68,687.6,687.64,150.0,103145400.0,191908.0
AU,AU2504.XSGE,2025-02-14 11:26:00,day,2025-02-14,day_2025-02-14,687.64,687.66,687.56,687.56,176.0,121018940.0,191853.0
AU,AU2504.XSGE,2025-02-14 11:27:00,day,2025-02-14,day_2025-02-14,687.56,687.62,687.52,687.52,152.0,104509100.0,191809.0
AU,AU2504.XSGE,2025-02-14 11:28:00,day,2025-02-14,day_2025-02-14,687.52,687.56,687.36,687.42,363.0,249547640.0,191777.0
AU,AU2504.XSGE,2025-02-14 11:29:00,day,2025-02-14,day_2025-02-14,687.42,687.58,687.4,687.5,363.0,249557760.0,191621.0
AU,AU2504.XSGE,2025-02-14 11:30:00,day,2025-02-14,day_2025-02-14,687.5,687.52,687.4,687.48,296.0,203484180.0,191519.0
AU,AU2504.XSGE,2025-02-14 13:31:00,day,2025-02-14,day_2025-02-14,687.42,687.6,687.4,687.5,628.0,431741140.0,191457.0
AU,AU2504.XSGE,2025-02-14 13:32:00,day,2025-02-14,day_2025-02-14,687.5,687.56,687.4,687.56,278.0,191119520.0,191448.0
AU,AU2504.XSGE,2025-02-14 13:33:00,day,2025-02-14,day_2025-02-14,687.52,687.52,687.12,687.12,630.0,432992160.0,191347.0
AU,AU2504.XSGE,2025-02-14 13:34:00,day,2025-02-14,day_2025-02-14,687.14,687.14,686.9,686.98,795.0,546168280.0,191240.0
AU,AU2504.XSGE,2025-02-14 13:35:00,day,2025-02-14,day_2025-02-14,686.96,687.02,686.88,686.92,535.0,367517940.0,191235.0
AU,AU2504.XSGE,2025-02-14 13:36:00,day,2025-02-14,day_2025-02-14,686.92,687.1,686.78,687.1,781.0,536493320.0,191010.0
AU,AU2504.XSGE,2025-02-14 13:37:00,day,2025-02-14,day_2025-02-14,687.1,687.28,687.0,687.26,836.0,574461740.0,190817.0
AU,AU2504.XSGE,2025-02-14 13:38:00,day,2025-02-14,day_2025-02-14,687.26,687.46,687.18,687.46,685.0,470813660.0,190762.0
AU,AU2504.XSGE,2025-02-14 13:39:00,day,2025-02-14,day_2025-02-14,687.46,687.46,687.26,687.32,341.0,234388820.0,190797.0
AU,AU2504.XSGE,2025-02-14 13:40:00,day,2025-02-14,day_2025-02-14,687.32,687.4,687.24,687.34,247.0,169765320.0,190826.0
AU,AU2504.XSGE,2025-02-14 13:41:00,day,2025-02-14,day_2025-02-14,687.34,687.44,687.22,687.42,240.0,164959680.0,190836.0
AU,AU2504.XSGE,2025-02-14 13:42:00,day,2025-02-14,day_2025-02-14,687.4,687.52,687.38,687.38,420.0,288731360.0,190856.0
AU,AU2504.XSGE,2025-02-14 13:43:00,day,2025-02-14,day_2025-02-14,687.4,687.4,687.32,687.36,148.0,101731660.0,190859.0
AU,AU2504.XSGE,2025-02-14 13:44:00,day,2025-02-14,day_2025-02-14,687.38,687.42,687.32,687.32,155.0,106542880.0,190845.0
AU,AU2504.XSGE,2025-02-14 13:45:00,day,2025-02-14,day_2025-02-14,687.34,687.54,687.32,687.48,364.0,250229100.0,190761.0
AU,AU2504.XSGE,2025-02-14 13:46:00,day,2025-02-14,day_2025-02-14,687.52,687.74,687.48,687.72,541.0,372003780.0,190727.0
AU,AU2504.XSGE,2025-02-14 13:47:00,day,2025-02-14,day_2025-02-14,687.74,687.92,687.68,687.88,783.0,538575060.0,190707.0
AU,AU2504.XSGE,2025-02-14 13:48:00,day,2025-02-14,day_2025-02-14,687.9,687.92,687.68,687.68,536.0,368675600.0,190681.0
AU,AU2504.XSGE,2025-02-14 13:49:00,day,2025-02-14,day_2025-02-14,687.66,687.74,687.62,687.66,216.0,148536620.0,190683.0
AU,AU2504.XSGE,2025-02-14 13:50:00,day,2025-02-14,day_2025-02-14,687.64,687.82,687.64,687.72,595.0,409212880.0,190820.0
AU,AU2504.XSGE,2025-02-14 13:51:00,day,2025-02-14,day_2025-02-14,687.76,688.0,687.76,687.96,592.0,407247880.0,190740.0
AU,AU2504.XSGE,2025-02-14 13:52:00,day,2025-02-14,day_2025-02-14,687.96,688.2,687.96,688.1,822.0,565625540.0,190840.0
AU,AU2504.XSGE,2025-02-14 13:53:00,day,2025-02-14,day_2025-02-14,688.14,688.18,687.92,688.02,485.0,333693140.0,190877.0
AU,AU2504.XSGE,2025-02-14 13:54:00,day,2025-02-14,day_2025-02-14,688.02,688.12,687.96,687.98,361.0,248378280.0,190913.0
AU,AU2504.XSGE,2025-02-14 13:55:00,day,2025-02-14,day_2025-02-14,687.98,688.02,687.92,687.98,222.0,152730720.0,190933.0
AU,AU2504.XSGE,2025-02-14 13:56:00,day,2025-02-14,day_2025-02-14,687.98,688.04,687.96,688.0,202.0,138976780.0,190967.0
AU,AU2504.XSGE,2025-02-14 13:57:00,day,2025-02-14,day_2025-02-14,688.0,688.02,687.94,687.96,149.0,102508260.0,190955.0
AU,AU2504.XSGE,2025-02-14 13:58:00,day,2025-02-14,day_2025-02-14,687.96,688.1,687.82,687.82,357.0,245605180.0,190966.0
AU,AU2504.XSGE,2025-02-14 13:59:00,day,2025-02-14,day_2025-02-14,687.86,687.98,687.8,687.82,292.0,200865100.0,190926.0
AU,AU2504.XSGE,2025-02-14 14:00:00,day,2025-02-14,day_2025-02-14,687.8,687.94,687.78,687.82,249.0,171273880.0,190918.0
AU,AU2504.XSGE,2025-02-14 14:01:00,day,2025-02-14,day_2025-02-14,687.82,687.96,687.72,687.9,336.0,231115640.0,190943.0
AU,AU2504.XSGE,2025-02-14 14:02:00,day,2025-02-14,day_2025-02-14,687.88,687.98,687.78,687.82,362.0,249009680.0,190923.0
AU,AU2504.XSGE,2025-02-14 14:03:00,day,2025-02-14,day_2025-02-14,687.82,688.0,687.8,688.0,287.0,197431900.0,190890.0
AU,AU2504.XSGE,2025-02-14 14:04:00,day,2025-02-14,day_2025-02-14,688.0,688.2,687.98,688.02,1121.0,771401380.0,191020.0
AU,AU2504.XSGE,2025-02-14 14:05:00,day,2025-02-14,day_2025-02-14,688.02,688.24,687.86,688.22,515.0,354350180.0,191043.0
AU,AU2504.XSGE,2025-02-14 14:06:00,day,2025-02-14,day_2025-02-14,688.2,688.32,688.1,688.22,581.0,399856560.0,191134.0
AU,AU2504.XSGE,2025-02-14 14:07:00,day,2025-02-14,day_2025-02-14,688.2,688.24,688.08,688.14,263.0,180984220.0,191164.0
AU,AU2504.XSGE,2025-02-14 14:08:00,day,2025-02-14,day_2025-02-14,688.14,688.16,688.04,688.08,283.0,194731380.0,191183.0
AU,AU2504.XSGE,2025-02-14 14:09:00,day,2025-02-14,day_2025-02-14,688.1,688.16,688.04,688.06,274.0,188538740.0,191175.0
AU,AU2504.XSGE,2025-02-14 14:10:00,day,2025-02-14,day_2025-02-14,688.06,688.4,688.06,688.34,507.0,348952900.0,191187.0
AU,AU2504.XSGE,2025-02-14 14:11:00,day,2025-02-14,day_2025-02-14,688.34,688.36,688.18,688.24,366.0,251905780.0,191252.0
AU,AU2504.XSGE,2025-02-14 14:12:00,day,2025-02-14,day_2025-02-14,688.24,688.3,688.14,688.14,467.0,321395640.0,191344.0
AU,AU2504.XSGE,2025-02-14 14:13:00,day,2025-02-14,day_2025-02-14,688.14,688.22,687.96,687.98,506.0,348174320.0,191364.0
AU,AU2504.XSGE,2025-02-14 14:14:00,day,2025-02-14,day_2025-02-14,687.96,688.04,687.92,688.02,412.0,283443160.0,191362.0
AU,AU2504.XSGE,2025-02-14 14:15:00,day,2025-02-14,day_2025-02-14,688.02,688.24,687.96,688.12,391.0,269051900.0,191326.0
AU,AU2504.XSGE,2025-02-14 14:16:00,day,2025-02-14,day_2025-02-14,688.12,688.14,687.98,688.04,230.0,158250520.0,191281.0
AU,AU2504.XSGE,2025-02-14 14:17:00,day,2025-02-14,day_2025-02-14,688.06,688.12,687.98,688.08,303.0,208471140.0,191258.0
AU,AU2504.XSGE,2025-02-14 14:18:00,day,2025-02-14,day_2025-02-14,688.1,688.24,688.08,688.12,311.0,214025120.0,191208.0
AU,AU2504.XSGE,2025-02-14 14:19:00,day,2025-02-14,day_2025-02-14,688.1,688.16,688.04,688.16,229.0,157575600.0,191200.0
AU,AU2504.XSGE,2025-02-14 14:20:00,day,2025-02-14,day_2025-02-14,688.16,688.24,688.08,688.16,227.0,156218160.0,191236.0
AU,AU2504.XSGE,2025-02-14 14:21:00,day,2025-02-14,day_2025-02-14,688.14,688.28,688.14,688.22,271.0,186504860.0,191234.0
AU,AU2504.XSGE,2025-02-14 14:22:00,day,2025-02-14,day_2025-02-14,688.22,688.22,687.94,687.98,611.0,420409080.0,191178.0
AU,AU2504.XSGE,2025-02-14 14:23:00,day,2025-02-14,day_2025-02-14,687.96,688.1,687.96,688.02,351.0,241498720.0,191100.0
AU,AU2504.XSGE,2025-02-14 14:24:00,day,2025-02-14,day_2025-02-14,688.0,688.04,687.96,688.0,188.0,129343700.0,191089.0
AU,AU2504.XSGE,2025-02-14 14:25:00,day,2025-02-14,day_2025-02-14,688.02,688.1,687.96,688.0,345.0,237366700.0,191035.0
AU,AU2504.XSGE,2025-02-14 14:26:00,day,2025-02-14,day_2025-02-14,688.0,688.02,687.86,687.86,278.0,191239400.0,190970.0
AU,AU2504.XSGE,2025-02-14 14:27:00,day,2025-02-14,day_2025-02-14,687.88,687.96,687.82,687.92,223.0,153397780.0,190937.0
AU,AU2504.XSGE,2025-02-14 14:28:00,day,2025-02-14,day_2025-02-14,687.94,688.04,687.9,688.02,152.0,104570580.0,190931.0
AU,AU2504.XSGE,2025-02-14 14:29:00,day,2025-02-14,day_2025-02-14,688.04,688.1,687.96,688.06,258.0,177508780.0,190911.0
AU,AU2504.XSGE,2025-02-14 14:30:00,day,2025-02-14,day_2025-02-14,688.08,688.08,688.0,688.06,182.0,125223020.0,190895.0
AU,AU2504.XSGE,2025-02-14 14:31:00,day,2025-02-14,day_2025-02-14,688.04,688.08,687.94,688.04,347.0,238737800.0,190887.0
AU,AU2504.XSGE,2025-02-14 14:32:00,day,2025-02-14,day_2025-02-14,688.04,688.2,688.04,688.12,588.0,404625460.0,190817.0
AU,AU2504.XSGE,2025-02-14 14:33:00,day,2025-02-14,day_2025-02-14,688.14,688.14,687.98,688.0,208.0,143119500.0,190799.0
AU,AU2504.XSGE,2025-02-14 14:34:00,day,2025-02-14,day_2025-02-14,688.0,688.1,687.98,688.02,209.0,143801080.0,190800.0
AU,AU2504.XSGE,2025-02-14 14:35:00,day,2025-02-14,day_2025-02-14,688.02,688.2,688.0,688.18,282.0,194052420.0,190760.0
AU,AU2504.XSGE,2025-02-14 14:36:00,day,2025-02-14,day_2025-02-14,688.18,688.2,688.12,688.16,180.0,123869900.0,190772.0
AU,AU2504.XSGE,2025-02-14 14:37:00,day,2025-02-14,day_2025-02-14,688.16,688.2,688.1,688.14,131.0,90147480.0,190778.0
AU,AU2504.XSGE,2025-02-14 14:38:00,day,2025-02-14,day_2025-02-14,688.14,688.2,688.06,688.1,197.0,135562160.0,190826.0
AU,AU2504.XSGE,2025-02-14 14:39:00,day,2025-02-14,day_2025-02-14,688.14,688.24,688.12,688.14,319.0,219531880.0,190899.0
AU,AU2504.XSGE,2025-02-14 14:40:00,day,2025-02-14,day_2025-02-14,688.14,688.18,688.1,688.14,186.0,127994120.0,190917.0
AU,AU2504.XSGE,2025-02-14 14:41:00,day,2025-02-14,day_2025-02-14,688.14,688.18,688.08,688.14,140.0,96337760.0,190906.0
AU,AU2504.XSGE,2025-02-14 14:42:00,day,2025-02-14,day_2025-02-14,688.16,688.28,688.1,688.26,402.0,276661980.0,190999.0
AU,AU2504.XSGE,2025-02-14 14:43:00,day,2025-02-14,day_2025-02-14,688.26,688.52,688.26,688.48,633.0,435756080.0,191036.0
AU,AU2504.XSGE,2025-02-14 14:44:00,day,2025-02-14,day_2025-02-14,688.5,688.66,688.38,688.64,585.0,402772160.0,191159.0
AU,AU2504.XSGE,2025-02-14 14:45:00,day,2025-02-14,day_2025-02-14,688.66,688.66,688.46,688.52,518.0,356662760.0,191259.0
AU,AU2504.XSGE,2025-02-14 14:46:00,day,2025-02-14,day_2025-02-14,688.52,688.52,688.3,688.4,486.0,334573960.0,191260.0
AU,AU2504.XSGE,2025-02-14 14:47:00,day,2025-02-14,day_2025-02-14,688.38,688.6,688.36,688.56,359.0,247172420.0,191304.0
AU,AU2504.XSGE,2025-02-14 14:48:00,day,2025-02-14,day_2025-02-14,688.54,688.6,688.46,688.5,282.0,194165660.0,191391.0
AU,AU2504.XSGE,2025-02-14 14:49:00,day,2025-02-14,day_2025-02-14,688.5,688.58,688.46,688.48,347.0,238914640.0,191438.0
AU,AU2504.XSGE,2025-02-14 14:50:00,day,2025-02-14,day_2025-02-14,688.48,688.56,688.46,688.5,272.0,187279060.0,191399.0
AU,AU2504.XSGE,2025-02-14 14:51:00,day,2025-02-14,day_2025-02-14,688.5,688.5,688.3,688.34,506.0,348327500.0,191323.0
AU,AU2504.XSGE,2025-02-14 14:52:00,day,2025-02-14,day_2025-02-14,688.34,688.34,688.22,688.34,387.0,266366140.0,191213.0
AU,AU2504.XSGE,2025-02-14 14:53:00,day,2025-02-14,day_2025-02-14,688.34,688.34,688.14,688.22,449.0,309015440.0,191114.0
AU,AU2504.XSGE,2025-02-14 14:54:00,day,2025-02-14,day_2025-02-14,688.2,688.24,688.12,688.12,230.0,158281660.0,191077.0
AU,AU2504.XSGE,2025-02-14 14:55:00,day,2025-02-14,day_2025-02-14,688.12,688.12,687.92,688.02,677.0,465770780.0,190875.0
AU,AU2504.XSGE,2025-02-14 14:56:00,day,2025-02-14,day_2025-02-14,688.04,688.26,687.98,688.26,359.0,247038300.0,190778.0
AU,AU2504.XSGE,2025-02-14 14:57:00,day,2025-02-14,day_2025-02-14,688.24,688.26,688.14,688.18,379.0,260829460.0,190806.0
AU,AU2504.XSGE,2025-02-14 14:58:00,day,2025-02-14,day_2025-02-14,688.18,688.24,688.14,688.24,248.0,170671640.0,190767.0
AU,AU2504.XSGE,2025-02-14 14:59:00,day,2025-02-14,day_2025-02-14,688.24,688.24,688.1,688.14,330.0,227098300.0,190783.0
AU,AU2504.XSGE,2025-02-14 15:00:00,day,2025-02-14,day_2025-02-14,688.16,688.4,688.1,688.4,746.0,513442540.0,190906.0
CU,CU2503.XSGE,2025-02-07 21:01:00,night,2025-02-07,night_2025-02-07,77360.0,77420.0,77340.0,77360.0,1195.0,462261700.0,174971.0
CU,CU2503.XSGE,2025-02-07 21:02:00,night,2025-02-07,night_2025-02-07,77360.0,77460.0,77350.0,77450.0,878.0,339889150.0,175074.0
CU,CU2503.XSGE,2025-02-07 21:03:00,night,2025-02-07,night_2025-02-07,77450.0,77510.0,77450.0,77510.0,716.0,277425000.0,175061.0
CU,CU2503.XSGE,2025-02-07 21:04:00,night,2025-02-07,night_2025-02-07,77500.0,77550.0,77500.0,77520.0,602.0,233337800.0,175125.0
CU,CU2503.XSGE,2025-02-07 21:05:00,night,2025-02-07,night_2025-02-07,77520.0,77570.0,77500.0,77510.0,757.0,293481900.0,175230.0
CU,CU2503.XSGE,2025-02-07 21:06:00,night,2025-02-07,night_2025-02-07,77500.0,77510.0,77440.0,77460.0,460.0,178164400.0,175193.0
CU,CU2503.XSGE,2025-02-07 21:07:00,night,2025-02-07,night_2025-02-07,77460.0,77480.0,77450.0,77480.0,140.0,54224050.0,175203.0
CU,CU2503.XSGE,2025-02-07 21:08:00,night,2025-02-07,night_2025-02-07,77480.0,77480.0,77440.0,77460.0,246.0,95276300.0,175198.0
CU,CU2503.XSGE,2025-02-07 21:09:00,night,2025-02-07,night_2025-02-07,77450.0,77470.0,77440.0,77470.0,136.0,52668150.0,175204.0
CU,CU2503.XSGE,2025-02-07 21:10:00,night,2025-02-07,night_2025-02-07,77470.0,77510.0,77460.0,77500.0,163.0,63155500.0,175244.0
CU,CU2503.XSGE,2025-02-07 21:11:00,night,2025-02-07,night_2025-02-07,77490.0,77500.0,77470.0,77470.0,214.0,82911250.0,175226.0
CU,CU2503.XSGE,2025-02-07 21:12:00,night,2025-02-07,night_2025-02-07,77480.0,77500.0,77450.0,77470.0,335.0,129784000.0,175199.0
CU,CU2503.XSGE,2025-02-07 21:13:00,night,2025-02-07,night_2025-02-07,77470.0,77470.0,77390.0,77400.0,425.0,164508650.0,175114.0
CU,CU2503.XSGE,2025-02-07 21:14:00,night,2025-02-07,night_2025-02-07,77410.0,77460.0,77390.0,77460.0,410.0,158729050.0,175135.0
CU,CU2503.XSGE,2025-02-07 21:15:00,night,2025-02-07,night_2025-02-07,77460.0,77480.0,77450.0,77480.0,122.0,47250550.0,175156.0
CU,CU2503.XSGE,2025-02-07 21:16:00,night,2025-02-07,night_2025-02-07,77470.0,77490.0,77450.0,77480.0,196.0,75918400.0,175186.0
CU,CU2503.XSGE,2025-02-07 21:17:00,night,2025-02-07,night_2025-02-07,77480.0,77490.0,77430.0,77450.0,120.0,46474150.0,175160.0
CU,CU2503.XSGE,2025-02-07 21:18:00,night,2025-02-07,night_2025-02-07,77440.0,77470.0,77440.0,77470.0,228.0,88299350.0,175209.0
CU,CU2503.XSGE,2025-02-07 21:19:00,night,2025-02-07,night_2025-02-07,77470.0,77470.0,77450.0,77450.0,206.0,79789200.0,175267.0
CU,CU2503.XSGE,2025-02-07 21:20:00,night,2025-02-07,night_2025-02-07,77450.0,77460.0,77410.0,77420.0,347.0,134352700.0,175414.0
CU,CU2503.XSGE,2025-02-07 21:21:00,night,2025-02-07,night_2025-02-07,77420.0,77430.0,77400.0,77410.0,195.0,75475650.0,175332.0
CU,CU2503.XSGE,2025-02-07 21:22:00,night,2025-02-07,night_2025-02-07,77400.0,77430.0,77400.0,77410.0,207.0,80127200.0,175351.0
CU,CU2503.XSGE,2025-02-07 21:23:00,night,2025-02-07,night_2025-02-07,77410.0,77440.0,77410.0,77430.0,94.0,36390000.0,175355.0
CU,CU2503.XSGE,2025-02-07 21:24:00,night,2025-02-07,night_2025-02-07,77440.0,77440.0,77390.0,77410.0,124.0,47992750.0,175365.0
CU,CU2503.XSGE,2025-02-07 21:25:00,night,2025-02-07,night_2025-02-07,77390.0,77400.0,77370.0,77370.0,187.0,72353700.0,175354.0
CU,CU2503.XSGE,2025-02-07 21:26:00,night,2025-02-07,night_2025-02-07,77370.0,77420.0,77370.0,77390.0,474.0,183431650.0,175589.0
CU,CU2503.XSGE,2025-02-07 21:27:00,night,2025-02-07,night_2025-02-07,77410.0,77410.0,77380.0,77400.0,102.0,39471000.0,175628.0
CU,CU2503.XSGE,2025-02-07 21:28:00,night,2025-02-07,night_2025-02-07,77410.0,77410.0,77380.0,77390.0,73.0,28250900.0,175642.0
CU,CU2503.XSGE,2025-02-07 21:29:00,night,2025-02-07,night_2025-02-07,77380.0,77380.0,77350.0,77360.0,116.0,44871650.0,175625.0
CU,CU2503.XSGE,2025-02-07 21:30:00,night,2025-02-07,night_2025-02-07,77370.0,77370.0,77360.0,77370.0,74.0,28624200.0,175625.0
CU,CU2503.XSGE,2025-02-07 21:31:00,night,2025-02-07,night_2025-02-07,77410.0,77430.0,77380.0,77390.0,639.0,247320400.0,175650.0
CU,CU2503.XSGE,2025-02-07 21:32:00,night,2025-02-07,night_2025-02-07,77390.0,77390.0,77310.0,77310.0,360.0,139222900.0,175609.0
CU,CU2503.XSGE,2025-02-07 21:33:00,night,2025-02-07,night_2025-02-07,77310.0,77330.0,77280.0,77280.0,289.0,111707800.0,175513.0
CU,CU2503.XSGE,2025-02-07 21:34:00,night,2025-02-07,night_2025-02-07,77280.0,77360.0,77280.0,77350.0,272.0,105154800.0,175502.0
CU,CU2503.XSGE,2025-02-07 21:35:00,night,2025-02-07,night_2025-02-07,77350.0,77360.0,77320.0,77350.0,191.0,73862250.0,175505.0
CU,CU2503.XSGE,2025-02-07 21:36:00,night,2025-02-07,night_2025-02-07,77360.0,77360.0,77330.0,77350.0,140.0,54146100.0,175484.0
CU,CU2503.XSGE,2025-02-07 21:37:00,night,2025-02-07,night_2025-02-07,77350.0,77400.0,77330.0,77400.0,193.0,74659250.0,175408.0
CU,CU2503.XSGE,2025-02-07 21:38:00,night,2025-02-07,night_2025-02-07,77400.0,77410.0,77360.0,77360.0,187.0,72357500.0,175370.0
CU,CU2503.XSGE,2025-02-07 21:39:00,night,2025-02-07,night_2025-02-07,77370.0,77430.0,77370.0,77430.0,123.0,47603000.0,175358.0
CU,CU2503.XSGE,2025-02-07 21:40:00,night,2025-02-07,night_2025-02-07,77420.0,77440.0,77410.0,77420.0,117.0,45294000.0,175380.0
CU,CU2503.XSGE,2025-02-07 21:41:00,night,2025-02-07,night_2025-02-07,77430.0,77480.0,77420.0,77480.0,288.0,111549900.0,175479.0
CU,CU2503.XSGE,2025-02-07 21:42:00,night,2025-02-07,night_2025-02-07,77480.0,77550.0,77460.0,77550.0,389.0,150751200.0,175554.0
CU,CU2503.XSGE,2025-02-07 21:43:00,night,2025-02-07,night_2025-02-07,77550.0,77610.0,77510.0,77610.0,757.0,293613650.0,175698.0
CU,CU2503.XSGE,2025-02-07 21:44:00,night,2025-02-07,night_2025-02-07,77600.0,77640.0,77600.0,77620.0,612.0,237506650.0,175834.0
CU,CU2503.XSGE,2025-02-07 21:45:00,night,2025-02-07,night_2025-02-07,77600.0,77620.0,77560.0,77580.0,336.0,130344400.0,175959.0
CU,CU2503.XSGE,2025-02-07 21:46:00,night,2025-02-07,night_2025-02-07,77580.0,77620.0,77580.0,77580.0,336.0,130366100.0,176067.0
CU,CU2503.XSGE,2025-02-07 21:47:00,night,2025-02-07,night_2025-02-07,77590.0,77590.0,77530.0,77550.0,329.0,127562100.0,176060.0
CU,CU2503.XSGE,2025-02-07 21:48:00,night,2025-02-07,night_2025-02-07,77560.0,77560.0,77520.0,77540.0,454.0,176018250.0,176205.0
CU,CU2503.XSGE,2025-02-07 21:49:00,night,2025-02-07,night_2025-02-07,77550.0,77560.0,77530.0,77540.0,84.0,32567650.0,176202.0
CU,CU2503.XSGE,2025-02-07 21:50:00,night,2025-02-07,night_2025-02-07,77540.0,77550.0,77520.0,77530.0,93.0,36052250.0,176181.0
CU,CU2503.XSGE,2025-02-07 21:51:00,night,2025-02-07,night_2025-02-07,77530.0,77550.0,77520.0,77540.0,78.0,30238400.0,176177.0
CU,CU2503.XSGE,2025-02-07 21:52:00,night,2025-02-07,night_2025-02-07,77530.0,77570.0,77520.0,77530.0,265.0,102745100.0,176276.0
CU,CU2503.XSGE,2025-02-07 21:53:00,night,2025-02-07,night_2025-02-07,77520.0,77520.0,77430.0,77490.0,507.0,196392550.0,176222.0
CU,CU2503.XSGE,2025-02-07 21:54:00,night,2025-02-07,night_2025-02-07,77500.0,77530.0,77500.0,77530.0,229.0,88750850.0,176309.0
CU,CU2503.XSGE,2025-02-07 21:55:00,night,2025-02-07,night_2025-02-07,77530.0,77570.0,77510.0,77540.0,202.0,78320050.0,176295.0
CU,CU2503.XSGE,2025-02-07 21:56:00,night,2025-02-07,night_2025-02-07,77540.0,77540.0,77510.0,77520.0,61.0,23644600.0,176282.0
CU,CU2503.XSGE,2025-02-07 21:57:00,night,2025-02-07,night_2025-02-07,77510.0,77540.0,77510.0,77530.0,67.0,25970100.0,176269.0
CU,CU2503.XSGE,2025-02-07 21:58:00,night,2025-02-07,night_2025-02-07,77530.0,77550.0,77520.0,77540.0,61.0,23648150.0,176287.0
CU,CU2503.XSGE,2025-02-07 21:59:00,night,2025-02-07,night_2025-02-07,77550.0,77580.0,77550.0,77580.0,131.0,50807050.0,176337.0
CU,CU2503.XSGE,2025-02-07 22:00:00,night,2025-02-07,night_2025-02-07,77580.0,77600.0,77570.0,77590.0,186.0,72148300.0,176331.0
CU,CU2503.XSGE,2025-02-07 22:01:00,night,2025-02-07,night_2025-02-07,77580.0,77600.0,77560.0,77580.0,134.0,51980700.0,176319.0
CU,CU2503.XSGE,2025-02-07 22:02:00,night,2025-02-07,night_2025-02-07,77570.0,77610.0,77560.0,77590.0,189.0,73326050.0,176350.0
CU,CU2503.XSGE,2025-02-07 22:03:00,night,2025-02-07,night_2025-02-07,77580.0,77610.0,77580.0,77600.0,103.0,39960500.0,176374.0
CU,CU2503.XSGE,2025-02-07 22:04:00,night,2025-02-07,night_2025-02-07,77610.0,77660.0,77610.0,77640.0,480.0,186345950.0,176369.0
CU,CU2503.XSGE,2025-02-07 22:05:00,night,2025-02-07,night_2025-02-07,77630.0,77680.0,77630.0,77680.0,282.0,109504200.0,176487.0
CU,CU2503.XSGE,2025-02-07 22:06:00,night,2025-02-07,night_2025-02-07,77690.0,77760.0,77690.0,77720.0,989.0,384355050.0,176734.0
CU,CU2503.XSGE,2025-02-07 22:07:00,night,2025-02-07,night_2025-02-07,77720.0,77750.0,77710.0,77740.0,268.0,104147350.0,176736.0
CU,CU2503.XSGE,2025-02-07 22:08:00,night,2025-02-07,night_2025-02-07,77740.0,77780.0,77730.0,77770.0,448.0,174188550.0,176808.0
CU,CU2503.XSGE,2025-02-07 22:09:00,night,2025-02-07,night_2025-02-07,77770.0,77850.0,77770.0,77830.0,604.0,235020500.0,176846.0
CU,CU2503.XSGE,2025-02-07 22:10:00,night,2025-02-07,night_2025-02-07,77850.0,77850.0,77780.0,77790.0,758.0,294860750.0,177148.0
CU,CU2503.XSGE,2025-02-07 22:11:00,night,2025-02-07,night_2025-02-07,77790.0,77800.0,77740.0,77790.0,377.0,146589000.0,177185.0
CU,CU2503.XSGE,2025-02-07 22:12:00,night,2025-02-07,night_2025-02-07,77790.0,77810.0,77780.0,77790.0,144.0,56009400.0,177204.0
CU,CU2503.XSGE,2025-02-07 22:13:00,night,2025-02-07,night_2025-02-07,77780.0,77810.0,77770.0,77780.0,190.0,73901550.0,177239.0
CU,CU2503.XSGE,2025-02-07 22:14:00,night,2025-02-07,night_2025-02-07,77780.0,77800.0,77770.0,77770.0,248.0,96452450.0,177187.0
CU,CU2503.XSGE,2025-02-07 22:15:00,night,2025-02-07,night_2025-02-07,77760.0,77770.0,77750.0,77770.0,179.0,69594800.0,177149.0
CU,CU2503.XSGE,2025-02-07 22:16:00,night,2025-02-07,night_2025-02-07,77770.0,77780.0,77760.0,77770.0,107.0,41607400.0,177171.0
CU,CU2503.XSGE,2025-02-07 22:17:00,night,2025-02-07,night_2025-02-07,77770.0,77820.0,77760.0,77800.0,277.0,107754250.0,177233.0
CU,CU2503.XSGE,2025-02-07 22:18:00,night,2025-02-07,night_2025-02-07,77800.0,77800.0,77780.0,77800.0,112.0,43563950.0,177245.0
CU,CU2503.XSGE,2025-02-07 22:19:00,night,2025-02-07,night_2025-02-07,77800.0,77840.0,77800.0,77820.0,231.0,89883000.0,177290.0
CU,CU2503.XSGE,2025-02-07 22:20:00,night,2025-02-07,night_2025-02-07,77810.0,77860.0,77810.0,77850.0,279.0,108583100.0,177374.0
CU,CU2503.XSGE,2025-02-07 22:21:00,night,2025-02-07,night_2025-02-07,77850.0,77860.0,77790.0,77850.0,523.0,203515200.0,177363.0
CU,CU2503.XSGE,2025-02-07 22:22:00,night,2025-02-07,night_2025-02-07,77850.0,77860.0,77810.0,77820.0,426.0,165792150.0,177409.0
CU,CU2503.XSGE,2025-02-07 22:23:00,night,2025-02-07,night_2025-02-07,77840.0,77840.0,77770.0,77800.0,309.0,120199950.0,177371.0
CU,CU2503.XSGE,2025-02-07 22:24:00,night,2025-02-07,night_2025-02-07,77800.0,77810.0,77760.0,77810.0,468.0,182002000.0,177289.0
CU,CU2503.XSGE,2025-02-07 22:25:00,night,2025-02-07,night_2025-02-07,77820.0,77830.0,77810.0,77830.0,205.0,79762400.0,177254.0
CU,CU2503.XSGE,2025-02-07 22:26:00,night,2025-02-07,night_2025-02-07,77840.0,77840.0,77740.0,77760.0,718.0,279199950.0,176982.0
CU,CU2503.XSGE,2025-02-07 22:27:00,night,2025-02-07,night_2025-02-07,77750.0,77780.0,77720.0,77770.0,153.0,59477250.0,176998.0
CU,CU2503.XSGE,2025-02-07 22:28:00,night,2025-02-07,night_2025-02-07,77760.0,77780.0,77760.0,77780.0,56.0,21775550.0,177027.0
CU,CU2503.XSGE,2025-02-07 22:29:00,night,2025-02-07,night_2025-02-07,77770.0,77800.0,77760.0,77760.0,155.0,60277600.0,177041.0
CU,CU2503.XSGE,2025-02-07 22:30:00,night,2025-02-07,night_2025-02-07,77760.0,77760.0,77700.0,77700.0,555.0,215675350.0,176965.0
CU,CU2503.XSGE,2025-02-07 22:31:00,night,2025-02-07,night_2025-02-07,77700.0,77730.0,77690.0,77730.0,444.0,172509350.0,177022.0
CU,CU2503.XSGE,2025-02-07 22:32:00,night,2025-02-07,night_2025-02-07,77730.0,77750.0,77690.0,77750.0,162.0,62949200.0,177058.0
CU,CU2503.XSGE,2025-02-07 22:33:00,night,2025-02-07,night_2025-02-07,77740.0,77750.0,77710.0,77710.0,197.0,76557600.0,177115.0
CU,CU2503.XSGE,2025-02-07 22:34:00,night,2025-02-07,night_2025-02-07,77720.0,77720.0,77690.0,77690.0,165.0,64105950.0,177086.0
CU,CU2503.XSGE,2025-02-07 22:35:00,night,2025-02-07,night_2025-02-07,77690.0,77730.0,77690.0,77720.0,72.0,27976300.0,177086.0
CU,CU2503.XSGE,2025-02-07 22:36:00,night,2025-02-07,night_2025-02-07,77720.0,77730.0,77710.0,77710.0,91.0,35362900.0,177090.0
CU,CU2503.XSGE,2025-02-07 22:37:00,night,2025-02-07,night_2025-02-07,77720.0,77730.0,77710.0,77730.0,238.0,92483250.0,177091.0
CU,CU2503.XSGE,2025-02-07 22:38:00,night,2025-02-07,night_2025-02-07,77730.0,77750.0,77730.0,77750.0,157.0,61022600.0,177166.0
CU,CU2503.XSGE,2025-02-07 22:39:00,night,2025-02-07,night_2025-02-07,77750.0,77760.0,77720.0,77730.0,143.0,55584000.0,177155.0
CU,CU2503.XSGE,2025-02-07 22:40:00,night,2025-02-07,night_2025-02-07,77740.0,77750.0,77710.0,77720.0,91.0,35366900.0,177176.0
CU,CU2503.XSGE,2025-02-07 22:41:00,night,2025-02-07,night_2025-02-07,77710.0,77720.0,77700.0,77720.0,55.0,21370250.0,177174.0
CU,CU2503.XSGE,2025-02-07 22:42:00,night,2025-02-07,night_2025-02-07,77710.0,77760.0,77700.0,77760.0,188.0,73067450.0,177190.0
CU,CU2503.XSGE,2025-02-07 22:43:00,night,2025-02-07,night_2025-02-07,77760.0,77810.0,77750.0,77800.0,271.0,105409250.0,177237.0
CU,CU2503.XSGE,2025-02-07 22:44:00,night,2025-02-07,night_2025-02-07,77800.0,77810.0,77780.0,77790.0,100.0,38901200.0,177251.0
CU,CU2503.XSGE,2025-02-07 22:45:00,night,2025-02-07,night_2025-02-07,77790.0,77800.0,77760.0,77770.0,218.0,84784700.0,177269.0
CU,CU2503.XSGE,2025-02-07 22:46:00,night,2025-02-07,night_2025-02-07,77790.0,77830.0,77790.0,77830.0,110.0,42794900.0,177294.0
CU,CU2503.XSGE,2025-02-07 22:47:00,night,2025-02-07,night_2025-02-07,77820.0,77850.0,77810.0,77850.0,239.0,93015400.0,177379.0
CU,CU2503.XSGE,2025-02-07 22:48:00,night,2025-02-07,night_2025-02-07,77860.0,77860.0,77830.0,77860.0,218.0,84858150.0,177444.0
CU,CU2503.XSGE,2025-02-07 22:49:00,night,2025-02-07,night_2025-02-07,77860.0,77860.0,77840.0,77840.0,120.0,46707700.0,177487.0
CU,CU2503.XSGE,2025-02-07 22:50:00,night,2025-02-07,night_2025-02-07,77840.0,77860.0,77830.0,77860.0,123.0,47876600.0,177536.0
CU,CU2503.XSGE,2025-02-07 22:51:00,night,2025-02-07,night_2025-02-07,77860.0,77870.0,77820.0,77830.0,219.0,85238750.0,177598.0
CU,CU2503.XSGE,2025-02-07 22:52:00,night,2025-02-07,night_2025-02-07,77850.0,77860.0,77830.0,77840.0,192.0,74734550.0,177568.0
CU,CU2503.XSGE,2025-02-07 22:53:00,night,2025-02-07,night_2025-02-07,77850.0,77860.0,77830.0,77860.0,64.0,24911600.0,177580.0
CU,CU2503.XSGE,2025-02-07 22:54:00,night,2025-02-07,night_2025-02-07,77850.0,77890.0,77840.0,77860.0,279.0,108627500.0,177634.0
CU,CU2503.XSGE,2025-02-07 22:55:00,night,2025-02-07,night_2025-02-07,77870.0,77890.0,77860.0,77880.0,78.0,30371650.0,177666.0
CU,CU2503.XSGE,2025-02-07 22:56:00,night,2025-02-07,night_2025-02-07,77870.0,77890.0,77850.0,77890.0,160.0,62296200.0,177689.0
CU,CU2503.XSGE,2025-02-07 22:57:00,night,2025-02-07,night_2025-02-07,77900.0,77900.0,77860.0,77880.0,213.0,82948200.0,177735.0
CU,CU2503.XSGE,2025-02-07 22:58:00,night,2025-02-07,night_2025-02-07,77870.0,77890.0,77870.0,77870.0,58.0,22584050.0,177753.0
CU,CU2503.XSGE,2025-02-07 22:59:00,night,2025-02-07,night_2025-02-07,77870.0,77910.0,77860.0,77910.0,213.0,82949000.0,177791.0
CU,CU2503.XSGE,2025-02-07 23:00:00,night,2025-02-07,night_2025-02-07,77900.0,77950.0,77890.0,77930.0,299.0,116485350.0,177830.0
CU,CU2503.XSGE,2025-02-07 23:01:00,night,2025-02-07,night_2025-02-07,77910.0,77910.0,77850.0,77870.0,229.0,89178450.0,177840.0
CU,CU2503.XSGE,2025-02-07 23:02:00,night,2025-02-07,night_2025-02-07,77880.0,77890.0,77850.0,77880.0,147.0,57230800.0,177860.0
CU,CU2503.XSGE,2025-02-07 23:03:00,night,2025-02-07,night_2025-02-07,77870.0,77910.0,77870.0,77900.0,106.0,41281900.0,177875.0
CU,CU2503.XSGE,2025-02-07 23:04:00,night,2025-02-07,night_2025-02-07,77900.0,77950.0,77890.0,77920.0,260.0,101300050.0,178011.0
CU,CU2503.XSGE,2025-02-07 23:05:00,night,2025-02-07,night_2025-02-07,77930.0,77940.0,77910.0,77920.0,79.0,30779650.0,178036.0
CU,CU2503.XSGE,2025-02-07 23:06:00,night,2025-02-07,night_2025-02-07,77930.0,77930.0,77880.0,77880.0,66.0,25705450.0,178046.0
CU,CU2503.XSGE,2025-02-07 23:07:00,night,2025-02-07,night_2025-02-07,77880.0,77890.0,77860.0,77890.0,190.0,73979150.0,177945.0
CU,CU2503.XSGE,2025-02-07 23:08:00,night,2025-02-07,night_2025-02-07,77890.0,77910.0,77870.0,77910.0,118.0,45953150.0,177979.0
CU,CU2503.XSGE,2025-02-07 23:09:00,night,2025-02-07,night_2025-02-07,77910.0,77910.0,77890.0,77900.0,60.0,23370050.0,177983.0
CU,CU2503.XSGE,2025-02-07 23:10:00,night,2025-02-07,night_2025-02-07,77880.0,77900.0,77880.0,77880.0,86.0,33491950.0,177978.0
CU,CU2503.XSGE,2025-02-07 23:11:00,night,2025-02-07,night_2025-02-07,77890.0,77900.0,77870.0,77870.0,74.0,28818650.0,178004.0
CU,CU2503.XSGE,2025-02-07 23:12:00,night,2025-02-07,night_2025-02-07,77870.0,77890.0,77870.0,77890.0,84.0,32708550.0,178011.0
CU,CU2503.XSGE,2025-02-07 23:13:00,night,2025-02-07,night_2025-02-07,77890.0,77900.0,77860.0,77870.0,48.0,18689250.0,178005.0
CU,CU2503.XSGE,2025-02-07 23:14:00,night,2025-02-07,night_2025-02-07,77870.0,77880.0,77830.0,77830.0,179.0,69674250.0,177951.0
CU,CU2503.XSGE,2025-02-07 23:15:00,night,2025-02-07,night_2025-02-07,77830.0,77850.0,77830.0,77840.0,113.0,43981050.0,177950.0
CU,CU2503.XSGE,2025-02-07 23:16:00,night,2025-02-07,night_2025-02-07,77860.0,77880.0,77840.0,77870.0,109.0,42434200.0,177957.0
CU,CU2503.XSGE,2025-02-07 23:17:00,night,2025-02-07,night_2025-02-07,77870.0,77880.0,77850.0,77880.0,43.0,16741350.0,177963.0
CU,CU2503.XSGE,2025-02-07 23:18:00,night,2025-02-07,night_2025-02-07,77870.0,77870.0,77810.0,77820.0,255.0,99229600.0,177874.0
CU,CU2503.XSGE,2025-02-07 23:19:00,night,2025-02-07,night_2025-02-07,77820.0,77840.0,77820.0,77830.0,63.0,24515500.0,177867.0
CU,CU2503.XSGE,2025-02-07 23:20:00,night,2025-02-07,night_2025-02-07,77840.0,77840.0,77830.0,77840.0,69.0,26853400.0,177843.0
CU,CU2503.XSGE,2025-02-07 23:21:00,night,2025-02-07,night_2025-02-07,77830.0,77850.0,77830.0,77840.0,51.0,19849400.0,177849.0
CU,CU2503.XSGE,2025-02-07 23:22:00,night,2025-02-07,night_2025-02-07,77850.0,77850.0,77830.0,77840.0,31.0,12065600.0,177847.0
CU,CU2503.XSGE,2025-02-07 23:23:00,night,2025-02-07,night_2025-02-07,77850.0,77860.0,77840.0,77850.0,25.0,9731250.0,177861.0
CU,CU2503.XSGE,2025-02-07 23:24:00,night,2025-02-07,night_2025-02-07,77840.0,77850.0,77830.0,77840.0,26.0,10119750.0,177870.0
CU,CU2503.XSGE,2025-02-07 23:25:00,night,2025-02-07,night_2025-02-07,77840.0,77840.0,77820.0,77830.0,53.0,20625150.0,177862.0
CU,CU2503.XSGE,2025-02-07 23:26:00,night,2025-02-07,night_2025-02-07,77820.0,77850.0,77820.0,77840.0,38.0,14789300.0,177875.0
CU,CU2503.XSGE,2025-02-07 23:27:00,night,2025-02-07,night_2025-02-07,77840.0,77850.0,77820.0,77830.0,59.0,22960700.0,177840.0
CU,CU2503.XSGE,2025-02-07 23:28:00,night,2025-02-07,night_2025-02-07,77840.0,77840.0,77790.0,77820.0,82.0,31903100.0,177799.0
CU,CU2503.XSGE,2025-02-07 23:29:00,night,2025-02-07,night_2025-02-07,77820.0,77830.0,77800.0,77800.0,67.0,26067550.0,177774.0
CU,CU2503.XSGE,2025-02-07 23:30:00,night,2025-02-07,night_2025-02-07,77800.0,77810.0,77800.0,77810.0,32.0,12448700.0,177762.0
CU,CU2503.XSGE,2025-02-07 23:31:00,night,2025-02-07,night_2025-02-07,77800.0,77820.0,77800.0,77810.0,25.0,9726050.0,177758.0
CU,CU2503.XSGE,2025-02-07 23:32:00,night,2025-02-07,night_2025-02-07,77810.0,77850.0,77810.0,77840.0,85.0,33082000.0,177785.0
CU,CU2503.XSGE,2025-02-07 23:33:00,night,2025-02-07,night_2025-02-07,77840.0,77850.0,77830.0,77850.0,34.0,13232300.0,177787.0
CU,CU2503.XSGE,2025-02-07 23:34:00,night,2025-02-07,night_2025-02-07,77860.0,77880.0,77850.0,77880.0,76.0,29590300.0,177792.0
CU,CU2503.XSGE,2025-02-07 23:35:00,night,2025-02-07,night_2025-02-07,77880.0,77890.0,77870.0,77870.0,62.0,24142800.0,177781.0
CU,CU2503.XSGE,2025-02-07 23:36:00,night,2025-02-07,night_2025-02-07,77870.0,77880.0,77860.0,77870.0,51.0,19857350.0,177781.0
CU,CU2503.XSGE,2025-02-07 23:37:00,night,2025-02-07,night_2025-02-07,77860.0,77890.0,77860.0,77880.0,23.0,8955550.0,177778.0
CU,CU2503.XSGE,2025-02-07 23:38:00,night,2025-02-07,night_2025-02-07,77880.0,77890.0,77860.0,77870.0,49.0,19078750.0,177758.0
CU,CU2503.XSGE,2025-02-07 23:39:00,night,2025-02-07,night_2025-02-07,77870.0,77870.0,77830.0,77830.0,53.0,20630700.0,177734.0
CU,CU2503.XSGE,2025-02-07 23:40:00,night,2025-02-07,night_2025-02-07,77840.0,77850.0,77830.0,77830.0,19.0,7395150.0,177735.0
CU,CU2503.XSGE,2025-02-07 23:41:00,night,2025-02-07,night_2025-02-07,77840.0,77850.0,77830.0,77840.0,29.0,11287700.0,177729.0
CU,CU2503.XSGE,2025-02-07 23:42:00,night,2025-02-07,night_2025-02-07,77850.0,77860.0,77840.0,77850.0,57.0,22186550.0,177720.0
CU,CU2503.XSGE,2025-02-07 23:43:00,night,2025-02-07,night_2025-02-07,77860.0,77870.0,77850.0,77860.0,42.0,16350950.0,177732.0
CU,CU2503.XSGE,2025-02-07 23:44:00,night,2025-02-07,night_2025-02-07,77860.0,77870.0,77850.0,77860.0,19.0,7396550.0,177735.0
CU,CU2503.XSGE,2025-02-07 23:45:00,night,2025-02-07,night_2025-02-07,77870.0,77870.0,77830.0,77850.0,42.0,16349900.0,177709.0
CU,CU2503.XSGE,2025-02-07 23:46:00,night,2025-02-07,night_2025-02-07,77840.0,77860.0,77830.0,77860.0,41.0,15959450.0,177708.0
CU,CU2503.XSGE,2025-02-07 23:47:00,night,2025-02-07,night_2025-02-07,77850.0,77860.0,77840.0,77850.0,46.0,17905900.0,177724.0
CU,CU2503.XSGE,2025-02-07 23:48:00,night,2025-02-07,night_2025-02-07,77860.0,77870.0,77860.0,77860.0,30.0,11680200.0,177732.0
CU,CU2503.XSGE,2025-02-07 23:49:00,night,2025-02-07,night_2025-02-07,77860.0,77880.0,77850.0,77880.0,94.0,36597100.0,177728.0
CU,CU2503.XSGE,2025-02-07 23:50:00,night,2025-02-07,night_2025-02-07,77880.0,77880.0,77850.0,77850.0,89.0,34651500.0,177681.0
CU,CU2503.XSGE,2025-02-07 23:51:00,night,2025-02-07,night_2025-02-07,77850.0,77860.0,77830.0,77850.0,35.0,13623650.0,177698.0
CU,CU2503.XSGE,2025-02-07 23:52:00,night,2025-02-07,night_2025-02-07,77840.0,77860.0,77830.0,77850.0,22.0,8563100.0,177696.0
CU,CU2503.XSGE,2025-02-07 23:53:00,night,2025-02-07,night_2025-02-07,77860.0,77860.0,77820.0,77840.0,48.0,18680650.0,177676.0
CU,CU2503.XSGE,2025-02-07 23:54:00,night,2025-02-07,night_2025-02-07,77830.0,77830.0,77710.0,77740.0,570.0,221587300.0,177587.0
CU,CU2503.XSGE,2025-02-07 23:55:00,night,2025-02-07,night_2025-02-07,77740.0,77750.0,77700.0,77730.0,221.0,85875500.0,177534.0
CU,CU2503.XSGE,2025-02-07 23:56:00,night,2025-02-07,night_2025-02-07,77720.0,77750.0,77690.0,77700.0,210.0,81594450.0,177487.0
CU,CU2503.XSGE,2025-02-07 23:57:00,night,2025-02-07,night_2025-02-07,77700.0,77700.0,77630.0,77630.0,250.0,97087450.0,177401.0
CU,CU2503.XSGE,2025-02-07 23:58:00,night,2025-02-07,night_2025-02-07,77640.0,77640.0,77600.0,77620.0,253.0,98182200.0,177357.0
CU,CU2503.XSGE,2025-02-07 23:59:00,night,2025-02-07,night_2025-02-07,77620.0,77660.0,77620.0,77640.0,168.0,65218800.0,177378.0
CU,CU2503.XSGE,2025-02-08 00:00:00,night,2025-02-07,night_2025-02-07,77620.0,77650.0,77620.0,77650.0,115.0,44641750.0,177377.0
CU,CU2503.XSGE,2025-02-08 00:01:00,night,2025-02-07,night_2025-02-07,77640.0,77660.0,77630.0,77640.0,140.0,54350000.0,177378.0
CU,CU2503.XSGE,2025-02-08 00:02:00,night,2025-02-07,night_2025-02-07,77640.0,77670.0,77560.0,77580.0,344.0,133468950.0,177309.0
CU,CU2503.XSGE,2025-02-08 00:03:00,night,2025-02-07,night_2025-02-07,77570.0,77570.0,77410.0,77410.0,522.0,202248900.0,177172.0
CU,CU2503.XSGE,2025-02-08 00:04:00,night,2025-02-07,night_2025-02-07,77420.0,77440.0,77340.0,77440.0,678.0,262320800.0,177021.0
CU,CU2503.XSGE,2025-02-08 00:05:00,night,2025-02-07,night_2025-02-07,77440.0,77520.0,77430.0,77480.0,321.0,124357050.0,177007.0
CU,CU2503.XSGE,2025-02-08 00:06:00,night,2025-02-07,night_2025-02-07,77480.0,77530.0,77450.0,77500.0,262.0,101507250.0,177019.0
CU,CU2503.XSGE,2025-02-08 00:07:00,night,2025-02-07,night_2025-02-07,77500.0,77520.0,77480.0,77520.0,116.0,44946400.0,177034.0
CU,CU2503.XSGE,2025-02-08 00:08:00,night,2025-02-07,night_2025-02-07,77520.0,77580.0,77510.0,77580.0,182.0,70561750.0,177012.0
CU,CU2503.XSGE,2025-02-08 00:09:00,night,2025-02-07,night_2025-02-07,77570.0,77600.0,77560.0,77580.0,207.0,80301050.0,177039.0
CU,CU2503.XSGE,2025-02-08 00:10:00,night,2025-02-07,night_2025-02-07,77590.0,77620.0,77560.0,77570.0,181.0,70222850.0,177032.0
CU,CU2503.XSGE,2025-02-08 00:11:00,night,2025-02-07,night_2025-02-07,77570.0,77590.0,77520.0,77560.0,104.0,40325750.0,177027.0
CU,CU2503.XSGE,2025-02-08 00:12:00,night,2025-02-07,night_2025-02-07,77560.0,77570.0,77540.0,77560.0,110.0,42653900.0,177025.0
CU,CU2503.XSGE,2025-02-08 00:13:00,night,2025-02-07,night_2025-02-07,77550.0,77550.0,77520.0,77520.0,111.0,43031300.0,177018.0
CU,CU2503.XSGE,2025-02-08 00:14:00,night,2025-02-07,night_2025-02-07,77520.0,77520.0,77470.0,77490.0,88.0,34099750.0,176989.0
CU,CU2503.XSGE,2025-02-08 00:15:00,night,2025-02-07,night_2025-02-07,77480.0,77520.0,77480.0,77510.0,32.0,12400500.0,176972.0
CU,CU2503.XSGE,2025-02-08 00:16:00,night,2025-02-07,night_2025-02-07,77500.0,77510.0,77460.0,77480.0,178.0,68966650.0,176984.0
CU,CU2503.XSGE,2025-02-08 00:17:00,night,2025-02-07,night_2025-02-07,77470.0,77480.0,77450.0,77460.0,112.0,43380600.0,176956.0
CU,CU2503.XSGE,2025-02-08 00:18:00,night,2025-02-07,night_2025-02-07,77460.0,77480.0,77440.0,77470.0,103.0,39892600.0,176968.0
CU,CU2503.XSGE,2025-02-08 00:19:00,night,2025-02-07,night_2025-02-07,77470.0,77500.0,77460.0,77490.0,185.0,71667600.0,176996.0
CU,CU2503.XSGE,2025-02-08 00:20:00,night,2025-02-07,night_2025-02-07,77490.0,77530.0,77480.0,77500.0,164.0,63553050.0,176976.0
CU,CU2503.XSGE,2025-02-08 00:21:00,night,2025-02-07,night_2025-02-07,77500.0,77530.0,77490.0,77530.0,76.0,29453100.0,176931.0
CU,CU2503.XSGE,2025-02-08 00:22:00,night,2025-02-07,night_2025-02-07,77530.0,77560.0,77530.0,77530.0,200.0,77544850.0,176944.0
CU,CU2503.XSGE,2025-02-08 00:23:00,night,2025-02-07,night_2025-02-07,77540.0,77540.0,77500.0,77500.0,124.0,48067550.0,176951.0
CU,CU2503.XSGE,2025-02-08 00:24:00,night,2025-02-07,night_2025-02-07,77500.0,77500.0,77470.0,77480.0,100.0,38740900.0,176926.0
CU,CU2503.XSGE,2025-02-08 00:25:00,night,2025-02-07,night_2025-02-07,77480.0,77490.0,77460.0,77470.0,53.0,20530100.0,176920.0
CU,CU2503.XSGE,2025-02-08 00:26:00,night,2025-02-07,night_2025-02-07,77460.0,77480.0,77430.0,77440.0,84.0,32528750.0,176898.0
CU,CU2503.XSGE,2025-02-08 00:27:00,night,2025-02-07,night_2025-02-07,77440.0,77470.0,77440.0,77450.0,53.0,20525600.0,176903.0
CU,CU2503.XSGE,2025-02-08 00:28:00,night,2025-02-07,night_2025-02-07,77460.0,77470.0,77440.0,77440.0,85.0,32921250.0,176915.0
CU,CU2503.XSGE,2025-02-08 00:29:00,night,2025-02-07,night_2025-02-07,77450.0,77450.0,77420.0,77430.0,60.0,23230350.0,176901.0
CU,CU2503.XSGE,2025-02-08 00:30:00,night,2025-02-07,night_2025-02-07,77440.0,77450.0,77400.0,77400.0,89.0,34454300.0,176861.0
CU,CU2503.XSGE,2025-02-08 00:31:00,night,2025-02-07,night_2025-02-07,77400.0,77420.0,77390.0,77400.0,127.0,49152100.0,176810.0
CU,CU2503.XSGE,2025-02-08 00:32:00,night,2025-02-07,night_2025-02-07,77400.0,77410.0,77360.0,77360.0,121.0,46817600.0,176812.0
CU,CU2503.XSGE,2025-02-08 00:33:00,night,2025-02-07,night_2025-02-07,77350.0,77390.0,77340.0,77340.0,209.0,80846000.0,176789.0
CU,CU2503.XSGE,2025-02-08 00:34:00,night,2025-02-07,night_2025-02-07,77340.0,77340.0,77230.0,77250.0,476.0,183939700.0,176727.0
CU,CU2503.XSGE,2025-02-08 00:35:00,night,2025-02-07,night_2025-02-07,77250.0,77270.0,77220.0,77270.0,363.0,140189450.0,176790.0
CU,CU2503.XSGE,2025-02-08 00:36:00,night,2025-02-07,night_2025-02-07,77270.0,77280.0,77250.0,77260.0,140.0,54083800.0,176789.0
CU,CU2503.XSGE,2025-02-08 00:37:00,night,2025-02-07,night_2025-02-07,77260.0,77300.0,77250.0,77270.0,105.0,40570350.0,176796.0
CU,CU2503.XSGE,2025-02-08 00:38:00,night,2025-02-07,night_2025-02-07,77280.0,77280.0,77240.0,77240.0,82.0,31675950.0,176790.0
CU,CU2503.XSGE,2025-02-08 00:39:00,night,2025-02-07,night_2025-02-07,77250.0,77280.0,77250.0,77260.0,100.0,38634550.0,176771.0
CU,CU2503.XSGE,2025-02-08 00:40:00,night,2025-02-07,night_2025-02-07,77260.0,77270.0,77250.0,77270.0,54.0,20860350.0,176768.0
CU,CU2503.XSGE,2025-02-08 00:41:00,night,2025-02-07,night_2025-02-07,77260.0,77300.0,77260.0,77300.0,107.0,41348000.0,176761.0
CU,CU2503.XSGE,2025-02-08 00:42:00,night,2025-02-07,night_2025-02-07,77290.0,77290.0,77260.0,77270.0,69.0,26659950.0,176753.0
CU,CU2503.XSGE,2025-02-08 00:43:00,night,2025-02-07,night_2025-02-07,77280.0,77280.0,77240.0,77250.0,91.0,35155250.0,176744.0
CU,CU2503.XSGE,2025-02-08 00:44:00,night,2025-02-07,night_2025-02-07,77250.0,77270.0,77240.0,77270.0,53.0,20470650.0,176723.0
CU,CU2503.XSGE,2025-02-08 00:45:00,night,2025-02-07,night_2025-02-07,77260.0,77270.0,77260.0,77270.0,40.0,15453650.0,176729.0
CU,CU2503.XSGE,2025-02-08 00:46:00,night,2025-02-07,night_2025-02-07,77280.0,77290.0,77260.0,77280.0,39.0,15069900.0,176725.0
CU,CU2503.XSGE,2025-02-08 00:47:00,night,2025-02-07,night_2025-02-07,77290.0,77320.0,77290.0,77300.0,106.0,40970750.0,176701.0
CU,CU2503.XSGE,2025-02-08 00:48:00,night,2025-02-07,night_2025-02-07,77310.0,77350.0,77300.0,77340.0,100.0,38665250.0,176676.0
CU,CU2503.XSGE,2025-02-08 00:49:00,night,2025-02-07,night_2025-02-07,77340.0,77360.0,77330.0,77330.0,59.0,22818300.0,176676.0
CU,CU2503.XSGE,2025-02-08 00:50:00,night,2025-02-07,night_2025-02-07,77330.0,77370.0,77330.0,77370.0,59.0,22820700.0,176672.0
CU,CU2503.XSGE,2025-02-08 00:51:00,night,2025-02-07,night_2025-02-07,77360.0,77370.0,77350.0,77360.0,29.0,11217200.0,176675.0
CU,CU2503.XSGE,2025-02-08 00:52:00,night,2025-02-07,night_2025-02-07,77360.0,77400.0,77360.0,77390.0,112.0,43337700.0,176660.0
CU,CU2503.XSGE,2025-02-08 00:53:00,night,2025-02-07,night_2025-02-07,77380.0,77380.0,77350.0,77380.0,27.0,10444700.0,176673.0
CU,CU2503.XSGE,2025-02-08 00:54:00,night,2025-02-07,night_2025-02-07,77380.0,77380.0,77360.0,77360.0,63.0,24370100.0,176688.0
CU,CU2503.XSGE,2025-02-08 00:55:00,night,2025-02-07,night_2025-02-07,77360.0,77370.0,77350.0,77350.0,54.0,20886700.0,176668.0
CU,CU2503.XSGE,2025-02-08 00:56:00,night,2025-02-07,night_2025-02-07,77340.0,77370.0,77340.0,77360.0,40.0,15470950.0,176674.0
CU,CU2503.XSGE,2025-02-08 00:57:00,night,2025-02-07,night_2025-02-07,77370.0,77370.0,77360.0,77370.0,16.0,6189300.0,176674.0
CU,CU2503.XSGE,2025-02-08 00:58:00,night,2025-02-07,night_2025-02-07,77370.0,77400.0,77360.0,77390.0,97.0,37527150.0,176674.0
CU,CU2503.XSGE,2025-02-08 00:59:00,night,2025-02-07,night_2025-02-07,77400.0,77420.0,77390.0,77420.0,149.0,57669050.0,176626.0
CU,CU2503.XSGE,2025-02-08 01:00:00,night,2025-02-07,night_2025-02-07,77410.0,77420.0,77390.0,77410.0,188.0,72767300.0,176584.0
CU,CU2503.XSGE,2025-02-10 09:01:00,day,2025-02-10,day_2025-02-10,77690.0,77740.0,77560.0,77620.0,1370.0,532024600.0,176523.0
CU,CU2503.XSGE,2025-02-10 09:02:00,day,2025-02-10,day_2025-02-10,77620.0,77650.0,77520.0,77530.0,795.0,308386300.0,176492.0
CU,CU2503.XSGE,2025-02-10 09:03:00,day,2025-02-10,day_2025-02-10,77540.0,77620.0,77540.0,77600.0,706.0,273851650.0,176642.0
CU,CU2503.XSGE,2025-02-10 09:04:00,day,2025-02-10,day_2025-02-10,77600.0,77660.0,77570.0,77660.0,529.0,205308900.0,176755.0
CU,CU2503.XSGE,2025-02-10 09:05:00,day,2025-02-10,day_2025-02-10,77640.0,77730.0,77640.0,77720.0,727.0,282433000.0,177060.0
CU,CU2503.XSGE,2025-02-10 09:06:00,day,2025-02-10,day_2025-02-10,77720.0,77720.0,77640.0,77680.0,737.0,286263800.0,177158.0
CU,CU2503.XSGE,2025-02-10 09:07:00,day,2025-02-10,day_2025-02-10,77680.0,77710.0,77680.0,77690.0,193.0,74973050.0,177230.0
CU,CU2503.XSGE,2025-02-10 09:08:00,day,2025-02-10,day_2025-02-10,77690.0,77720.0,77680.0,77700.0,185.0,71876050.0,177294.0
CU,CU2503.XSGE,2025-02-10 09:09:00,day,2025-02-10,day_2025-02-10,77700.0,77710.0,77670.0,77710.0,334.0,129746450.0,177393.0
CU,CU2503.XSGE,2025-02-10 09:10:00,day,2025-02-10,day_2025-02-10,77700.0,77750.0,77700.0,77750.0,247.0,95988750.0,177460.0
CU,CU2503.XSGE,2025-02-10 09:11:00,day,2025-02-10,day_2025-02-10,77750.0,77760.0,77690.0,77700.0,306.0,118920100.0,177498.0
CU,CU2503.XSGE,2025-02-10 09:12:00,day,2025-02-10,day_2025-02-10,77700.0,77710.0,77670.0,77680.0,142.0,55160950.0,177514.0
CU,CU2503.XSGE,2025-02-10 09:13:00,day,2025-02-10,day_2025-02-10,77690.0,77690.0,77600.0,77620.0,234.0,90841250.0,177524.0
CU,CU2503.XSGE,2025-02-10 09:14:00,day,2025-02-10,day_2025-02-10,77620.0,77620.0,77540.0,77540.0,440.0,170649700.0,177536.0
CU,CU2503.XSGE,2025-02-10 09:15:00,day,2025-02-10,day_2025-02-10,77550.0,77550.0,77490.0,77490.0,389.0,150786600.0,177510.0
CU,CU2503.XSGE,2025-02-10 09:16:00,day,2025-02-10,day_2025-02-10,77490.0,77510.0,77440.0,77460.0,511.0,197931300.0,177485.0
CU,CU2503.XSGE,2025-02-10 09:17:00,day,2025-02-10,day_2025-02-10,77460.0,77500.0,77410.0,77410.0,516.0,199808800.0,177455.0
CU,CU2503.XSGE,2025-02-10 09:18:00,day,2025-02-10,day_2025-02-10,77420.0,77500.0,77410.0,77460.0,416.0,161098500.0,177428.0
CU,CU2503.XSGE,2025-02-10 09:19:00,day,2025-02-10,day_2025-02-10,77470.0,77480.0,77410.0,77450.0,178.0,68928700.0,177407.0
CU,CU2503.XSGE,2025-02-10 09:20:00,day,2025-02-10,day_2025-02-10,77460.0,77460.0,77420.0,77450.0,181.0,70079250.0,177410.0
CU,CU2503.XSGE,2025-02-10 09:21:00,day,2025-02-10,day_2025-02-10,77450.0,77470.0,77440.0,77470.0,120.0,46474050.0,177422.0
CU,CU2503.XSGE,2025-02-10 09:22:00,day,2025-02-10,day_2025-02-10,77460.0,77500.0,77450.0,77500.0,159.0,61593450.0,177383.0
CU,CU2503.XSGE,2025-02-10 09:23:00,day,2025-02-10,day_2025-02-10,77500.0,77500.0,77470.0,77480.0,120.0,46488650.0,177406.0
CU,CU2503.XSGE,2025-02-10 09:24:00,day,2025-02-10,day_2025-02-10,77480.0,77510.0,77460.0,77510.0,211.0,81744150.0,177444.0
CU,CU2503.XSGE,2025-02-10 09:25:00,day,2025-02-10,day_2025-02-10,77510.0,77520.0,77460.0,77470.0,174.0,67416750.0,177426.0
CU,CU2503.XSGE,2025-02-10 09:26:00,day,2025-02-10,day_2025-02-10,77470.0,77470.0,77410.0,77440.0,325.0,125839800.0,177440.0
CU,CU2503.XSGE,2025-02-10 09:27:00,day,2025-02-10,day_2025-02-10,77450.0,77460.0,77420.0,77450.0,189.0,73176500.0,177414.0
CU,CU2503.XSGE,2025-02-10 09:28:00,day,2025-02-10,day_2025-02-10,77440.0,77440.0,77410.0,77420.0,171.0,66193750.0,177425.0
CU,CU2503.XSGE,2025-02-10 09:29:00,day,2025-02-10,day_2025-02-10,77420.0,77430.0,77390.0,77390.0,294.0,113783950.0,177391.0
CU,CU2503.XSGE,2025-02-10 09:30:00,day,2025-02-10,day_2025-02-10,77380.0,77410.0,77360.0,77410.0,237.0,91694350.0,177371.0
CU,CU2503.XSGE,2025-02-10 09:31:00,day,2025-02-10,day_2025-02-10,77400.0,77420.0,77370.0,77390.0,352.0,136236550.0,177400.0
CU,CU2503.XSGE,2025-02-10 09:32:00,day,2025-02-10,day_2025-02-10,77380.0,77380.0,77300.0,77320.0,335.0,129550300.0,177355.0
CU,CU2503.XSGE,2025-02-10 09:33:00,day,2025-02-10,day_2025-02-10,77320.0,77340.0,77300.0,77320.0,476.0,184018450.0,177295.0
CU,CU2503.XSGE,2025-02-10 09:34:00,day,2025-02-10,day_2025-02-10,77310.0,77340.0,77300.0,77320.0,336.0,129894350.0,177255.0
CU,CU2503.XSGE,2025-02-10 09:35:00,day,2025-02-10,day_2025-02-10,77320.0,77350.0,77320.0,77340.0,160.0,61865300.0,177236.0
CU,CU2503.XSGE,2025-02-10 09:36:00,day,2025-02-10,day_2025-02-10,77340.0,77350.0,77330.0,77340.0,146.0,56460050.0,177239.0
CU,CU2503.XSGE,2025-02-10 09:37:00,day,2025-02-10,day_2025-02-10,77330.0,77360.0,77330.0,77350.0,359.0,138832350.0,177262.0
CU,CU2503.XSGE,2025-02-10 09:38:00,day,2025-02-10,day_2025-02-10,77350.0,77370.0,77340.0,77360.0,105.0,40608700.0,177224.0
CU,CU2503.XSGE,2025-02-10 09:39:00,day,2025-02-10,day_2025-02-10,77370.0,77380.0,77360.0,77370.0,74.0,28626150.0,177210.0
CU,CU2503.XSGE,2025-02-10 09:40:00,day,2025-02-10,day_2025-02-10,77360.0,77360.0,77340.0,77340.0,183.0,70779100.0,177195.0
CU,CU2503.XSGE,2025-02-10 09:41:00,day,2025-02-10,day_2025-02-10,77350.0,77350.0,77280.0,77290.0,394.0,152299200.0,177120.0
CU,CU2503.XSGE,2025-02-10 09:42:00,day,2025-02-10,day_2025-02-10,77280.0,77330.0,77280.0,77320.0,245.0,94708000.0,177167.0
CU,CU2503.XSGE,2025-02-10 09:43:00,day,2025-02-10,day_2025-02-10,77320.0,77340.0,77260.0,77260.0,456.0,176226850.0,177200.0
CU,CU2503.XSGE,2025-02-10 09:44:00,day,2025-02-10,day_2025-02-10,77270.0,77270.0,77180.0,77210.0,1045.0,403499000.0,177176.0
CU,CU2503.XSGE,2025-02-10 09:45:00,day,2025-02-10,day_2025-02-10,77210.0,77220.0,77120.0,77160.0,896.0,345726300.0,177354.0
CU,CU2503.XSGE,2025-02-10 09:46:00,day,2025-02-10,day_2025-02-10,77150.0,77160.0,77110.0,77140.0,548.0,211338500.0,177392.0
CU,CU2503.XSGE,2025-02-10 09:47:00,day,2025-02-10,day_2025-02-10,77140.0,77140.0,77070.0,77090.0,756.0,291467500.0,177514.0
CU,CU2503.XSGE,2025-02-10 09:48:00,day,2025-02-10,day_2025-02-10,77080.0,77100.0,77050.0,77100.0,441.0,169970200.0,177553.0
CU,CU2503.XSGE,2025-02-10 09:49:00,day,2025-02-10,day_2025-02-10,77090.0,77090.0,77050.0,77060.0,560.0,215791000.0,177703.0
CU,CU2503.XSGE,2025-02-10 09:50:00,day,2025-02-10,day_2025-02-10,77060.0,77070.0,76950.0,76960.0,1134.0,436628300.0,177795.0
CU,CU2503.XSGE,2025-02-10 09:51:00,day,2025-02-10,day_2025-02-10,76960.0,77060.0,76960.0,77050.0,795.0,306131750.0,177961.0
CU,CU2503.XSGE,2025-02-10 09:52:00,day,2025-02-10,day_2025-02-10,77060.0,77080.0,77010.0,77020.0,430.0,165623400.0,177954.0
CU,CU2503.XSGE,2025-02-10 09:53:00,day,2025-02-10,day_2025-02-10,77030.0,77050.0,76980.0,76990.0,435.0,167501850.0,177962.0
CU,CU2503.XSGE,2025-02-10 09:54:00,day,2025-02-10,day_2025-02-10,76980.0,77020.0,76970.0,77000.0,191.0,73528100.0,177957.0
CU,CU2503.XSGE,2025-02-10 09:55:00,day,2025-02-10,day_2025-02-10,77000.0,77060.0,77000.0,77040.0,309.0,119020300.0,178023.0
CU,CU2503.XSGE,2025-02-10 09:56:00,day,2025-02-10,day_2025-02-10,77050.0,77110.0,77040.0,77090.0,363.0,139917800.0,177998.0
CU,CU2503.XSGE,2025-02-10 09:57:00,day,2025-02-10,day_2025-02-10,77100.0,77110.0,77070.0,77100.0,213.0,82104900.0,178072.0
CU,CU2503.XSGE,2025-02-10 09:58:00,day,2025-02-10,day_2025-02-10,77100.0,77110.0,77080.0,77090.0,322.0,124117000.0,178098.0
CU,CU2503.XSGE,2025-02-10 09:59:00,day,2025-02-10,day_2025-02-10,77090.0,77090.0,77040.0,77090.0,577.0,222329700.0,178384.0
CU,CU2503.XSGE,2025-02-10 10:00:00,day,2025-02-10,day_2025-02-10,77090.0,77120.0,77090.0,77110.0,283.0,109097600.0,178477.0
CU,CU2503.XSGE,2025-02-10 10:01:00,day,2025-02-10,day_2025-02-10,77110.0,77110.0,77090.0,77100.0,196.0,75558200.0,178539.0
CU,CU2503.XSGE,2025-02-10 10:02:00,day,2025-02-10,day_2025-02-10,77100.0,77160.0,77090.0,77150.0,207.0,79830000.0,178600.0
CU,CU2503.XSGE,2025-02-10 10:03:00,day,2025-02-10,day_2025-02-10,77150.0,77210.0,77150.0,77200.0,498.0,192198950.0,178704.0
CU,CU2503.XSGE,2025-02-10 10:04:00,day,2025-02-10,day_2025-02-10,77190.0,77200.0,77150.0,77160.0,235.0,90692050.0,178695.0
CU,CU2503.XSGE,2025-02-10 10:05:00,day,2025-02-10,day_2025-02-10,77140.0,77150.0,77120.0,77120.0,214.0,82534350.0,178741.0
CU,CU2503.XSGE,2025-02-10 10:06:00,day,2025-02-10,day_2025-02-10,77120.0,77190.0,77120.0,77190.0,232.0,89492500.0,178764.0
CU,CU2503.XSGE,2025-02-10 10:07:00,day,2025-02-10,day_2025-02-10,77180.0,77210.0,77170.0,77190.0,290.0,111929300.0,178802.0
CU,CU2503.XSGE,2025-02-10 10:08:00,day,2025-02-10,day_2025-02-10,77190.0,77190.0,77130.0,77130.0,307.0,118453650.0,178683.0
CU,CU2503.XSGE,2025-02-10 10:09:00,day,2025-02-10,day_2025-02-10,77130.0,77180.0,77130.0,77170.0,139.0,53627750.0,178698.0
CU,CU2503.XSGE,2025-02-10 10:10:00,day,2025-02-10,day_2025-02-10,77160.0,77170.0,77140.0,77150.0,111.0,42820400.0,178671.0
CU,CU2503.XSGE,2025-02-10 10:11:00,day,2025-02-10,day_2025-02-10,77150.0,77150.0,77130.0,77140.0,165.0,63643500.0,178654.0
CU,CU2503.XSGE,2025-02-10 10:12:00,day,2025-02-10,day_2025-02-10,77140.0,77150.0,77110.0,77110.0,110.0,42422400.0,178647.0
CU,CU2503.XSGE,2025-02-10 10:13:00,day,2025-02-10,day_2025-02-10,77110.0,77130.0,77110.0,77110.0,143.0,55138800.0,178607.0
CU,CU2503.XSGE,2025-02-10 10:14:00,day,2025-02-10,day_2025-02-10,77110.0,77120.0,77080.0,77090.0,362.0,139544300.0,178573.0
CU,CU2503.XSGE,2025-02-10 10:15:00,day,2025-02-10,day_2025-02-10,77090.0,77100.0,77050.0,77050.0,192.0,73996100.0,178573.0
CU,CU2503.XSGE,2025-02-10 10:31:00,day,2025-02-10,day_2025-02-10,77060.0,77130.0,77060.0,77110.0,573.0,220920850.0,178661.0
CU,CU2503.XSGE,2025-02-10 10:32:00,day,2025-02-10,day_2025-02-10,77120.0,77120.0,77080.0,77110.0,378.0,145732800.0,178657.0
CU,CU2503.XSGE,2025-02-10 10:33:00,day,2025-02-10,day_2025-02-10,77110.0,77130.0,77100.0,77100.0,152.0,58606150.0,178668.0
CU,CU2503.XSGE,2025-02-10 10:34:00,day,2025-02-10,day_2025-02-10,77100.0,77100.0,77060.0,77070.0,321.0,123721450.0,178698.0
CU,CU2503.XSGE,2025-02-10 10:35:00,day,2025-02-10,day_2025-02-10,77070.0,77090.0,77060.0,77090.0,163.0,62819700.0,178689.0
CU,CU2503.XSGE,2025-02-10 10:36:00,day,2025-02-10,day_2025-02-10,77090.0,77100.0,77070.0,77090.0,189.0,72851150.0,178683.0
CU,CU2503.XSGE,2025-02-10 10:37:00,day,2025-02-10,day_2025-02-10,77090.0,77090.0,77080.0,77090.0,111.0,42782800.0,178673.0
CU,CU2503.XSGE,2025-02-10 10:38:00,day,2025-02-10,day_2025-02-10,77080.0,77090.0,77070.0,77080.0,115.0,44320450.0,178695.0
CU,CU2503.XSGE,2025-02-10 10:39:00,day,2025-02-10,day_2025-02-10,77080.0,77100.0,77070.0,77100.0,103.0,39697750.0,178730.0
CU,CU2503.XSGE,2025-02-10 10:40:00,day,2025-02-10,day_2025-02-10,77100.0,77110.0,77080.0,77090.0,433.0,166914000.0,178988.0
CU,CU2503.XSGE,2025-02-10 10:41:00,day,2025-02-10,day_2025-02-10,77090.0,77110.0,77080.0,77100.0,251.0,96751750.0,179040.0
CU,CU2503.XSGE,2025-02-10 10:42:00,day,2025-02-10,day_2025-02-10,77100.0,77120.0,77090.0,77120.0,358.0,138027800.0,179134.0
CU,CU2503.XSGE,2025-02-10 10:43:00,day,2025-02-10,day_2025-02-10,77120.0,77140.0,77110.0,77140.0,285.0,109905200.0,179238.0
CU,CU2503.XSGE,2025-02-10 10:44:00,day,2025-02-10,day_2025-02-10,77140.0,77160.0,77130.0,77140.0,333.0,128447150.0,179421.0
CU,CU2503.XSGE,2025-02-10 10:45:00,day,2025-02-10,day_2025-02-10,77120.0,77150.0,77110.0,77150.0,218.0,84073050.0,179504.0
CU,CU2503.XSGE,2025-02-10 10:46:00,day,2025-02-10,day_2025-02-10,77140.0,77150.0,77110.0,77130.0,306.0,118016350.0,179653.0
CU,CU2503.XSGE,2025-02-10 10:47:00,day,2025-02-10,day_2025-02-10,77130.0,77140.0,77110.0,77140.0,345.0,133044750.0,179833.0
CU,CU2503.XSGE,2025-02-10 10:48:00,day,2025-02-10,day_2025-02-10,77130.0,77180.0,77110.0,77170.0,302.0,116478400.0,179972.0
CU,CU2503.XSGE,2025-02-10 10:49:00,day,2025-02-10,day_2025-02-10,77180.0,77180.0,77140.0,77140.0,346.0,133482950.0,180051.0
CU,CU2503.XSGE,2025-02-10 10:50:00,day,2025-02-10,day_2025-02-10,77140.0,77150.0,77130.0,77140.0,175.0,67496250.0,180089.0
CU,CU2503.XSGE,2025-02-10 10:51:00,day,2025-02-10,day_2025-02-10,77150.0,77180.0,77150.0,77170.0,225.0,86803600.0,180181.0
CU,CU2503.XSGE,2025-02-10 10:52:00,day,2025-02-10,day_2025-02-10,77170.0,77200.0,77170.0,77190.0,229.0,88380300.0,180247.0
CU,CU2503.XSGE,2025-02-10 10:53:00,day,2025-02-10,day_2025-02-10,77190.0,77250.0,77190.0,77230.0,300.0,115832950.0,180303.0
CU,CU2503.XSGE,2025-02-10 10:54:00,day,2025-02-10,day_2025-02-10,77230.0,77240.0,77210.0,77210.0,112.0,43244100.0,180291.0
CU,CU2503.XSGE,2025-02-10 10:55:00,day,2025-02-10,day_2025-02-10,77210.0,77220.0,77200.0,77200.0,90.0,34743450.0,180299.0
CU,CU2503.XSGE,2025-02-10 10:56:00,day,2025-02-10,day_2025-02-10,77210.0,77210.0,77180.0,77180.0,219.0,84528000.0,180304.0
CU,CU2503.XSGE,2025-02-10 10:57:00,day,2025-02-10,day_2025-02-10,77180.0,77180.0,77170.0,77170.0,148.0,57110950.0,180273.0
CU,CU2503.XSGE,2025-02-10 10:58:00,day,2025-02-10,day_2025-02-10,77160.0,77170.0,77160.0,77160.0,94.0,36269200.0,180307.0
CU,CU2503.XSGE,2025-02-10 10:59:00,day,2025-02-10,day_2025-02-10,77180.0,77190.0,77170.0,77180.0,213.0,82193950.0,180299.0
CU,CU2503.XSGE,2025-02-10 11:00:00,day,2025-02-10,day_2025-02-10,77180.0,77180.0,77160.0,77160.0,117.0,45145250.0,180303.0
CU,CU2503.XSGE,2025-02-10 11:01:00,day,2025-02-10,day_2025-02-10,77180.0,77190.0,77160.0,77180.0,238.0,91838000.0,180413.0
CU,CU2503.XSGE,2025-02-10 11:02:00,day,2025-02-10,day_2025-02-10,77170.0,77170.0,77110.0,77110.0,338.0,130363250.0,180529.0
CU,CU2503.XSGE,2025-02-10 11:03:00,day,2025-02-10,day_2025-02-10,77110.0,77130.0,77100.0,77120.0,325.0,125311050.0,180551.0
CU,CU2503.XSGE,2025-02-10 11:04:00,day,2025-02-10,day_2025-02-10,77110.0,77150.0,77110.0,77150.0,172.0,66335750.0,180584.0
CU,CU2503.XSGE,2025-02-10 11:05:00,day,2025-02-10,day_2025-02-10,77160.0,77170.0,77140.0,77170.0,51.0,19674700.0,180592.0
CU,CU2503.XSGE,2025-02-10 11:06:00,day,2025-02-10,day_2025-02-10,77170.0,77190.0,77150.0,77170.0,202.0,77938600.0,180665.0
CU,CU2503.XSGE,2025-02-10 11:07:00,day,2025-02-10,day_2025-02-10,77170.0,77190.0,77160.0,77170.0,160.0,61740350.0,180737.0
CU,CU2503.XSGE,2025-02-10 11:08:00,day,2025-02-10,day_2025-02-10,77160.0,77200.0,77160.0,77180.0,64.0,24697700.0,180747.0
CU,CU2503.XSGE,2025-02-10 11:09:00,day,2025-02-10,day_2025-02-10,77180.0,77190.0,77130.0,77140.0,218.0,84110750.0,180781.0
CU,CU2503.XSGE,2025-02-10 11:10:00,day,2025-02-10,day_2025-02-10,77140.0,77150.0,77120.0,77150.0,102.0,39338750.0,180727.0
CU,CU2503.XSGE,2025-02-10 11:11:00,day,2025-02-10,day_2025-02-10,77150.0,77150.0,77130.0,77140.0,51.0,19671100.0,180697.0
CU,CU2503.XSGE,2025-02-10 11:12:00,day,2025-02-10,day_2025-02-10,77140.0,77160.0,77120.0,77160.0,123.0,47443850.0,180694.0
CU,CU2503.XSGE,2025-02-10 11:13:00,day,2025-02-10,day_2025-02-10,77150.0,77170.0,77150.0,77160.0,74.0,28548250.0,180706.0
CU,CU2503.XSGE,2025-02-10 11:14:00,day,2025-02-10,day_2025-02-10,77150.0,77150.0,77130.0,77150.0,150.0,57856500.0,180671.0
CU,CU2503.XSGE,2025-02-10 11:15:00,day,2025-02-10,day_2025-02-10,77130.0,77150.0,77130.0,77140.0,168.0,64803550.0,180742.0
CU,CU2503.XSGE,2025-02-10 11:16:00,day,2025-02-10,day_2025-02-10,77150.0,77150.0,77130.0,77150.0,88.0,33942850.0,180764.0
CU,CU2503.XSGE,2025-02-10 11:17:00,day,2025-02-10,day_2025-02-10,77140.0,77150.0,77130.0,77150.0,204.0,78682350.0,180809.0
CU,CU2503.XSGE,2025-02-10 11:18:00,day,2025-02-10,day_2025-02-10,77150.0,77150.0,77130.0,77130.0,224.0,86395750.0,180890.0
CU,CU2503.XSGE,2025-02-10 11:19:00,day,2025-02-10,day_2025-02-10,77140.0,77140.0,77110.0,77130.0,320.0,123400500.0,180906.0
CU,CU2503.XSGE,2025-02-10 11:20:00,day,2025-02-10,day_2025-02-10,77150.0,77150.0,77120.0,77130.0,218.0,84084100.0,180918.0
CU,CU2503.XSGE,2025-02-10 11:21:00,day,2025-02-10,day_2025-02-10,77140.0,77160.0,77120.0,77160.0,210.0,80994550.0,180889.0
CU,CU2503.XSGE,2025-02-10 11:22:00,day,2025-02-10,day_2025-02-10,77160.0,77190.0,77150.0,77180.0,153.0,59039300.0,180884.0
CU,CU2503.XSGE,2025-02-10 11:23:00,day,2025-02-10,day_2025-02-10,77170.0,77200.0,77160.0,77200.0,167.0,64446400.0,180892.0
CU,CU2503.XSGE,2025-02-10 11:24:00,day,2025-02-10,day_2025-02-10,77200.0,77230.0,77180.0,77210.0,255.0,98437550.0,180878.0
CU,CU2503.XSGE,2025-02-10 11:25:00,day,2025-02-10,day_2025-02-10,77220.0,77230.0,77190.0,77200.0,212.0,81845000.0,180949.0
CU,CU2503.XSGE,2025-02-10 11:26:00,day,2025-02-10,day_2025-02-10,77210.0,77210.0,77180.0,77210.0,132.0,50950700.0,180997.0
CU,CU2503.XSGE,2025-02-10 11:27:00,day,2025-02-10,day_2025-02-10,77200.0,77200.0,77180.0,77190.0,76.0,29333500.0,181033.0
CU,CU2503.XSGE,2025-02-10 11:28:00,day,2025-02-10,day_2025-02-10,77200.0,77220.0,77200.0,77210.0,178.0,68711850.0,181110.0
CU,CU2503.XSGE,2025-02-10 11:29:00,day,2025-02-10,day_2025-02-10,77220.0,77240.0,77220.0,77230.0,127.0,49039500.0,181143.0
CU,CU2503.XSGE,2025-02-10 11:30:00,day,2025-02-10,day_2025-02-10,77230.0,77240.0,77180.0,77200.0,198.0,76441050.0,181177.0
CU,CU2503.XSGE,2025-02-10 13:31:00,day,2025-02-10,day_2025-02-10,77220.0,77250.0,77190.0,77240.0,609.0,235154900.0,181361.0
CU,CU2503.XSGE,2025-02-10 13:32:00,day,2025-02-10,day_2025-02-10,77240.0,77240.0,77190.0,77210.0,171.0,66010650.0,181424.0
CU,CU2503.XSGE,2025-02-10 13:33:00,day,2025-02-10,day_2025-02-10,77210.0,77210.0,77170.0,77200.0,263.0,101509050.0,181450.0
CU,CU2503.XSGE,2025-02-10 13:34:00,day,2025-02-10,day_2025-02-10,77200.0,77210.0,77180.0,77200.0,244.0,94178450.0,181510.0
CU,CU2503.XSGE,2025-02-10 13:35:00,day,2025-02-10,day_2025-02-10,77200.0,77200.0,77170.0,77190.0,215.0,82973450.0,181570.0
CU,CU2503.XSGE,2025-02-10 13:36:00,day,2025-02-10,day_2025-02-10,77190.0,77190.0,77160.0,77170.0,105.0,40516550.0,181591.0
CU,CU2503.XSGE,2025-02-10 13:37:00,day,2025-02-10,day_2025-02-10,77160.0,77170.0,77120.0,77130.0,402.0,155056950.0,181717.0
CU,CU2503.XSGE,2025-02-10 13:38:00,day,2025-02-10,day_2025-02-10,77120.0,77150.0,77110.0,77150.0,329.0,126870000.0,181772.0
CU,CU2503.XSGE,2025-02-10 13:39:00,day,2025-02-10,day_2025-02-10,77150.0,77160.0,77140.0,77150.0,136.0,52461250.0,181807.0
CU,CU2503.XSGE,2025-02-10 13:40:00,day,2025-02-10,day_2025-02-10,77150.0,77150.0,77120.0,77130.0,66.0,25454550.0,181830.0
CU,CU2503.XSGE,2025-02-10 13:41:00,day,2025-02-10,day_2025-02-10,77130.0,77140.0,77120.0,77120.0,88.0,33936950.0,181836.0
CU,CU2503.XSGE,2025-02-10 13:42:00,day,2025-02-10,day_2025-02-10,77130.0,77140.0,77120.0,77140.0,178.0,68647500.0,181948.0
CU,CU2503.XSGE,2025-02-10 13:43:00,day,2025-02-10,day_2025-02-10,77140.0,77150.0,77130.0,77150.0,246.0,94885600.0,182003.0
CU,CU2503.XSGE,2025-02-10 13:44:00,day,2025-02-10,day_2025-02-10,77150.0,77190.0,77130.0,77180.0,198.0,76381600.0,182005.0
CU,CU2503.XSGE,2025-02-10 13:45:00,day,2025-02-10,day_2025-02-10,77170.0,77190.0,77170.0,77170.0,183.0,70617750.0,181924.0
CU,CU2503.XSGE,2025-02-10 13:46:00,day,2025-02-10,day_2025-02-10,77180.0,77190.0,77160.0,77160.0,280.0,108043050.0,182040.0
CU,CU2503.XSGE,2025-02-10 13:47:00,day,2025-02-10,day_2025-02-10,77160.0,77190.0,77160.0,77180.0,188.0,72545450.0,182074.0
CU,CU2503.XSGE,2025-02-10 13:48:00,day,2025-02-10,day_2025-02-10,77180.0,77190.0,77160.0,77180.0,95.0,36659850.0,182086.0
CU,CU2503.XSGE,2025-02-10 13:49:00,day,2025-02-10,day_2025-02-10,77180.0,77190.0,77170.0,77190.0,142.0,54799300.0,182136.0
CU,CU2503.XSGE,2025-02-10 13:50:00,day,2025-02-10,day_2025-02-10,77190.0,77190.0,77160.0,77170.0,149.0,57492950.0,182158.0
CU,CU2503.XSGE,2025-02-10 13:51:00,day,2025-02-10,day_2025-02-10,77160.0,77170.0,77140.0,77150.0,165.0,63655200.0,182173.0
CU,CU2503.XSGE,2025-02-10 13:52:00,day,2025-02-10,day_2025-02-10,77150.0,77150.0,77130.0,77130.0,89.0,34327350.0,182182.0
CU,CU2503.XSGE,2025-02-10 13:53:00,day,2025-02-10,day_2025-02-10,77130.0,77160.0,77130.0,77160.0,78.0,30087650.0,182183.0
CU,CU2503.XSGE,2025-02-10 13:54:00,day,2025-02-10,day_2025-02-10,77160.0,77160.0,77120.0,77140.0,153.0,59012350.0,182162.0
CU,CU2503.XSGE,2025-02-10 13:55:00,day,2025-02-10,day_2025-02-10,77130.0,77150.0,77130.0,77140.0,30.0,11571250.0,182148.0
CU,CU2503.XSGE,2025-02-10 13:56:00,day,2025-02-10,day_2025-02-10,77140.0,77140.0,77120.0,77130.0,89.0,34322650.0,182146.0
CU,CU2503.XSGE,2025-02-10 13:57:00,day,2025-02-10,day_2025-02-10,77130.0,77130.0,77100.0,77120.0,261.0,100638400.0,182175.0
CU,CU2503.XSGE,2025-02-10 13:58:00,day,2025-02-10,day_2025-02-10,77120.0,77150.0,77110.0,77130.0,121.0,46664700.0,182184.0
CU,CU2503.XSGE,2025-02-10 13:59:00,day,2025-02-10,day_2025-02-10,77130.0,77140.0,77130.0,77140.0,54.0,20826050.0,182207.0
CU,CU2503.XSGE,2025-02-10 14:00:00,day,2025-02-10,day_2025-02-10,77140.0,77150.0,77130.0,77150.0,85.0,32786650.0,182218.0
CU,CU2503.XSGE,2025-02-10 14:01:00,day,2025-02-10,day_2025-02-10,77150.0,77160.0,77140.0,77150.0,289.0,111481400.0,182291.0
CU,CU2503.XSGE,2025-02-10 14:02:00,day,2025-02-10,day_2025-02-10,77150.0,77160.0,77100.0,77110.0,362.0,139611250.0,182428.0
CU,CU2503.XSGE,2025-02-10 14:03:00,day,2025-02-10,day_2025-02-10,77110.0,77110.0,77080.0,77080.0,400.0,154188300.0,182544.0
CU,CU2503.XSGE,2025-02-10 14:04:00,day,2025-02-10,day_2025-02-10,77090.0,77130.0,77090.0,77130.0,88.0,33927850.0,182524.0
CU,CU2503.XSGE,2025-02-10 14:05:00,day,2025-02-10,day_2025-02-10,77120.0,77150.0,77120.0,77140.0,157.0,60550650.0,182550.0
CU,CU2503.XSGE,2025-02-10 14:06:00,day,2025-02-10,day_2025-02-10,77150.0,77170.0,77140.0,77170.0,280.0,108012600.0,182673.0
CU,CU2503.XSGE,2025-02-10 14:07:00,day,2025-02-10,day_2025-02-10,77170.0,77180.0,77150.0,77170.0,114.0,43982550.0,182703.0
CU,CU2503.XSGE,2025-02-10 14:08:00,day,2025-02-10,day_2025-02-10,77170.0,77170.0,77150.0,77150.0,185.0,71369650.0,182750.0
CU,CU2503.XSGE,2025-02-10 14:09:00,day,2025-02-10,day_2025-02-10,77150.0,77160.0,77150.0,77160.0,80.0,30861550.0,182755.0
CU,CU2503.XSGE,2025-02-10 14:10:00,day,2025-02-10,day_2025-02-10,77160.0,77160.0,77140.0,77140.0,100.0,38575100.0,182780.0
CU,CU2503.XSGE,2025-02-10 14:11:00,day,2025-02-10,day_2025-02-10,77140.0,77150.0,77100.0,77100.0,128.0,49354250.0,182758.0
CU,CU2503.XSGE,2025-02-10 14:12:00,day,2025-02-10,day_2025-02-10,77100.0,77120.0,77090.0,77100.0,136.0,52432450.0,182787.0
CU,CU2503.XSGE,2025-02-10 14:13:00,day,2025-02-10,day_2025-02-10,77100.0,77110.0,77090.0,77100.0,118.0,45488350.0,182788.0
CU,CU2503.XSGE,2025-02-10 14:14:00,day,2025-02-10,day_2025-02-10,77090.0,77110.0,77080.0,77110.0,173.0,66685250.0,182730.0
CU,CU2503.XSGE,2025-02-10 14:15:00,day,2025-02-10,day_2025-02-10,77100.0,77120.0,77100.0,77120.0,86.0,33157750.0,182752.0
CU,CU2503.XSGE,2025-02-10 14:16:00,day,2025-02-10,day_2025-02-10,77120.0,77130.0,77110.0,77120.0,141.0,54370150.0,182764.0
CU,CU2503.XSGE,2025-02-10 14:17:00,day,2025-02-10,day_2025-02-10,77140.0,77150.0,77120.0,77150.0,181.0,69806100.0,182809.0
CU,CU2503.XSGE,2025-02-10 14:18:00,day,2025-02-10,day_2025-02-10,77150.0,77150.0,77130.0,77140.0,56.0,21598950.0,182804.0
CU,CU2503.XSGE,2025-02-10 14:19:00,day,2025-02-10,day_2025-02-10,77140.0,77160.0,77140.0,77160.0,151.0,58249850.0,182858.0
CU,CU2503.XSGE,2025-02-10 14:20:00,day,2025-02-10,day_2025-02-10,77160.0,77180.0,77150.0,77180.0,118.0,45529000.0,182933.0
CU,CU2503.XSGE,2025-02-10 14:21:00,day,2025-02-10,day_2025-02-10,77180.0,77200.0,77180.0,77200.0,84.0,32420250.0,182941.0
CU,CU2503.XSGE,2025-02-10 14:22:00,day,2025-02-10,day_2025-02-10,77200.0,77200.0,77180.0,77180.0,222.0,85685500.0,182985.0
CU,CU2503.XSGE,2025-02-10 14:23:00,day,2025-02-10,day_2025-02-10,77180.0,77200.0,77170.0,77170.0,82.0,31644300.0,183002.0
CU,CU2503.XSGE,2025-02-10 14:24:00,day,2025-02-10,day_2025-02-10,77180.0,77200.0,77170.0,77170.0,146.0,56343100.0,183038.0
CU,CU2503.XSGE,2025-02-10 14:25:00,day,2025-02-10,day_2025-02-10,77170.0,77180.0,77160.0,77180.0,138.0,53246950.0,183009.0
CU,CU2503.XSGE,2025-02-10 14:26:00,day,2025-02-10,day_2025-02-10,77180.0,77200.0,77170.0,77180.0,255.0,98408150.0,182993.0
CU,CU2503.XSGE,2025-02-10 14:27:00,day,2025-02-10,day_2025-02-10,77180.0,77200.0,77180.0,77180.0,69.0,26629150.0,183035.0
CU,CU2503.XSGE,2025-02-10 14:28:00,day,2025-02-10,day_2025-02-10,77190.0,77220.0,77180.0,77210.0,282.0,108867050.0,183069.0
CU,CU2503.XSGE,2025-02-10 14:29:00,day,2025-02-10,day_2025-02-10,77210.0,77250.0,77210.0,77240.0,145.0,55995700.0,183069.0
CU,CU2503.XSGE,2025-02-10 14:30:00,day,2025-02-10,day_2025-02-10,77250.0,77250.0,77220.0,77250.0,91.0,35142500.0,183071.0
CU,CU2503.XSGE,2025-02-10 14:31:00,day,2025-02-10,day_2025-02-10,77240.0,77250.0,77230.0,77230.0,40.0,15449050.0,183085.0
CU,CU2503.XSGE,2025-02-10 14:32:00,day,2025-02-10,day_2025-02-10,77240.0,77240.0,77200.0,77210.0,245.0,94593650.0,183101.0
CU,CU2503.XSGE,2025-02-10 14:33:00,day,2025-02-10,day_2025-02-10,77200.0,77210.0,77180.0,77200.0,421.0,162482300.0,183118.0
CU,CU2503.XSGE,2025-02-10 14:34:00,day,2025-02-10,day_2025-02-10,77190.0,77210.0,77190.0,77200.0,93.0,35901550.0,183108.0
CU,CU2503.XSGE,2025-02-10 14:35:00,day,2025-02-10,day_2025-02-10,77200.0,77200.0,77180.0,77190.0,80.0,30878550.0,183086.0
CU,CU2503.XSGE,2025-02-10 14:36:00,day,2025-02-10,day_2025-02-10,77190.0,77190.0,77160.0,77180.0,251.0,96858950.0,183030.0
CU,CU2503.XSGE,2025-02-10 14:37:00,day,2025-02-10,day_2025-02-10,77180.0,77190.0,77170.0,77170.0,191.0,73704700.0,183083.0
CU,CU2503.XSGE,2025-02-10 14:38:00,day,2025-02-10,day_2025-02-10,77160.0,77170.0,77140.0,77170.0,247.0,95293900.0,183093.0
CU,CU2503.XSGE,2025-02-10 14:39:00,day,2025-02-10,day_2025-02-10,77170.0,77170.0,77160.0,77170.0,28.0,10803000.0,183093.0
CU,CU2503.XSGE,2025-02-10 14:40:00,day,2025-02-10,day_2025-02-10,77160.0,77170.0,77150.0,77160.0,136.0,52470750.0,183097.0
CU,CU2503.XSGE,2025-02-10 14:41:00,day,2025-02-10,day_2025-02-10,77160.0,77170.0,77150.0,77150.0,141.0,54400200.0,183080.0
CU,CU2503.XSGE,2025-02-10 14:42:00,day,2025-02-10,day_2025-02-10,77160.0,77170.0,77150.0,77150.0,97.0,37420900.0,183064.0
CU,CU2503.XSGE,2025-02-10 14:43:00,day,2025-02-10,day_2025-02-10,77150.0,77210.0,77150.0,77170.0,287.0,110752650.0,183048.0
CU,CU2503.XSGE,2025-02-10 14:44:00,day,2025-02-10,day_2025-02-10,77180.0,77190.0,77170.0,77190.0,120.0,46312500.0,182978.0
CU,CU2503.XSGE,2025-02-10 14:45:00,day,2025-02-10,day_2025-02-10,77190.0,77210.0,77180.0,77200.0,256.0,98805000.0,183005.0
CU,CU2503.XSGE,2025-02-10 14:46:00,day,2025-02-10,day_2025-02-10,77200.0,77200.0,77180.0,77200.0,157.0,60599650.0,182993.0
CU,CU2503.XSGE,2025-02-10 14:47:00,day,2025-02-10,day_2025-02-10,77200.0,77230.0,77200.0,77220.0,79.0,30500750.0,182993.0
CU,CU2503.XSGE,2025-02-10 14:48:00,day,2025-02-10,day_2025-02-10,77220.0,77240.0,77220.0,77240.0,91.0,35138050.0,182949.0
CU,CU2503.XSGE,2025-02-10 14:49:00,day,2025-02-10,day_2025-02-10,77230.0,77250.0,77230.0,77250.0,167.0,64495600.0,182955.0
CU,CU2503.XSGE,2025-02-10 14:50:00,day,2025-02-10,day_2025-02-10,77250.0,77290.0,77250.0,77290.0,418.0,161495450.0,182994.0
CU,CU2503.XSGE,2025-02-10 14:51:00,day,2025-02-10,day_2025-02-10,77290.0,77310.0,77280.0,77300.0,327.0,126381250.0,182879.0
CU,CU2503.XSGE,2025-02-10 14:52:00,day,2025-02-10,day_2025-02-10,77300.0,77300.0,77290.0,77300.0,178.0,68794400.0,182914.0
CU,CU2503.XSGE,2025-02-10 14:53:00,day,2025-02-10,day_2025-02-10,77290.0,77320.0,77290.0,77310.0,211.0,81555850.0,182930.0
CU,CU2503.XSGE,2025-02-10 14:54:00,day,2025-02-10,day_2025-02-10,77310.0,77320.0,77290.0,77300.0,378.0,146104150.0,182955.0
CU,CU2503.XSGE,2025-02-10 14:55:00,day,2025-02-10,day_2025-02-10,77310.0,77320.0,77290.0,77320.0,103.0,39811850.0,182931.0
CU,CU2503.XSGE,2025-02-10 14:56:00,day,2025-02-10,day_2025-02-10,77310.0,77330.0,77300.0,77310.0,275.0,106307700.0,182909.0
CU,CU2503.XSGE,2025-02-10 14:57:00,day,2025-02-10,day_2025-02-10,77320.0,77400.0,77310.0,77390.0,723.0,279599000.0,183006.0
CU,CU2503.XSGE,2025-02-10 14:58:00,day,2025-02-10,day_2025-02-10,77390.0,77480.0,77370.0,77480.0,1456.0,563808700.0,183287.0
CU,CU2503.XSGE,2025-02-10 14:59:00,day,2025-02-10,day_2025-02-10,77470.0,77470.0,77400.0,77410.0,663.0,256732850.0,183275.0
CU,CU2503.XSGE,2025-02-10 15:00:00,day,2025-02-10,day_2025-02-10,77410.0,77410.0,77360.0,77370.0,577.0,223264650.0,183382.0
CU,CU2503.XSGE,2025-02-10 21:01:00,night,2025-02-10,night_2025-02-10,77410.0,77450.0,77380.0,77400.0,787.0,304610600.0,183224.0
CU,CU2503.XSGE,2025-02-10 21:02:00,night,2025-02-10,night_2025-02-10,77390.0,77430.0,77350.0,77350.0,469.0,181494100.0,182986.0
CU,CU2503.XSGE,2025-02-10 21:03:00,night,2025-02-10,night_2025-02-10,77340.0,77390.0,77340.0,77370.0,343.0,132683300.0,182838.0
CU,CU2503.XSGE,2025-02-10 21:04:00,night,2025-02-10,night_2025-02-10,77360.0,77420.0,77360.0,77400.0,366.0,141619300.0,182734.0
CU,CU2503.XSGE,2025-02-10 21:05:00,night,2025-02-10,night_2025-02-10,77400.0,77400.0,77380.0,77390.0,196.0,75842550.0,182738.0
CU,CU2503.XSGE,2025-02-10 21:06:00,night,2025-02-10,night_2025-02-10,77380.0,77390.0,77360.0,77370.0,261.0,100970900.0,182611.0
CU,CU2503.XSGE,2025-02-10 21:07:00,night,2025-02-10,night_2025-02-10,77370.0,77380.0,77350.0,77360.0,158.0,61115900.0,182533.0
CU,CU2503.XSGE,2025-02-10 21:08:00,night,2025-02-10,night_2025-02-10,77370.0,77390.0,77370.0,77380.0,94.0,36368850.0,182508.0
CU,CU2503.XSGE,2025-02-10 21:09:00,night,2025-02-10,night_2025-02-10,77370.0,77400.0,77360.0,77390.0,107.0,41395450.0,182478.0
CU,CU2503.XSGE,2025-02-10 21:10:00,night,2025-02-10,night_2025-02-10,77400.0,77420.0,77380.0,77410.0,168.0,65017700.0,182453.0
CU,CU2503.XSGE,2025-02-10 21:11:00,night,2025-02-10,night_2025-02-10,77410.0,77480.0,77410.0,77480.0,325.0,125860950.0,182392.0
CU,CU2503.XSGE,2025-02-10 21:12:00,night,2025-02-10,night_2025-02-10,77470.0,77480.0,77450.0,77470.0,323.0,125106400.0,182307.0
CU,CU2503.XSGE,2025-02-10 21:13:00,night,2025-02-10,night_2025-02-10,77480.0,77480.0,77440.0,77450.0,222.0,85978950.0,182255.0
CU,CU2503.XSGE,2025-02-10 21:14:00,night,2025-02-10,night_2025-02-10,77450.0,77460.0,77440.0,77440.0,196.0,75899500.0,182227.0
CU,CU2503.XSGE,2025-02-10 21:15:00,night,2025-02-10,night_2025-02-10,77440.0,77440.0,77410.0,77430.0,122.0,47229650.0,182194.0
CU,CU2503.XSGE,2025-02-10 21:16:00,night,2025-02-10,night_2025-02-10,77430.0,77460.0,77430.0,77460.0,135.0,52276750.0,182175.0
CU,CU2503.XSGE,2025-02-10 21:17:00,night,2025-02-10,night_2025-02-10,77440.0,77480.0,77440.0,77460.0,136.0,52674200.0,182128.0
CU,CU2503.XSGE,2025-02-10 21:18:00,night,2025-02-10,night_2025-02-10,77460.0,77490.0,77450.0,77470.0,161.0,62368650.0,182097.0
CU,CU2503.XSGE,2025-02-10 21:19:00,night,2025-02-10,night_2025-02-10,77480.0,77480.0,77460.0,77460.0,101.0,39122200.0,182075.0
CU,CU2503.XSGE,2025-02-10 21:20:00,night,2025-02-10,night_2025-02-10,77480.0,77490.0,77470.0,77490.0,220.0,85229350.0,182156.0
CU,CU2503.XSGE,2025-02-10 21:21:00,night,2025-02-10,night_2025-02-10,77500.0,77560.0,77500.0,77560.0,689.0,267083750.0,182138.0
CU,CU2503.XSGE,2025-02-10 21:22:00,night,2025-02-10,night_2025-02-10,77550.0,77560.0,77530.0,77550.0,259.0,100423700.0,182101.0
CU,CU2503.XSGE,2025-02-10 21:23:00,night,2025-02-10,night_2025-02-10,77550.0,77560.0,77510.0,77530.0,237.0,91883950.0,182167.0
CU,CU2503.XSGE,2025-02-10 21:24:00,night,2025-02-10,night_2025-02-10,77520.0,77550.0,77500.0,77530.0,192.0,74425000.0,182159.0
CU,CU2503.XSGE,2025-02-10 21:25:00,night,2025-02-10,night_2025-02-10,77530.0,77550.0,77530.0,77550.0,155.0,60091150.0,182137.0
CU,CU2503.XSGE,2025-02-10 21:26:00,night,2025-02-10,night_2025-02-10,77550.0,77570.0,77550.0,77560.0,142.0,55068000.0,182117.0
CU,CU2503.XSGE,2025-02-10 21:27:00,night,2025-02-10,night_2025-02-10,77560.0,77600.0,77550.0,77580.0,250.0,96976300.0,182087.0
CU,CU2503.XSGE,2025-02-10 21:28:00,night,2025-02-10,night_2025-02-10,77570.0,77580.0,77520.0,77540.0,162.0,62811950.0,182071.0
CU,CU2503.XSGE,2025-02-10 21:29:00,night,2025-02-10,night_2025-02-10,77540.0,77540.0,77490.0,77490.0,215.0,83320450.0,182071.0
CU,CU2503.XSGE,2025-02-10 21:30:00,night,2025-02-10,night_2025-02-10,77500.0,77550.0,77490.0,77540.0,303.0,117427450.0,182108.0
CU,CU2503.XSGE,2025-02-10 21:31:00,night,2025-02-10,night_2025-02-10,77540.0,77560.0,77530.0,77530.0,83.0,32179400.0,182097.0
CU,CU2503.XSGE,2025-02-10 21:32:00,night,2025-02-10,night_2025-02-10,77530.0,77530.0,77510.0,77520.0,70.0,27132950.0,182091.0
CU,CU2503.XSGE,2025-02-10 21:33:00,night,2025-02-10,night_2025-02-10,77530.0,77540.0,77520.0,77520.0,38.0,14730500.0,182086.0
CU,CU2503.XSGE,2025-02-10 21:34:00,night,2025-02-10,night_2025-02-10,77530.0,77560.0,77520.0,77560.0,118.0,45749950.0,182077.0
CU,CU2503.XSGE,2025-02-10 21:35:00,night,2025-02-10,night_2025-02-10,77550.0,77580.0,77550.0,77570.0,84.0,32579650.0,182101.0
CU,CU2503.XSGE,2025-02-10 21:36:00,night,2025-02-10,night_2025-02-10,77570.0,77610.0,77570.0,77580.0,223.0,86518050.0,182087.0
CU,CU2503.XSGE,2025-02-10 21:37:00,night,2025-02-10,night_2025-02-10,77590.0,77590.0,77550.0,77560.0,114.0,44214850.0,182056.0
CU,CU2503.XSGE,2025-02-10 21:38:00,night,2025-02-10,night_2025-02-10,77560.0,77560.0,77510.0,77510.0,173.0,67066350.0,182035.0
CU,CU2503.XSGE,2025-02-10 21:39:00,night,2025-02-10,night_2025-02-10,77520.0,77530.0,77510.0,77530.0,32.0,12403550.0,182031.0
CU,CU2503.XSGE,2025-02-10 21:40:00,night,2025-02-10,night_2025-02-10,77530.0,77530.0,77510.0,77520.0,133.0,51550700.0,181979.0
CU,CU2503.XSGE,2025-02-10 21:41:00,night,2025-02-10,night_2025-02-10,77520.0,77520.0,77470.0,77470.0,157.0,60828050.0,181951.0
CU,CU2503.XSGE,2025-02-10 21:42:00,night,2025-02-10,night_2025-02-10,77470.0,77500.0,77470.0,77500.0,64.0,24795250.0,181947.0
CU,CU2503.XSGE,2025-02-10 21:43:00,night,2025-02-10,night_2025-02-10,77500.0,77530.0,77500.0,77510.0,56.0,21704500.0,181951.0
CU,CU2503.XSGE,2025-02-10 21:44:00,night,2025-02-10,night_2025-02-10,77500.0,77500.0,77460.0,77460.0,110.0,42610300.0,181931.0
CU,CU2503.XSGE,2025-02-10 21:45:00,night,2025-02-10,night_2025-02-10,77450.0,77480.0,77450.0,77460.0,85.0,32920400.0,181922.0
CU,CU2503.XSGE,2025-02-10 21:46:00,night,2025-02-10,night_2025-02-10,77460.0,77470.0,77420.0,77430.0,83.0,32139300.0,181887.0
CU,CU2503.XSGE,2025-02-10 21:47:00,night,2025-02-10,night_2025-02-10,77430.0,77450.0,77430.0,77440.0,72.0,27880600.0,181866.0
CU,CU2503.XSGE,2025-02-10 21:48:00,night,2025-02-10,night_2025-02-10,77450.0,77460.0,77420.0,77420.0,110.0,42586850.0,181823.0
CU,CU2503.XSGE,2025-02-10 21:49:00,night,2025-02-10,night_2025-02-10,77410.0,77430.0,77410.0,77420.0,78.0,30191750.0,181770.0
CU,CU2503.XSGE,2025-02-10 21:50:00,night,2025-02-10,night_2025-02-10,77420.0,77450.0,77420.0,77450.0,60.0,23230350.0,181749.0
CU,CU2503.XSGE,2025-02-10 21:51:00,night,2025-02-10,night_2025-02-10,77450.0,77490.0,77440.0,77480.0,63.0,24400500.0,181742.0
CU,CU2503.XSGE,2025-02-10 21:52:00,night,2025-02-10,night_2025-02-10,77470.0,77480.0,77460.0,77470.0,14.0,5423050.0,181737.0
CU,CU2503.XSGE,2025-02-10 21:53:00,night,2025-02-10,night_2025-02-10,77470.0,77490.0,77460.0,77490.0,27.0,10460300.0,181739.0
CU,CU2503.XSGE,2025-02-10 21:54:00,night,2025-02-10,night_2025-02-10,77480.0,77490.0,77470.0,77480.0,46.0,17819400.0,181735.0
CU,CU2503.XSGE,2025-02-10 21:55:00,night,2025-02-10,night_2025-02-10,77490.0,77500.0,77470.0,77490.0,142.0,55021450.0,181643.0
CU,CU2503.XSGE,2025-02-10 21:56:00,night,2025-02-10,night_2025-02-10,77490.0,77510.0,77490.0,77500.0,285.0,110437000.0,181595.0
CU,CU2503.XSGE,2025-02-10 21:57:00,night,2025-02-10,night_2025-02-10,77500.0,77510.0,77480.0,77500.0,92.0,35648600.0,181562.0
CU,CU2503.XSGE,2025-02-10 21:58:00,night,2025-02-10,night_2025-02-10,77480.0,77490.0,77460.0,77480.0,27.0,10458750.0,181555.0
CU,CU2503.XSGE,2025-02-10 21:59:00,night,2025-02-10,night_2025-02-10,77490.0,77490.0,77470.0,77480.0,32.0,12396750.0,181546.0
CU,CU2503.XSGE,2025-02-10 22:00:00,night,2025-02-10,night_2025-02-10,77490.0,77490.0,77460.0,77460.0,18.0,6972550.0,181538.0
CU,CU2503.XSGE,2025-02-10 22:01:00,night,2025-02-10,night_2025-02-10,77470.0,77470.0,77440.0,77460.0,63.0,24398700.0,181512.0
CU,CU2503.XSGE,2025-02-10 22:02:00,night,2025-02-10,night_2025-02-10,77450.0,77470.0,77440.0,77450.0,47.0,18202850.0,181515.0
CU,CU2503.XSGE,2025-02-10 22:03:00,night,2025-02-10,night_2025-02-10,77460.0,77460.0,77430.0,77440.0,73.0,28267300.0,181509.0
CU,CU2503.XSGE,2025-02-10 22:04:00,night,2025-02-10,night_2025-02-10,77430.0,77430.0,77370.0,77390.0,327.0,126540200.0,181379.0
CU,CU2503.XSGE,2025-02-10 22:05:00,night,2025-02-10,night_2025-02-10,77390.0,77400.0,77330.0,77330.0,368.0,142338950.0,181267.0
CU,CU2503.XSGE,2025-02-10 22:06:00,night,2025-02-10,night_2025-02-10,77330.0,77390.0,77330.0,77390.0,304.0,117567400.0,181190.0
CU,CU2503.XSGE,2025-02-10 22:07:00,night,2025-02-10,night_2025-02-10,77390.0,77400.0,77370.0,77390.0,142.0,54940000.0,181136.0
CU,CU2503.XSGE,2025-02-10 22:08:00,night,2025-02-10,night_2025-02-10,77370.0,77400.0,77370.0,77380.0,211.0,81639450.0,181249.0
CU,CU2503.XSGE,2025-02-10 22:09:00,night,2025-02-10,night_2025-02-10,77370.0,77390.0,77370.0,77380.0,24.0,9285200.0,181235.0
CU,CU2503.XSGE,2025-02-10 22:10:00,night,2025-02-10,night_2025-02-10,77380.0,77400.0,77350.0,77370.0,162.0,62671100.0,181208.0
CU,CU2503.XSGE,2025-02-10 22:11:00,night,2025-02-10,night_2025-02-10,77360.0,77400.0,77350.0,77400.0,57.0,22048850.0,181193.0
CU,CU2503.XSGE,2025-02-10 22:12:00,night,2025-02-10,night_2025-02-10,77400.0,77400.0,77390.0,77400.0,36.0,13931500.0,181200.0
CU,CU2503.XSGE,2025-02-10 22:13:00,night,2025-02-10,night_2025-02-10,77390.0,77410.0,77390.0,77410.0,41.0,15867150.0,181199.0
CU,CU2503.XSGE,2025-02-10 22:14:00,night,2025-02-10,night_2025-02-10,77400.0,77420.0,77390.0,77410.0,60.0,23221950.0,181204.0
CU,CU2503.XSGE,2025-02-10 22:15:00,night,2025-02-10,night_2025-02-10,77410.0,77410.0,77390.0,77390.0,89.0,34443150.0,181182.0
CU,CU2503.XSGE,2025-02-10 22:16:00,night,2025-02-10,night_2025-02-10,77390.0,77410.0,77390.0,77410.0,12.0,4643900.0,181184.0
CU,CU2503.XSGE,2025-02-10 22:17:00,night,2025-02-10,night_2025-02-10,77400.0,77410.0,77390.0,77400.0,21.0,8126950.0,181176.0
CU,CU2503.XSGE,2025-02-10 22:18:00,night,2025-02-10,night_2025-02-10,77390.0,77420.0,77390.0,77420.0,39.0,15094450.0,181176.0
CU,CU2503.XSGE,2025-02-10 22:19:00,night,2025-02-10,night_2025-02-10,77420.0,77430.0,77410.0,77420.0,28.0,10838500.0,181175.0
CU,CU2503.XSGE,2025-02-10 22:20:00,night,2025-02-10,night_2025-02-10,77420.0,77430.0,77410.0,77420.0,46.0,17806200.0,181175.0
CU,CU2503.XSGE,2025-02-10 22:21:00,night,2025-02-10,night_2025-02-10,77410.0,77420.0,77400.0,77410.0,34.0,13158550.0,181182.0
CU,CU2503.XSGE,2025-02-10 22:22:00,night,2025-02-10,night_2025-02-10,77410.0,77440.0,77400.0,77440.0,63.0,24387450.0,181174.0
CU,CU2503.XSGE,2025-02-10 22:23:00,night,2025-02-10,night_2025-02-10,77430.0,77450.0,77430.0,77450.0,79.0,30589300.0,181166.0
CU,CU2503.XSGE,2025-02-10 22:24:00,night,2025-02-10,night_2025-02-10,77430.0,77440.0,77390.0,77390.0,104.0,40250450.0,181120.0
CU,CU2503.XSGE,2025-02-10 22:25:00,night,2025-02-10,night_2025-02-10,77400.0,77400.0,77350.0,77350.0,167.0,64609000.0,181107.0
CU,CU2503.XSGE,2025-02-10 22:26:00,night,2025-02-10,night_2025-02-10,77350.0,77360.0,77340.0,77350.0,68.0,26299000.0,181110.0
CU,CU2503.XSGE,2025-02-10 22:27:00,night,2025-02-10,night_2025-02-10,77350.0,77360.0,77340.0,77350.0,66.0,25524700.0,181070.0
CU,CU2503.XSGE,2025-02-10 22:28:00,night,2025-02-10,night_2025-02-10,77360.0,77360.0,77340.0,77360.0,52.0,20111000.0,181076.0
CU,CU2503.XSGE,2025-02-10 22:29:00,night,2025-02-10,night_2025-02-10,77360.0,77360.0,77340.0,77340.0,68.0,26298500.0,181080.0
CU,CU2503.XSGE,2025-02-10 22:30:00,night,2025-02-10,night_2025-02-10,77350.0,77360.0,77340.0,77350.0,80.0,30940150.0,181024.0
CU,CU2503.XSGE,2025-02-10 22:31:00,night,2025-02-10,night_2025-02-10,77360.0,77380.0,77350.0,77380.0,75.0,29013200.0,181012.0
CU,CU2503.XSGE,2025-02-10 22:32:00,night,2025-02-10,night_2025-02-10,77370.0,77390.0,77370.0,77380.0,31.0,11992350.0,180996.0
CU,CU2503.XSGE,2025-02-10 22:33:00,night,2025-02-10,night_2025-02-10,77390.0,77400.0,77370.0,77390.0,23.0,8899200.0,180988.0
CU,CU2503.XSGE,2025-02-10 22:34:00,night,2025-02-10,night_2025-02-10,77400.0,77430.0,77390.0,77420.0,89.0,34451150.0,180969.0
CU,CU2503.XSGE,2025-02-10 22:35:00,night,2025-02-10,night_2025-02-10,77410.0,77430.0,77410.0,77430.0,43.0,16645750.0,180960.0
CU,CU2503.XSGE,2025-02-10 22:36:00,night,2025-02-10,night_2025-02-10,77420.0,77430.0,77410.0,77420.0,32.0,12386600.0,180948.0
CU,CU2503.XSGE,2025-02-10 22:37:00,night,2025-02-10,night_2025-02-10,77410.0,77430.0,77410.0,77420.0,26.0,10064450.0,180935.0
CU,CU2503.XSGE,2025-02-10 22:38:00,night,2025-02-10,night_2025-02-10,77410.0,77430.0,77400.0,77430.0,68.0,26319500.0,180912.0
CU,CU2503.XSGE,2025-02-10 22:39:00,night,2025-02-10,night_2025-02-10,77430.0,77460.0,77420.0,77440.0,183.0,70859350.0,180887.0
CU,CU2503.XSGE,2025-02-10 22:40:00,night,2025-02-10,night_2025-02-10,77450.0,77450.0,77430.0,77440.0,23.0,8905900.0,180879.0
CU,CU2503.XSGE,2025-02-10 22:41:00,night,2025-02-10,night_2025-02-10,77450.0,77450.0,77420.0,77430.0,58.0,22457450.0,180881.0
CU,CU2503.XSGE,2025-02-10 22:42:00,night,2025-02-10,night_2025-02-10,77420.0,77430.0,77410.0,77410.0,30.0,11612700.0,180873.0
CU,CU2503.XSGE,2025-02-10 22:43:00,night,2025-02-10,night_2025-02-10,77420.0,77430.0,77410.0,77420.0,22.0,8516150.0,180867.0
CU,CU2503.XSGE,2025-02-10 22:44:00,night,2025-02-10,night_2025-02-10,77420.0,77440.0,77420.0,77440.0,130.0,50329450.0,180812.0
CU,CU2503.XSGE,2025-02-10 22:45:00,night,2025-02-10,night_2025-02-10,77440.0,77470.0,77440.0,77470.0,57.0,22073400.0,180807.0
CU,CU2503.XSGE,2025-02-10 22:46:00,night,2025-02-10,night_2025-02-10,77480.0,77490.0,77460.0,77480.0,129.0,49970150.0,180794.0
CU,CU2503.XSGE,2025-02-10 22:47:00,night,2025-02-10,night_2025-02-10,77480.0,77480.0,77460.0,77470.0,80.0,30987600.0,180822.0
CU,CU2503.XSGE,2025-02-10 22:48:00,night,2025-02-10,night_2025-02-10,77470.0,77490.0,77470.0,77480.0,77.0,29827700.0,180835.0
CU,CU2503.XSGE,2025-02-10 22:49:00,night,2025-02-10,night_2025-02-10,77490.0,77510.0,77470.0,77500.0,259.0,100357150.0,180829.0
CU,CU2503.XSGE,2025-02-10 22:50:00,night,2025-02-10,night_2025-02-10,77500.0,77500.0,77470.0,77490.0,62.0,24022500.0,180794.0
CU,CU2503.XSGE,2025-02-10 22:51:00,night,2025-02-10,night_2025-02-10,77480.0,77490.0,77450.0,77460.0,127.0,49193850.0,180763.0
CU,CU2503.XSGE,2025-02-10 22:52:00,night,2025-02-10,night_2025-02-10,77450.0,77500.0,77450.0,77500.0,167.0,64700100.0,180815.0
CU,CU2503.XSGE,2025-02-10 22:53:00,night,2025-02-10,night_2025-02-10,77490.0,77500.0,77480.0,77490.0,22.0,8523850.0,180817.0
CU,CU2503.XSGE,2025-02-10 22:54:00,night,2025-02-10,night_2025-02-10,77490.0,77520.0,77480.0,77500.0,109.0,42235850.0,180839.0
CU,CU2503.XSGE,2025-02-10 22:55:00,night,2025-02-10,night_2025-02-10,77510.0,77520.0,77500.0,77510.0,57.0,22088900.0,180835.0
CU,CU2503.XSGE,2025-02-10 22:56:00,night,2025-02-10,night_2025-02-10,77510.0,77520.0,77470.0,77480.0,151.0,58505150.0,180802.0
CU,CU2503.XSGE,2025-02-10 22:57:00,night,2025-02-10,night_2025-02-10,77470.0,77480.0,77460.0,77460.0,94.0,36408700.0,180766.0
CU,CU2503.XSGE,2025-02-10 22:58:00,night,2025-02-10,night_2025-02-10,77450.0,77470.0,77430.0,77460.0,128.0,49569100.0,180803.0
CU,CU2503.XSGE,2025-02-10 22:59:00,night,2025-02-10,night_2025-02-10,77450.0,77460.0,77440.0,77460.0,213.0,82486650.0,180726.0
CU,CU2503.XSGE,2025-02-10 23:00:00,night,2025-02-10,night_2025-02-10,77460.0,77460.0,77440.0,77460.0,36.0,13940600.0,180726.0
CU,CU2503.XSGE,2025-02-10 23:01:00,night,2025-02-10,night_2025-02-10,77460.0,77460.0,77430.0,77450.0,58.0,22459700.0,180733.0
CU,CU2503.XSGE,2025-02-10 23:02:00,night,2025-02-10,night_2025-02-10,77450.0,77450.0,77430.0,77440.0,13.0,5033950.0,180732.0
CU,CU2503.XSGE,2025-02-10 23:03:00,night,2025-02-10,night_2025-02-10,77440.0,77510.0,77440.0,77510.0,239.0,92603250.0,180891.0
CU,CU2503.XSGE,2025-02-10 23:04:00,night,2025-02-10,night_2025-02-10,77510.0,77520.0,77500.0,77510.0,103.0,39918850.0,180904.0
CU,CU2503.XSGE,2025-02-10 23:05:00,night,2025-02-10,night_2025-02-10,77510.0,77580.0,77500.0,77570.0,221.0,85684000.0,180871.0
CU,CU2503.XSGE,2025-02-10 23:06:00,night,2025-02-10,night_2025-02-10,77570.0,77570.0,77550.0,77570.0,72.0,27922100.0,180864.0
CU,CU2503.XSGE,2025-02-10 23:07:00,night,2025-02-10,night_2025-02-10,77560.0,77590.0,77560.0,77570.0,100.0,38785900.0,180841.0
CU,CU2503.XSGE,2025-02-10 23:08:00,night,2025-02-10,night_2025-02-10,77570.0,77580.0,77550.0,77560.0,104.0,40334350.0,180844.0
CU,CU2503.XSGE,2025-02-10 23:09:00,night,2025-02-10,night_2025-02-10,77550.0,77570.0,77540.0,77560.0,139.0,53899750.0,180833.0
CU,CU2503.XSGE,2025-02-10 23:10:00,night,2025-02-10,night_2025-02-10,77560.0,77570.0,77550.0,77570.0,80.0,31023500.0,180863.0
CU,CU2503.XSGE,2025-02-10 23:11:00,night,2025-02-10,night_2025-02-10,77560.0,77570.0,77560.0,77570.0,42.0,16289050.0,180879.0
CU,CU2503.XSGE,2025-02-10 23:12:00,night,2025-02-10,night_2025-02-10,77560.0,77580.0,77560.0,77570.0,55.0,21331500.0,180896.0
CU,CU2503.XSGE,2025-02-10 23:13:00,night,2025-02-10,night_2025-02-10,77560.0,77560.0,77540.0,77540.0,46.0,17837450.0,180888.0
CU,CU2503.XSGE,2025-02-10 23:14:00,night,2025-02-10,night_2025-02-10,77550.0,77550.0,77540.0,77540.0,37.0,14345150.0,180882.0
CU,CU2503.XSGE,2025-02-10 23:15:00,night,2025-02-10,night_2025-02-10,77550.0,77550.0,77540.0,77540.0,15.0,5815600.0,180880.0
CU,CU2503.XSGE,2025-02-10 23:16:00,night,2025-02-10,night_2025-02-10,77540.0,77560.0,77540.0,77550.0,70.0,27141000.0,180882.0
CU,CU2503.XSGE,2025-02-10 23:17:00,night,2025-02-10,night_2025-02-10,77560.0,77580.0,77560.0,77570.0,35.0,13574900.0,180890.0
CU,CU2503.XSGE,2025-02-10 23:18:00,night,2025-02-10,night_2025-02-10,77570.0,77570.0,77550.0,77550.0,31.0,12021850.0,180892.0
CU,CU2503.XSGE,2025-02-10 23:19:00,night,2025-02-10,night_2025-02-10,77560.0,77570.0,77560.0,77570.0,42.0,16289400.0,180906.0
CU,CU2503.XSGE,2025-02-10 23:20:00,night,2025-02-10,night_2025-02-10,77570.0,77600.0,77570.0,77600.0,112.0,43452550.0,180897.0
CU,CU2503.XSGE,2025-02-10 23:21:00,night,2025-02-10,night_2025-02-10,77610.0,77610.0,77590.0,77610.0,60.0,23281400.0,180892.0
CU,CU2503.XSGE,2025-02-10 23:22:00,night,2025-02-10,night_2025-02-10,77610.0,77630.0,77600.0,77620.0,114.0,44240700.0,180939.0
CU,CU2503.XSGE,2025-02-10 23:23:00,night,2025-02-10,night_2025-02-10,77620.0,77620.0,77610.0,77610.0,47.0,18239500.0,180953.0
CU,CU2503.XSGE,2025-02-10 23:24:00,night,2025-02-10,night_2025-02-10,77620.0,77620.0,77610.0,77610.0,78.0,30270850.0,180963.0
CU,CU2503.XSGE,2025-02-10 23:25:00,night,2025-02-10,night_2025-02-10,77600.0,77600.0,77580.0,77600.0,53.0,20562050.0,180954.0
CU,CU2503.XSGE,2025-02-10 23:26:00,night,2025-02-10,night_2025-02-10,77580.0,77600.0,77580.0,77590.0,23.0,8922900.0,180953.0
CU,CU2503.XSGE,2025-02-10 23:27:00,night,2025-02-10,night_2025-02-10,77590.0,77610.0,77590.0,77610.0,27.0,10476200.0,180948.0
CU,CU2503.XSGE,2025-02-10 23:28:00,night,2025-02-10,night_2025-02-10,77600.0,77620.0,77600.0,77620.0,54.0,20954500.0,180953.0
CU,CU2503.XSGE,2025-02-10 23:29:00,night,2025-02-10,night_2025-02-10,77620.0,77620.0,77600.0,77620.0,42.0,16299150.0,180944.0
CU,CU2503.XSGE,2025-02-10 23:30:00,night,2025-02-10,night_2025-02-10,77630.0,77630.0,77600.0,77620.0,252.0,97802450.0,180878.0
CU,CU2503.XSGE,2025-02-10 23:31:00,night,2025-02-10,night_2025-02-10,77620.0,77620.0,77600.0,77600.0,39.0,15133100.0,180874.0
CU,CU2503.XSGE,2025-02-10 23:32:00,night,2025-02-10,night_2025-02-10,77590.0,77600.0,77570.0,77580.0,141.0,54697750.0,180874.0
CU,CU2503.XSGE,2025-02-10 23:33:00,night,2025-02-10,night_2025-02-10,77570.0,77590.0,77560.0,77580.0,41.0,15902300.0,180874.0
CU,CU2503.XSGE,2025-02-10 23:34:00,night,2025-02-10,night_2025-02-10,77580.0,77590.0,77560.0,77580.0,37.0,14351000.0,180863.0
CU,CU2503.XSGE,2025-02-10 23:35:00,night,2025-02-10,night_2025-02-10,77580.0,77590.0,77570.0,77590.0,12.0,4655100.0,180865.0
CU,CU2503.XSGE,2025-02-10 23:36:00,night,2025-02-10,night_2025-02-10,77580.0,77610.0,77580.0,77610.0,56.0,21726300.0,180868.0
CU,CU2503.XSGE,2025-02-10 23:37:00,night,2025-02-10,night_2025-02-10,77600.0,77610.0,77600.0,77610.0,11.0,4268200.0,180867.0
CU,CU2503.XSGE,2025-02-10 23:38:00,night,2025-02-10,night_2025-02-10,77600.0,77610.0,77600.0,77600.0,24.0,9312200.0,180869.0
CU,CU2503.XSGE,2025-02-10 23:39:00,night,2025-02-10,night_2025-02-10,77600.0,77600.0,77600.0,77600.0,7.0,2716000.0,180870.0
CU,CU2503.XSGE,2025-02-10 23:40:00,night,2025-02-10,night_2025-02-10,77590.0,77610.0,77590.0,77600.0,54.0,20954000.0,180875.0
CU,CU2503.XSGE,2025-02-10 23:41:00,night,2025-02-10,night_2025-02-10,77590.0,77590.0,77570.0,77570.0,27.0,10472850.0,180869.0
CU,CU2503.XSGE,2025-02-10 23:42:00,night,2025-02-10,night_2025-02-10,77570.0,77580.0,77560.0,77570.0,52.0,20167500.0,180875.0
CU,CU2503.XSGE,2025-02-10 23:43:00,night,2025-02-10,night_2025-02-10,77570.0,77580.0,77560.0,77570.0,62.0,24044550.0,180863.0
CU,CU2503.XSGE,2025-02-10 23:44:00,night,2025-02-10,night_2025-02-10,77560.0,77570.0,77560.0,77570.0,15.0,5817550.0,180860.0
CU,CU2503.XSGE,2025-02-10 23:45:00,night,2025-02-10,night_2025-02-10,77580.0,77610.0,77580.0,77610.0,110.0,42670050.0,180939.0
CU,CU2503.XSGE,2025-02-10 23:46:00,night,2025-02-10,night_2025-02-10,77600.0,77610.0,77580.0,77590.0,62.0,24051500.0,180926.0
CU,CU2503.XSGE,2025-02-10 23:47:00,night,2025-02-10,night_2025-02-10,77600.0,77600.0,77590.0,77590.0,7.0,2715900.0,180923.0
CU,CU2503.XSGE,2025-02-10 23:48:00,night,2025-02-10,night_2025-02-10,77590.0,77590.0,77580.0,77580.0,17.0,6594800.0,180923.0
CU,CU2503.XSGE,2025-02-10 23:49:00,night,2025-02-10,night_2025-02-10,77570.0,77580.0,77540.0,77540.0,57.0,22102050.0,180917.0
CU,CU2503.XSGE,2025-02-10 23:50:00,night,2025-02-10,night_2025-02-10,77540.0,77540.0,77480.0,77510.0,296.0,114707750.0,180885.0
CU,CU2503.XSGE,2025-02-10 23:51:00,night,2025-02-10,night_2025-02-10,77510.0,77540.0,77510.0,77540.0,75.0,29069700.0,180881.0
CU,CU2503.XSGE,2025-02-10 23:52:00,night,2025-02-10,night_2025-02-10,77530.0,77540.0,77530.0,77540.0,15.0,5815100.0,180884.0
CU,CU2503.XSGE,2025-02-10 23:53:00,night,2025-02-10,night_2025-02-10,77540.0,77570.0,77540.0,77570.0,65.0,25205550.0,180905.0
CU,CU2503.XSGE,2025-02-10 23:54:00,night,2025-02-10,night_2025-02-10,77570.0,77570.0,77560.0,77560.0,7.0,2714750.0,180908.0
CU,CU2503.XSGE,2025-02-10 23:55:00,night,2025-02-10,night_2025-02-10,77560.0,77580.0,77560.0,77580.0,38.0,14737750.0,180908.0
CU,CU2503.XSGE,2025-02-10 23:56:00,night,2025-02-10,night_2025-02-10,77580.0,77580.0,77560.0,77560.0,29.0,11248100.0,180909.0
CU,CU2503.XSGE,2025-02-10 23:57:00,night,2025-02-10,night_2025-02-10,77560.0,77570.0,77560.0,77560.0,20.0,7756200.0,180910.0
CU,CU2503.XSGE,2025-02-10 23:58:00,night,2025-02-10,night_2025-02-10,77560.0,77570.0,77550.0,77550.0,6.0,2326800.0,180909.0
CU,CU2503.XSGE,2025-02-10 23:59:00,night,2025-02-10,night_2025-02-10,77570.0,77570.0,77550.0,77550.0,18.0,6979600.0,180899.0
CU,CU2503.XSGE,2025-02-11 00:00:00,night,2025-02-10,night_2025-02-10,77550.0,77560.0,77550.0,77550.0,22.0,8530700.0,180892.0
CU,CU2503.XSGE,2025-02-11 00:01:00,night,2025-02-10,night_2025-02-10,77550.0,77550.0,77530.0,77550.0,35.0,13570000.0,180883.0
CU,CU2503.XSGE,2025-02-11 00:02:00,night,2025-02-10,night_2025-02-10,77540.0,77550.0,77540.0,77540.0,10.0,3877150.0,180884.0
CU,CU2503.XSGE,2025-02-11 00:03:00,night,2025-02-10,night_2025-02-10,77550.0,77570.0,77550.0,77570.0,33.0,12797350.0,180892.0
CU,CU2503.XSGE,2025-02-11 00:04:00,night,2025-02-10,night_2025-02-10,77560.0,77620.0,77560.0,77620.0,97.0,37636900.0,180896.0
CU,CU2503.XSGE,2025-02-11 00:05:00,night,2025-02-10,night_2025-02-10,77610.0,77620.0,77610.0,77610.0,23.0,8925650.0,180906.0
CU,CU2503.XSGE,2025-02-11 00:06:00,night,2025-02-10,night_2025-02-10,77600.0,77610.0,77570.0,77570.0,56.0,21725000.0,180889.0
CU,CU2503.XSGE,2025-02-11 00:07:00,night,2025-02-10,night_2025-02-10,77570.0,77580.0,77560.0,77580.0,41.0,15900850.0,180869.0
CU,CU2503.XSGE,2025-02-11 00:08:00,night,2025-02-10,night_2025-02-10,77590.0,77600.0,77590.0,77600.0,18.0,6983500.0,180870.0
CU,CU2503.XSGE,2025-02-11 00:09:00,night,2025-02-10,night_2025-02-10,77590.0,77590.0,77580.0,77590.0,20.0,7758950.0,180869.0
CU,CU2503.XSGE,2025-02-11 00:10:00,night,2025-02-10,night_2025-02-10,77580.0,77580.0,77570.0,77570.0,8.0,3103150.0,180863.0
CU,CU2503.XSGE,2025-02-11 00:11:00,night,2025-02-10,night_2025-02-10,77570.0,77570.0,77570.0,77570.0,9.0,3490650.0,180862.0
CU,CU2503.XSGE,2025-02-11 00:12:00,night,2025-02-10,night_2025-02-10,77560.0,77560.0,77560.0,77560.0,12.0,4653600.0,180852.0
CU,CU2503.XSGE,2025-02-11 00:13:00,night,2025-02-10,night_2025-02-10,77560.0,77560.0,77550.0,77550.0,7.0,2714300.0,180849.0
CU,CU2503.XSGE,2025-02-11 00:14:00,night,2025-02-10,night_2025-02-10,77540.0,77540.0,77520.0,77530.0,48.0,18607100.0,180865.0
CU,CU2503.XSGE,2025-02-11 00:15:00,night,2025-02-10,night_2025-02-10,77540.0,77540.0,77490.0,77520.0,95.0,36820050.0,180852.0
CU,CU2503.XSGE,2025-02-11 00:16:00,night,2025-02-10,night_2025-02-10,77510.0,77520.0,77500.0,77500.0,25.0,9688800.0,180841.0
CU,CU2503.XSGE,2025-02-11 00:17:00,night,2025-02-10,night_2025-02-10,77500.0,77540.0,77500.0,77540.0,28.0,10852950.0,180824.0
CU,CU2503.XSGE,2025-02-11 00:18:00,night,2025-02-10,night_2025-02-10,77540.0,77540.0,77530.0,77530.0,15.0,5814900.0,180822.0
CU,CU2503.XSGE,2025-02-11 00:19:00,night,2025-02-10,night_2025-02-10,77520.0,77550.0,77520.0,77550.0,42.0,16281550.0,180816.0
CU,CU2503.XSGE,2025-02-11 00:20:00,night,2025-02-10,night_2025-02-10,77550.0,77560.0,77540.0,77540.0,28.0,10856450.0,180815.0
CU,CU2503.XSGE,2025-02-11 00:21:00,night,2025-02-10,night_2025-02-10,77540.0,77600.0,77540.0,77600.0,69.0,26763000.0,180825.0
CU,CU2503.XSGE,2025-02-11 00:22:00,night,2025-02-10,night_2025-02-10,77600.0,77600.0,77560.0,77600.0,63.0,24437500.0,180812.0
CU,CU2503.XSGE,2025-02-11 00:23:00,night,2025-02-10,night_2025-02-10,77590.0,77600.0,77580.0,77600.0,50.0,19397850.0,180812.0
CU,CU2503.XSGE,2025-02-11 00:24:00,night,2025-02-10,night_2025-02-10,77600.0,77600.0,77560.0,77570.0,83.0,32191500.0,180783.0
CU,CU2503.XSGE,2025-02-11 00:25:00,night,2025-02-10,night_2025-02-10,77570.0,77580.0,77560.0,77580.0,13.0,5042000.0,180781.0
CU,CU2503.XSGE,2025-02-11 00:26:00,night,2025-02-10,night_2025-02-10,77570.0,77590.0,77560.0,77590.0,66.0,25599300.0,180821.0
CU,CU2503.XSGE,2025-02-11 00:27:00,night,2025-02-10,night_2025-02-10,77590.0,77590.0,77570.0,77580.0,10.0,3879000.0,180818.0
CU,CU2503.XSGE,2025-02-11 00:28:00,night,2025-02-10,night_2025-02-10,77570.0,77580.0,77570.0,77580.0,18.0,6981900.0,180816.0
CU,CU2503.XSGE,2025-02-11 00:29:00,night,2025-02-10,night_2025-02-10,77590.0,77590.0,77580.0,77580.0,29.0,11249800.0,180821.0
CU,CU2503.XSGE,2025-02-11 00:30:00,night,2025-02-10,night_2025-02-10,77580.0,77600.0,77580.0,77600.0,50.0,19398900.0,180845.0
CU,CU2503.XSGE,2025-02-11 00:31:00,night,2025-02-10,night_2025-02-10,77590.0,77590.0,77570.0,77570.0,26.0,10085100.0,180831.0
CU,CU2503.XSGE,2025-02-11 00:32:00,night,2025-02-10,night_2025-02-10,77560.0,77570.0,77560.0,77570.0,15.0,5817450.0,180831.0
CU,CU2503.XSGE,2025-02-11 00:33:00,night,2025-02-10,night_2025-02-10,77570.0,77570.0,77540.0,77550.0,54.0,20939350.0,180809.0
CU,CU2503.XSGE,2025-02-11 00:34:00,night,2025-02-10,night_2025-02-10,77550.0,77560.0,77550.0,77560.0,100.0,38778450.0,180818.0
CU,CU2503.XSGE,2025-02-11 00:35:00,night,2025-02-10,night_2025-02-10,77560.0,77560.0,77540.0,77560.0,138.0,53514200.0,180874.0
CU,CU2503.XSGE,2025-02-11 00:36:00,night,2025-02-10,night_2025-02-10,77550.0,77570.0,77550.0,77570.0,31.0,12022400.0,180876.0
CU,CU2503.XSGE,2025-02-11 00:37:00,night,2025-02-10,night_2025-02-10,77570.0,77580.0,77550.0,77580.0,89.0,34515050.0,180905.0
CU,CU2503.XSGE,2025-02-11 00:38:00,night,2025-02-10,night_2025-02-10,77580.0,77600.0,77580.0,77590.0,14.0,5431350.0,180912.0
CU,CU2503.XSGE,2025-02-11 00:39:00,night,2025-02-10,night_2025-02-10,77580.0,77650.0,77580.0,77650.0,123.0,47736500.0,180893.0
CU,CU2503.XSGE,2025-02-11 00:40:00,night,2025-02-10,night_2025-02-10,77650.0,77650.0,77600.0,77600.0,53.0,20569600.0,180903.0
CU,CU2503.XSGE,2025-02-11 00:41:00,night,2025-02-10,night_2025-02-10,77600.0,77610.0,77590.0,77600.0,21.0,8148100.0,180899.0
CU,CU2503.XSGE,2025-02-11 00:42:00,night,2025-02-10,night_2025-02-10,77610.0,77620.0,77600.0,77620.0,12.0,4656600.0,180899.0
CU,CU2503.XSGE,2025-02-11 00:43:00,night,2025-02-10,night_2025-02-10,77620.0,77620.0,77610.0,77610.0,16.0,6208850.0,180896.0
CU,CU2503.XSGE,2025-02-11 00:44:00,night,2025-02-10,night_2025-02-10,77600.0,77600.0,77590.0,77590.0,14.0,5431500.0,180896.0
CU,CU2503.XSGE,2025-02-11 00:45:00,night,2025-02-10,night_2025-02-10,77590.0,77590.0,77580.0,77590.0,23.0,8922350.0,180891.0
CU,CU2503.XSGE,2025-02-11 00:46:00,night,2025-02-10,night_2025-02-10,77590.0,77590.0,77570.0,77580.0,18.0,6982200.0,180885.0
CU,CU2503.XSGE,2025-02-11 00:47:00,night,2025-02-10,night_2025-02-10,77580.0,77580.0,77570.0,77570.0,26.0,10084500.0,180871.0
CU,CU2503.XSGE,2025-02-11 00:48:00,night,2025-02-10,night_2025-02-10,77570.0,77570.0,77560.0,77570.0,16.0,6205550.0,180862.0
CU,CU2503.XSGE,2025-02-11 00:49:00,night,2025-02-10,night_2025-02-10,77570.0,77570.0,77540.0,77540.0,67.0,25980800.0,180820.0
CU,CU2503.XSGE,2025-02-11 00:50:00,night,2025-02-10,night_2025-02-10,77550.0,77550.0,77550.0,77550.0,23.0,8918200.0,180812.0
CU,CU2503.XSGE,2025-02-11 00:51:00,night,2025-02-10,night_2025-02-10,77550.0,77560.0,77550.0,77550.0,15.0,5816400.0,180803.0
CU,CU2503.XSGE,2025-02-11 00:52:00,night,2025-02-10,night_2025-02-10,77550.0,77550.0,77510.0,77510.0,36.0,13956100.0,180797.0
CU,CU2503.XSGE,2025-02-11 00:53:00,night,2025-02-10,night_2025-02-10,77510.0,77520.0,77500.0,77500.0,20.0,7750900.0,180791.0
CU,CU2503.XSGE,2025-02-11 00:54:00,night,2025-02-10,night_2025-02-10,77500.0,77510.0,77490.0,77500.0,49.0,18988250.0,180778.0
CU,CU2503.XSGE,2025-02-11 00:55:00,night,2025-02-10,night_2025-02-10,77500.0,77500.0,77470.0,77490.0,115.0,44553300.0,180772.0
CU,CU2503.XSGE,2025-02-11 00:56:00,night,2025-02-10,night_2025-02-10,77500.0,77500.0,77470.0,77480.0,125.0,48426000.0,180712.0
CU,CU2503.XSGE,2025-02-11 00:57:00,night,2025-02-10,night_2025-02-10,77480.0,77500.0,77480.0,77490.0,45.0,17435550.0,180701.0
CU,CU2503.XSGE,2025-02-11 00:58:00,night,2025-02-10,night_2025-02-10,77490.0,77510.0,77480.0,77510.0,66.0,25574350.0,180666.0
CU,CU2503.XSGE,2025-02-11 00:59:00,night,2025-02-10,night_2025-02-10,77500.0,77530.0,77500.0,77530.0,73.0,28293500.0,180626.0
CU,CU2503.XSGE,2025-02-11 01:00:00,night,2025-02-10,night_2025-02-10,77530.0,77580.0,77530.0,77570.0,101.0,39160050.0,180575.0
CU,CU2503.XSGE,2025-02-11 09:01:00,day,2025-02-11,day_2025-02-11,77500.0,77540.0,77480.0,77520.0,483.0,187180850.0,180568.0
CU,CU2503.XSGE,2025-02-11 09:02:00,day,2025-02-11,day_2025-02-11,77510.0,77520.0,77380.0,77460.0,662.0,256375700.0,180571.0
CU,CU2503.XSGE,2025-02-11 09:03:00,day,2025-02-11,day_2025-02-11,77460.0,77490.0,77460.0,77490.0,140.0,54234350.0,180571.0
CU,CU2503.XSGE,2025-02-11 09:04:00,day,2025-02-11,day_2025-02-11,77490.0,77490.0,77450.0,77460.0,143.0,55392450.0,180572.0
CU,CU2503.XSGE,2025-02-11 09:05:00,day,2025-02-11,day_2025-02-11,77450.0,77470.0,77440.0,77460.0,138.0,53442550.0,180543.0
CU,CU2503.XSGE,2025-02-11 09:06:00,day,2025-02-11,day_2025-02-11,77460.0,77510.0,77450.0,77510.0,374.0,144874850.0,180601.0
CU,CU2503.XSGE,2025-02-11 09:07:00,day,2025-02-11,day_2025-02-11,77510.0,77540.0,77500.0,77540.0,78.0,30231500.0,180607.0
CU,CU2503.XSGE,2025-02-11 09:08:00,day,2025-02-11,day_2025-02-11,77540.0,77560.0,77530.0,77540.0,188.0,72891800.0,180650.0
CU,CU2503.XSGE,2025-02-11 09:09:00,day,2025-02-11,day_2025-02-11,77530.0,77560.0,77530.0,77540.0,203.0,78708400.0,180656.0
CU,CU2503.XSGE,2025-02-11 09:10:00,day,2025-02-11,day_2025-02-11,77530.0,77530.0,77500.0,77520.0,187.0,72481150.0,180731.0
CU,CU2503.XSGE,2025-02-11 09:11:00,day,2025-02-11,day_2025-02-11,77520.0,77520.0,77490.0,77500.0,87.0,33714400.0,180731.0
CU,CU2503.XSGE,2025-02-11 09:12:00,day,2025-02-11,day_2025-02-11,77510.0,77530.0,77510.0,77530.0,68.0,26356900.0,180708.0
CU,CU2503.XSGE,2025-02-11 09:13:00,day,2025-02-11,day_2025-02-11,77510.0,77530.0,77510.0,77510.0,70.0,27131600.0,180723.0
CU,CU2503.XSGE,2025-02-11 09:14:00,day,2025-02-11,day_2025-02-11,77520.0,77530.0,77490.0,77500.0,186.0,72076650.0,180715.0
CU,CU2503.XSGE,2025-02-11 09:15:00,day,2025-02-11,day_2025-02-11,77510.0,77510.0,77480.0,77480.0,83.0,32160350.0,180723.0
CU,CU2503.XSGE,2025-02-11 09:16:00,day,2025-02-11,day_2025-02-11,77480.0,77510.0,77470.0,77480.0,239.0,92602650.0,180693.0
CU,CU2503.XSGE,2025-02-11 09:17:00,day,2025-02-11,day_2025-02-11,77480.0,77480.0,77430.0,77430.0,168.0,65061800.0,180687.0
CU,CU2503.XSGE,2025-02-11 09:18:00,day,2025-02-11,day_2025-02-11,77430.0,77450.0,77430.0,77440.0,77.0,29814400.0,180681.0
CU,CU2503.XSGE,2025-02-11 09:19:00,day,2025-02-11,day_2025-02-11,77430.0,77440.0,77420.0,77420.0,132.0,51099400.0,180640.0
CU,CU2503.XSGE,2025-02-11 09:20:00,day,2025-02-11,day_2025-02-11,77420.0,77430.0,77360.0,77360.0,284.0,109916150.0,180595.0
CU,CU2503.XSGE,2025-02-11 09:21:00,day,2025-02-11,day_2025-02-11,77360.0,77380.0,77280.0,77290.0,589.0,227730000.0,180507.0
CU,CU2503.XSGE,2025-02-11 09:22:00,day,2025-02-11,day_2025-02-11,77300.0,77330.0,77290.0,77320.0,455.0,175865000.0,180366.0
CU,CU2503.XSGE,2025-02-11 09:23:00,day,2025-02-11,day_2025-02-11,77320.0,77330.0,77290.0,77320.0,424.0,163906700.0,180456.0
CU,CU2503.XSGE,2025-02-11 09:24:00,day,2025-02-11,day_2025-02-11,77330.0,77330.0,77300.0,77300.0,271.0,104762350.0,180401.0
CU,CU2503.XSGE,2025-02-11 09:25:00,day,2025-02-11,day_2025-02-11,77300.0,77300.0,77250.0,77300.0,593.0,229140950.0,180389.0
CU,CU2503.XSGE,2025-02-11 09:26:00,day,2025-02-11,day_2025-02-11,77310.0,77330.0,77290.0,77290.0,104.0,40203750.0,180374.0
CU,CU2503.XSGE,2025-02-11 09:27:00,day,2025-02-11,day_2025-02-11,77310.0,77320.0,77290.0,77310.0,163.0,63008200.0,180337.0
CU,CU2503.XSGE,2025-02-11 09:28:00,day,2025-02-11,day_2025-02-11,77310.0,77320.0,77300.0,77310.0,149.0,57597250.0,180370.0
CU,CU2503.XSGE,2025-02-11 09:29:00,day,2025-02-11,day_2025-02-11,77310.0,77310.0,77280.0,77280.0,109.0,42126850.0,180361.0
CU,CU2503.XSGE,2025-02-11 09:30:00,day,2025-02-11,day_2025-02-11,77290.0,77300.0,77280.0,77290.0,108.0,41736700.0,180348.0
CU,CU2503.XSGE,2025-02-11 09:31:00,day,2025-02-11,day_2025-02-11,77280.0,77310.0,77270.0,77300.0,211.0,81529550.0,180309.0
CU,CU2503.XSGE,2025-02-11 09:32:00,day,2025-02-11,day_2025-02-11,77290.0,77310.0,77270.0,77290.0,224.0,86563200.0,180319.0
CU,CU2503.XSGE,2025-02-11 09:33:00,day,2025-02-11,day_2025-02-11,77300.0,77320.0,77270.0,77270.0,198.0,76524900.0,180409.0
CU,CU2503.XSGE,2025-02-11 09:34:00,day,2025-02-11,day_2025-02-11,77270.0,77280.0,77250.0,77250.0,279.0,107783250.0,180452.0
CU,CU2503.XSGE,2025-02-11 09:35:00,day,2025-02-11,day_2025-02-11,77240.0,77270.0,77190.0,77230.0,791.0,305483750.0,180159.0
CU,CU2503.XSGE,2025-02-11 09:36:00,day,2025-02-11,day_2025-02-11,77230.0,77250.0,77220.0,77250.0,69.0,26647700.0,180137.0
CU,CU2503.XSGE,2025-02-11 09:37:00,day,2025-02-11,day_2025-02-11,77240.0,77260.0,77230.0,77240.0,105.0,40553450.0,180128.0
CU,CU2503.XSGE,2025-02-11 09:38:00,day,2025-02-11,day_2025-02-11,77240.0,77250.0,77230.0,77240.0,211.0,81493650.0,180166.0
CU,CU2503.XSGE,2025-02-11 09:39:00,day,2025-02-11,day_2025-02-11,77240.0,77330.0,77240.0,77330.0,428.0,165395500.0,180240.0
CU,CU2503.XSGE,2025-02-11 09:40:00,day,2025-02-11,day_2025-02-11,77330.0,77340.0,77290.0,77290.0,307.0,118680100.0,180282.0
CU,CU2503.XSGE,2025-02-11 09:41:00,day,2025-02-11,day_2025-02-11,77300.0,77310.0,77240.0,77250.0,288.0,111274350.0,180328.0
CU,CU2503.XSGE,2025-02-11 09:42:00,day,2025-02-11,day_2025-02-11,77260.0,77300.0,77260.0,77280.0,151.0,58349150.0,180346.0
CU,CU2503.XSGE,2025-02-11 09:43:00,day,2025-02-11,day_2025-02-11,77270.0,77300.0,77270.0,77290.0,87.0,33617000.0,180331.0
CU,CU2503.XSGE,2025-02-11 09:44:00,day,2025-02-11,day_2025-02-11,77280.0,77280.0,77250.0,77270.0,135.0,52153500.0,180350.0
CU,CU2503.XSGE,2025-02-11 09:45:00,day,2025-02-11,day_2025-02-11,77270.0,77280.0,77260.0,77260.0,168.0,64906900.0,180413.0
CU,CU2503.XSGE,2025-02-11 09:46:00,day,2025-02-11,day_2025-02-11,77270.0,77270.0,77250.0,77250.0,122.0,47128700.0,180405.0
CU,CU2503.XSGE,2025-02-11 09:47:00,day,2025-02-11,day_2025-02-11,77240.0,77250.0,77230.0,77240.0,150.0,57928050.0,180409.0
CU,CU2503.XSGE,2025-02-11 09:48:00,day,2025-02-11,day_2025-02-11,77230.0,77240.0,77220.0,77230.0,159.0,61400300.0,180328.0
CU,CU2503.XSGE,2025-02-11 09:49:00,day,2025-02-11,day_2025-02-11,77240.0,77260.0,77240.0,77240.0,69.0,26651700.0,180307.0
CU,CU2503.XSGE,2025-02-11 09:50:00,day,2025-02-11,day_2025-02-11,77240.0,77250.0,77230.0,77240.0,57.0,22013350.0,180281.0
CU,CU2503.XSGE,2025-02-11 09:51:00,day,2025-02-11,day_2025-02-11,77240.0,77240.0,77220.0,77240.0,122.0,47113700.0,180248.0
CU,CU2503.XSGE,2025-02-11 09:52:00,day,2025-02-11,day_2025-02-11,77240.0,77270.0,77170.0,77190.0,664.0,256359650.0,180317.0
CU,CU2503.XSGE,2025-02-11 09:53:00,day,2025-02-11,day_2025-02-11,77180.0,77210.0,77180.0,77180.0,303.0,116948550.0,180346.0
CU,CU2503.XSGE,2025-02-11 09:54:00,day,2025-02-11,day_2025-02-11,77190.0,77210.0,77180.0,77190.0,177.0,68319750.0,180354.0
CU,CU2503.XSGE,2025-02-11 09:55:00,day,2025-02-11,day_2025-02-11,77200.0,77230.0,77200.0,77220.0,165.0,63704950.0,180405.0
CU,CU2503.XSGE,2025-02-11 09:56:00,day,2025-02-11,day_2025-02-11,77220.0,77230.0,77200.0,77200.0,227.0,87641150.0,180378.0
CU,CU2503.XSGE,2025-02-11 09:57:00,day,2025-02-11,day_2025-02-11,77200.0,77240.0,77200.0,77220.0,142.0,54823750.0,180350.0
CU,CU2503.XSGE,2025-02-11 09:58:00,day,2025-02-11,day_2025-02-11,77220.0,77270.0,77220.0,77270.0,185.0,71444950.0,180379.0
CU,CU2503.XSGE,2025-02-11 09:59:00,day,2025-02-11,day_2025-02-11,77260.0,77260.0,77230.0,77240.0,324.0,125144000.0,180434.0
CU,CU2503.XSGE,2025-02-11 10:00:00,day,2025-02-11,day_2025-02-11,77250.0,77290.0,77250.0,77260.0,222.0,85762100.0,180427.0
CU,CU2503.XSGE,2025-02-11 10:01:00,day,2025-02-11,day_2025-02-11,77260.0,77270.0,77230.0,77270.0,226.0,87292550.0,180443.0
CU,CU2503.XSGE,2025-02-11 10:02:00,day,2025-02-11,day_2025-02-11,77270.0,77270.0,77250.0,77260.0,163.0,62967200.0,180394.0
CU,CU2503.XSGE,2025-02-11 10:03:00,day,2025-02-11,day_2025-02-11,77250.0,77270.0,77240.0,77260.0,166.0,64124450.0,180440.0
CU,CU2503.XSGE,2025-02-11 10:04:00,day,2025-02-11,day_2025-02-11,77270.0,77290.0,77250.0,77250.0,147.0,56790050.0,180450.0
CU,CU2503.XSGE,2025-02-11 10:05:00,day,2025-02-11,day_2025-02-11,77250.0,77300.0,77250.0,77300.0,263.0,101603950.0,180446.0
CU,CU2503.XSGE,2025-02-11 10:06:00,day,2025-02-11,day_2025-02-11,77300.0,77330.0,77280.0,77320.0,178.0,68806500.0,180438.0
CU,CU2503.XSGE,2025-02-11 10:07:00,day,2025-02-11,day_2025-02-11,77320.0,77330.0,77290.0,77310.0,315.0,121768000.0,180409.0
CU,CU2503.XSGE,2025-02-11 10:08:00,day,2025-02-11,day_2025-02-11,77310.0,77310.0,77280.0,77280.0,172.0,66474500.0,180429.0
CU,CU2503.XSGE,2025-02-11 10:09:00,day,2025-02-11,day_2025-02-11,77290.0,77310.0,77280.0,77310.0,113.0,43672800.0,180415.0
CU,CU2503.XSGE,2025-02-11 10:10:00,day,2025-02-11,day_2025-02-11,77310.0,77330.0,77300.0,77310.0,153.0,59146700.0,180404.0
CU,CU2503.XSGE,2025-02-11 10:11:00,day,2025-02-11,day_2025-02-11,77320.0,77330.0,77310.0,77330.0,298.0,115217350.0,180409.0
CU,CU2503.XSGE,2025-02-11 10:12:00,day,2025-02-11,day_2025-02-11,77340.0,77350.0,77320.0,77330.0,256.0,98995700.0,180331.0
CU,CU2503.XSGE,2025-02-11 10:13:00,day,2025-02-11,day_2025-02-11,77330.0,77360.0,77330.0,77340.0,156.0,60329150.0,180356.0
CU,CU2503.XSGE,2025-02-11 10:14:00,day,2025-02-11,day_2025-02-11,77340.0,77350.0,77310.0,77310.0,199.0,76938500.0,180343.0
CU,CU2503.XSGE,2025-02-11 10:15:00,day,2025-02-11,day_2025-02-11,77310.0,77320.0,77270.0,77290.0,315.0,121742050.0,180343.0
CU,CU2503.XSGE,2025-02-11 10:31:00,day,2025-02-11,day_2025-02-11,77250.0,77280.0,77210.0,77230.0,267.0,103125350.0,180317.0
CU,CU2503.XSGE,2025-02-11 10:32:00,day,2025-02-11,day_2025-02-11,77220.0,77220.0,77160.0,77170.0,387.0,149380100.0,180333.0
CU,CU2503.XSGE,2025-02-11 10:33:00,day,2025-02-11,day_2025-02-11,77180.0,77180.0,77130.0,77130.0,373.0,143871050.0,180223.0
CU,CU2503.XSGE,2025-02-11 10:34:00,day,2025-02-11,day_2025-02-11,77140.0,77140.0,77080.0,77100.0,509.0,196238600.0,180154.0
CU,CU2503.XSGE,2025-02-11 10:35:00,day,2025-02-11,day_2025-02-11,77100.0,77120.0,77090.0,77120.0,331.0,127606950.0,180131.0
CU,CU2503.XSGE,2025-02-11 10:36:00,day,2025-02-11,day_2025-02-11,77110.0,77110.0,77050.0,77060.0,705.0,271708250.0,180143.0
CU,CU2503.XSGE,2025-02-11 10:37:00,day,2025-02-11,day_2025-02-11,77060.0,77080.0,76980.0,76990.0,767.0,295375100.0,180039.0
CU,CU2503.XSGE,2025-02-11 10:38:00,day,2025-02-11,day_2025-02-11,77000.0,77060.0,77000.0,77040.0,368.0,141751450.0,180007.0
CU,CU2503.XSGE,2025-02-11 10:39:00,day,2025-02-11,day_2025-02-11,77040.0,77060.0,77020.0,77030.0,271.0,104389900.0,180055.0
CU,CU2503.XSGE,2025-02-11 10:40:00,day,2025-02-11,day_2025-02-11,77020.0,77030.0,76970.0,76980.0,596.0,229447600.0,180020.0
CU,CU2503.XSGE,2025-02-11 10:41:00,day,2025-02-11,day_2025-02-11,76980.0,76990.0,76920.0,76980.0,866.0,333224350.0,180029.0
CU,CU2503.XSGE,2025-02-11 10:42:00,day,2025-02-11,day_2025-02-11,76980.0,77010.0,76960.0,76980.0,595.0,229015750.0,179910.0
CU,CU2503.XSGE,2025-02-11 10:43:00,day,2025-02-11,day_2025-02-11,76990.0,77070.0,76980.0,77060.0,322.0,124037600.0,179931.0
CU,CU2503.XSGE,2025-02-11 10:44:00,day,2025-02-11,day_2025-02-11,77060.0,77100.0,77060.0,77100.0,386.0,148767200.0,180028.0
CU,CU2503.XSGE,2025-02-11 10:45:00,day,2025-02-11,day_2025-02-11,77100.0,77120.0,77080.0,77090.0,358.0,138008500.0,180119.0
CU,CU2503.XSGE,2025-02-11 10:46:00,day,2025-02-11,day_2025-02-11,77100.0,77100.0,77070.0,77100.0,223.0,85947900.0,180122.0
CU,CU2503.XSGE,2025-02-11 10:47:00,day,2025-02-11,day_2025-02-11,77100.0,77140.0,77100.0,77140.0,234.0,90228800.0,180158.0
CU,CU2503.XSGE,2025-02-11 10:48:00,day,2025-02-11,day_2025-02-11,77140.0,77140.0,77100.0,77120.0,453.0,174676700.0,180136.0
CU,CU2503.XSGE,2025-02-11 10:49:00,day,2025-02-11,day_2025-02-11,77110.0,77150.0,77090.0,77150.0,136.0,52440100.0,180128.0
CU,CU2503.XSGE,2025-02-11 10:50:00,day,2025-02-11,day_2025-02-11,77140.0,77180.0,77140.0,77150.0,363.0,140041450.0,180130.0
CU,CU2503.XSGE,2025-02-11 10:51:00,day,2025-02-11,day_2025-02-11,77150.0,77150.0,77110.0,77140.0,234.0,90247350.0,180116.0
CU,CU2503.XSGE,2025-02-11 10:52:00,day,2025-02-11,day_2025-02-11,77140.0,77150.0,77130.0,77150.0,124.0,47828350.0,180140.0
CU,CU2503.XSGE,2025-02-11 10:53:00,day,2025-02-11,day_2025-02-11,77140.0,77170.0,77140.0,77150.0,303.0,116883150.0,180221.0
CU,CU2503.XSGE,2025-02-11 10:54:00,day,2025-02-11,day_2025-02-11,77150.0,77160.0,77120.0,77120.0,92.0,35484200.0,180218.0
CU,CU2503.XSGE,2025-02-11 10:55:00,day,2025-02-11,day_2025-02-11,77120.0,77150.0,77110.0,77150.0,210.0,80983200.0,180210.0
CU,CU2503.XSGE,2025-02-11 10:56:00,day,2025-02-11,day_2025-02-11,77160.0,77170.0,77140.0,77160.0,181.0,69823400.0,180164.0
CU,CU2503.XSGE,2025-02-11 10:57:00,day,2025-02-11,day_2025-02-11,77160.0,77160.0,77120.0,77120.0,118.0,45514000.0,180187.0
CU,CU2503.XSGE,2025-02-11 10:58:00,day,2025-02-11,day_2025-02-11,77130.0,77130.0,77100.0,77100.0,166.0,64004700.0,180157.0
CU,CU2503.XSGE,2025-02-11 10:59:00,day,2025-02-11,day_2025-02-11,77100.0,77110.0,77060.0,77060.0,260.0,100211700.0,180133.0
CU,CU2503.XSGE,2025-02-11 11:00:00,day,2025-02-11,day_2025-02-11,77060.0,77090.0,77060.0,77070.0,180.0,69365250.0,180045.0
CU,CU2503.XSGE,2025-02-11 11:01:00,day,2025-02-11,day_2025-02-11,77070.0,77080.0,77050.0,77070.0,270.0,104030550.0,179993.0
CU,CU2503.XSGE,2025-02-11 11:02:00,day,2025-02-11,day_2025-02-11,77070.0,77080.0,77060.0,77060.0,296.0,114057250.0,179967.0
CU,CU2503.XSGE,2025-02-11 11:03:00,day,2025-02-11,day_2025-02-11,77060.0,77060.0,77030.0,77060.0,259.0,99776500.0,179964.0
CU,CU2503.XSGE,2025-02-11 11:04:00,day,2025-02-11,day_2025-02-11,77040.0,77050.0,77010.0,77020.0,268.0,103213500.0,179892.0
CU,CU2503.XSGE,2025-02-11 11:05:00,day,2025-02-11,day_2025-02-11,77030.0,77050.0,77020.0,77030.0,363.0,139828900.0,179816.0
CU,CU2503.XSGE,2025-02-11 11:06:00,day,2025-02-11,day_2025-02-11,77030.0,77030.0,76990.0,77010.0,335.0,128993700.0,179761.0
CU,CU2503.XSGE,2025-02-11 11:07:00,day,2025-02-11,day_2025-02-11,77010.0,77030.0,77000.0,77030.0,164.0,63153000.0,179797.0
CU,CU2503.XSGE,2025-02-11 11:08:00,day,2025-02-11,day_2025-02-11,77030.0,77050.0,77020.0,77040.0,238.0,91677700.0,179833.0
CU,CU2503.XSGE,2025-02-11 11:09:00,day,2025-02-11,day_2025-02-11,77050.0,77070.0,77040.0,77050.0,308.0,118653350.0,179887.0
CU,CU2503.XSGE,2025-02-11 11:10:00,day,2025-02-11,day_2025-02-11,77060.0,77060.0,77050.0,77050.0,292.0,112497700.0,179923.0
CU,CU2503.XSGE,2025-02-11 11:11:00,day,2025-02-11,day_2025-02-11,77050.0,77050.0,77040.0,77050.0,121.0,46613800.0,179930.0
CU,CU2503.XSGE,2025-02-11 11:12:00,day,2025-02-11,day_2025-02-11,77050.0,77060.0,77030.0,77040.0,144.0,55471600.0,179955.0
CU,CU2503.XSGE,2025-02-11 11:13:00,day,2025-02-11,day_2025-02-11,77030.0,77060.0,77030.0,77030.0,79.0,30428650.0,179952.0
CU,CU2503.XSGE,2025-02-11 11:14:00,day,2025-02-11,day_2025-02-11,77030.0,77050.0,77030.0,77040.0,71.0,27350200.0,179951.0
CU,CU2503.XSGE,2025-02-11 11:15:00,day,2025-02-11,day_2025-02-11,77030.0,77030.0,77020.0,77020.0,97.0,37358150.0,179940.0
CU,CU2503.XSGE,2025-02-11 11:16:00,day,2025-02-11,day_2025-02-11,77020.0,77040.0,77020.0,77040.0,185.0,71254650.0,179921.0
CU,CU2503.XSGE,2025-02-11 11:17:00,day,2025-02-11,day_2025-02-11,77040.0,77050.0,77010.0,77010.0,121.0,46602500.0,179929.0
CU,CU2503.XSGE,2025-02-11 11:18:00,day,2025-02-11,day_2025-02-11,77010.0,77030.0,77010.0,77010.0,107.0,41206500.0,179899.0
CU,CU2503.XSGE,2025-02-11 11:19:00,day,2025-02-11,day_2025-02-11,77010.0,77040.0,77010.0,77030.0,87.0,33506200.0,179890.0
CU,CU2503.XSGE,2025-02-11 11:20:00,day,2025-02-11,day_2025-02-11,77040.0,77050.0,77030.0,77050.0,30.0,11555900.0,179891.0
CU,CU2503.XSGE,2025-02-11 11:21:00,day,2025-02-11,day_2025-02-11,77050.0,77060.0,77040.0,77060.0,195.0,75131050.0,179963.0
CU,CU2503.XSGE,2025-02-11 11:22:00,day,2025-02-11,day_2025-02-11,77060.0,77070.0,77050.0,77050.0,79.0,30438400.0,179939.0
CU,CU2503.XSGE,2025-02-11 11:23:00,day,2025-02-11,day_2025-02-11,77050.0,77070.0,77040.0,77060.0,86.0,33133700.0,179922.0
CU,CU2503.XSGE,2025-02-11 11:24:00,day,2025-02-11,day_2025-02-11,77060.0,77090.0,77050.0,77070.0,199.0,76688650.0,180016.0
CU,CU2503.XSGE,2025-02-11 11:25:00,day,2025-02-11,day_2025-02-11,77070.0,77120.0,77070.0,77120.0,187.0,72084050.0,180055.0
CU,CU2503.XSGE,2025-02-11 11:26:00,day,2025-02-11,day_2025-02-11,77120.0,77130.0,77100.0,77110.0,88.0,33930550.0,180033.0
CU,CU2503.XSGE,2025-02-11 11:27:00,day,2025-02-11,day_2025-02-11,77110.0,77150.0,77100.0,77140.0,248.0,95640350.0,180143.0
CU,CU2503.XSGE,2025-02-11 11:28:00,day,2025-02-11,day_2025-02-11,77130.0,77160.0,77130.0,77150.0,144.0,55545250.0,180156.0
CU,CU2503.XSGE,2025-02-11 11:29:00,day,2025-02-11,day_2025-02-11,77160.0,77200.0,77150.0,77180.0,192.0,74087050.0,180136.0
CU,CU2503.XSGE,2025-02-11 11:30:00,day,2025-02-11,day_2025-02-11,77180.0,77220.0,77180.0,77200.0,432.0,166752400.0,180138.0
CU,CU2503.XSGE,2025-02-11 13:31:00,day,2025-02-11,day_2025-02-11,77240.0,77260.0,77200.0,77230.0,681.0,262979200.0,180259.0
CU,CU2503.XSGE,2025-02-11 13:32:00,day,2025-02-11,day_2025-02-11,77230.0,77250.0,77190.0,77200.0,286.0,110425900.0,180269.0
CU,CU2503.XSGE,2025-02-11 13:33:00,day,2025-02-11,day_2025-02-11,77200.0,77220.0,77190.0,77220.0,148.0,57133350.0,180295.0
CU,CU2503.XSGE,2025-02-11 13:34:00,day,2025-02-11,day_2025-02-11,77220.0,77250.0,77210.0,77240.0,242.0,93441550.0,180353.0
CU,CU2503.XSGE,2025-02-11 13:35:00,day,2025-02-11,day_2025-02-11,77250.0,77260.0,77230.0,77260.0,93.0,35917450.0,180385.0
CU,CU2503.XSGE,2025-02-11 13:36:00,day,2025-02-11,day_2025-02-11,77250.0,77260.0,77220.0,77230.0,162.0,62562400.0,180448.0
CU,CU2503.XSGE,2025-02-11 13:37:00,day,2025-02-11,day_2025-02-11,77230.0,77240.0,77220.0,77230.0,133.0,51358450.0,180393.0
CU,CU2503.XSGE,2025-02-11 13:38:00,day,2025-02-11,day_2025-02-11,77220.0,77220.0,77190.0,77200.0,171.0,66005500.0,180350.0
CU,CU2503.XSGE,2025-02-11 13:39:00,day,2025-02-11,day_2025-02-11,77200.0,77200.0,77170.0,77180.0,152.0,58659850.0,180338.0
CU,CU2503.XSGE,2025-02-11 13:40:00,day,2025-02-11,day_2025-02-11,77180.0,77240.0,77170.0,77220.0,527.0,203420600.0,180398.0
CU,CU2503.XSGE,2025-02-11 13:41:00,day,2025-02-11,day_2025-02-11,77220.0,77240.0,77220.0,77220.0,95.0,36682500.0,180415.0
CU,CU2503.XSGE,2025-02-11 13:42:00,day,2025-02-11,day_2025-02-11,77220.0,77250.0,77220.0,77240.0,215.0,83031400.0,180376.0
CU,CU2503.XSGE,2025-02-11 13:43:00,day,2025-02-11,day_2025-02-11,77250.0,77250.0,77220.0,77240.0,136.0,52522250.0,180309.0
CU,CU2503.XSGE,2025-02-11 13:44:00,day,2025-02-11,day_2025-02-11,77230.0,77240.0,77200.0,77210.0,215.0,83007250.0,180346.0
CU,CU2503.XSGE,2025-02-11 13:45:00,day,2025-02-11,day_2025-02-11,77210.0,77210.0,77170.0,77170.0,75.0,28944750.0,180360.0
CU,CU2503.XSGE,2025-02-11 13:46:00,day,2025-02-11,day_2025-02-11,77180.0,77180.0,77150.0,77160.0,321.0,123857450.0,180383.0
CU,CU2503.XSGE,2025-02-11 13:47:00,day,2025-02-11,day_2025-02-11,77160.0,77180.0,77160.0,77160.0,293.0,113047800.0,180322.0
CU,CU2503.XSGE,2025-02-11 13:48:00,day,2025-02-11,day_2025-02-11,77160.0,77180.0,77160.0,77180.0,225.0,86820200.0,180368.0
CU,CU2503.XSGE,2025-02-11 13:49:00,day,2025-02-11,day_2025-02-11,77190.0,77190.0,77170.0,77180.0,57.0,21996250.0,180363.0
CU,CU2503.XSGE,2025-02-11 13:50:00,day,2025-02-11,day_2025-02-11,77170.0,77180.0,77160.0,77160.0,151.0,58262000.0,180413.0
CU,CU2503.XSGE,2025-02-11 13:51:00,day,2025-02-11,day_2025-02-11,77160.0,77160.0,77120.0,77130.0,158.0,60942700.0,180431.0
CU,CU2503.XSGE,2025-02-11 13:52:00,day,2025-02-11,day_2025-02-11,77140.0,77150.0,77130.0,77150.0,145.0,55932100.0,180526.0
CU,CU2503.XSGE,2025-02-11 13:53:00,day,2025-02-11,day_2025-02-11,77140.0,77160.0,77140.0,77150.0,123.0,47450350.0,180487.0
CU,CU2503.XSGE,2025-02-11 13:54:00,day,2025-02-11,day_2025-02-11,77140.0,77150.0,77120.0,77130.0,212.0,81762100.0,180498.0
CU,CU2503.XSGE,2025-02-11 13:55:00,day,2025-02-11,day_2025-02-11,77130.0,77140.0,77120.0,77140.0,222.0,85617850.0,180573.0
CU,CU2503.XSGE,2025-02-11 13:56:00,day,2025-02-11,day_2025-02-11,77140.0,77190.0,77130.0,77180.0,156.0,60183200.0,180659.0
CU,CU2503.XSGE,2025-02-11 13:57:00,day,2025-02-11,day_2025-02-11,77180.0,77180.0,77170.0,77170.0,119.0,45916900.0,180660.0
CU,CU2503.XSGE,2025-02-11 13:58:00,day,2025-02-11,day_2025-02-11,77170.0,77180.0,77160.0,77170.0,134.0,51703750.0,180647.0
CU,CU2503.XSGE,2025-02-11 13:59:00,day,2025-02-11,day_2025-02-11,77170.0,77170.0,77160.0,77160.0,95.0,36653550.0,180649.0
CU,CU2503.XSGE,2025-02-11 14:00:00,day,2025-02-11,day_2025-02-11,77170.0,77180.0,77160.0,77160.0,81.0,31254550.0,180663.0
CU,CU2503.XSGE,2025-02-11 14:01:00,day,2025-02-11,day_2025-02-11,77170.0,77170.0,77150.0,77160.0,52.0,20061300.0,180688.0
CU,CU2503.XSGE,2025-02-11 14:02:00,day,2025-02-11,day_2025-02-11,77150.0,77160.0,77150.0,77150.0,33.0,12730500.0,180689.0
CU,CU2503.XSGE,2025-02-11 14:03:00,day,2025-02-11,day_2025-02-11,77150.0,77150.0,77110.0,77110.0,141.0,54378700.0,180703.0
CU,CU2503.XSGE,2025-02-11 14:04:00,day,2025-02-11,day_2025-02-11,77110.0,77130.0,77110.0,77130.0,81.0,31230000.0,180660.0
CU,CU2503.XSGE,2025-02-11 14:05:00,day,2025-02-11,day_2025-02-11,77120.0,77130.0,77110.0,77120.0,49.0,18893700.0,180648.0
CU,CU2503.XSGE,2025-02-11 14:06:00,day,2025-02-11,day_2025-02-11,77120.0,77130.0,77110.0,77110.0,33.0,12724500.0,180643.0
CU,CU2503.XSGE,2025-02-11 14:07:00,day,2025-02-11,day_2025-02-11,77110.0,77140.0,77110.0,77130.0,151.0,58233200.0,180588.0
CU,CU2503.XSGE,2025-02-11 14:08:00,day,2025-02-11,day_2025-02-11,77130.0,77130.0,77110.0,77120.0,214.0,82519750.0,180645.0
CU,CU2503.XSGE,2025-02-11 14:09:00,day,2025-02-11,day_2025-02-11,77130.0,77130.0,77120.0,77130.0,146.0,56303600.0,180709.0
CU,CU2503.XSGE,2025-02-11 14:10:00,day,2025-02-11,day_2025-02-11,77130.0,77140.0,77120.0,77130.0,85.0,32778750.0,180704.0
CU,CU2503.XSGE,2025-02-11 14:11:00,day,2025-02-11,day_2025-02-11,77130.0,77140.0,77120.0,77130.0,88.0,33937350.0,180717.0
CU,CU2503.XSGE,2025-02-11 14:12:00,day,2025-02-11,day_2025-02-11,77130.0,77150.0,77130.0,77150.0,163.0,62874300.0,180643.0
CU,CU2503.XSGE,2025-02-11 14:13:00,day,2025-02-11,day_2025-02-11,77160.0,77160.0,77140.0,77160.0,78.0,30091400.0,180676.0
CU,CU2503.XSGE,2025-02-11 14:14:00,day,2025-02-11,day_2025-02-11,77160.0,77180.0,77150.0,77180.0,109.0,42052850.0,180694.0
CU,CU2503.XSGE,2025-02-11 14:15:00,day,2025-02-11,day_2025-02-11,77180.0,77180.0,77160.0,77170.0,99.0,38201550.0,180717.0
CU,CU2503.XSGE,2025-02-11 14:16:00,day,2025-02-11,day_2025-02-11,77170.0,77170.0,77150.0,77160.0,123.0,47455150.0,180773.0
CU,CU2503.XSGE,2025-02-11 14:17:00,day,2025-02-11,day_2025-02-11,77180.0,77180.0,77160.0,77160.0,74.0,28552000.0,180769.0
CU,CU2503.XSGE,2025-02-11 14:18:00,day,2025-02-11,day_2025-02-11,77160.0,77170.0,77140.0,77160.0,146.0,56323200.0,180782.0
CU,CU2503.XSGE,2025-02-11 14:19:00,day,2025-02-11,day_2025-02-11,77150.0,77150.0,77140.0,77140.0,77.0,29701550.0,180774.0
CU,CU2503.XSGE,2025-02-11 14:20:00,day,2025-02-11,day_2025-02-11,77150.0,77150.0,77130.0,77130.0,54.0,20829300.0,180789.0
CU,CU2503.XSGE,2025-02-11 14:21:00,day,2025-02-11,day_2025-02-11,77150.0,77150.0,77140.0,77150.0,36.0,13886500.0,180780.0
CU,CU2503.XSGE,2025-02-11 14:22:00,day,2025-02-11,day_2025-02-11,77140.0,77160.0,77140.0,77160.0,110.0,42432450.0,180830.0
CU,CU2503.XSGE,2025-02-11 14:23:00,day,2025-02-11,day_2025-02-11,77170.0,77180.0,77170.0,77170.0,75.0,28939000.0,180859.0
CU,CU2503.XSGE,2025-02-11 14:24:00,day,2025-02-11,day_2025-02-11,77170.0,77180.0,77160.0,77180.0,63.0,24310250.0,180846.0
CU,CU2503.XSGE,2025-02-11 14:25:00,day,2025-02-11,day_2025-02-11,77190.0,77210.0,77180.0,77190.0,200.0,77192650.0,180924.0
CU,CU2503.XSGE,2025-02-11 14:26:00,day,2025-02-11,day_2025-02-11,77200.0,77200.0,77180.0,77180.0,55.0,21227100.0,180925.0
CU,CU2503.XSGE,2025-02-11 14:27:00,day,2025-02-11,day_2025-02-11,77180.0,77200.0,77170.0,77190.0,82.0,31644500.0,180927.0
CU,CU2503.XSGE,2025-02-11 14:28:00,day,2025-02-11,day_2025-02-11,77200.0,77200.0,77180.0,77190.0,44.0,16981450.0,180910.0
CU,CU2503.XSGE,2025-02-11 14:29:00,day,2025-02-11,day_2025-02-11,77190.0,77190.0,77140.0,77160.0,191.0,73689900.0,180951.0
CU,CU2503.XSGE,2025-02-11 14:30:00,day,2025-02-11,day_2025-02-11,77170.0,77200.0,77170.0,77190.0,104.0,40135500.0,180972.0
CU,CU2503.XSGE,2025-02-11 14:31:00,day,2025-02-11,day_2025-02-11,77190.0,77200.0,77180.0,77190.0,137.0,52877400.0,180995.0
CU,CU2503.XSGE,2025-02-11 14:32:00,day,2025-02-11,day_2025-02-11,77200.0,77210.0,77180.0,77180.0,109.0,42073600.0,180977.0
CU,CU2503.XSGE,2025-02-11 14:33:00,day,2025-02-11,day_2025-02-11,77170.0,77210.0,77170.0,77210.0,231.0,89157600.0,181012.0
CU,CU2503.XSGE,2025-02-11 14:34:00,day,2025-02-11,day_2025-02-11,77200.0,77220.0,77200.0,77200.0,151.0,58295100.0,181026.0
CU,CU2503.XSGE,2025-02-11 14:35:00,day,2025-02-11,day_2025-02-11,77200.0,77230.0,77190.0,77210.0,114.0,44009800.0,181040.0
CU,CU2503.XSGE,2025-02-11 14:36:00,day,2025-02-11,day_2025-02-11,77220.0,77230.0,77200.0,77220.0,225.0,86868550.0,181182.0
CU,CU2503.XSGE,2025-02-11 14:37:00,day,2025-02-11,day_2025-02-11,77220.0,77250.0,77210.0,77240.0,112.0,43253650.0,181199.0
CU,CU2503.XSGE,2025-02-11 14:38:00,day,2025-02-11,day_2025-02-11,77230.0,77240.0,77210.0,77210.0,35.0,13514250.0,181208.0
CU,CU2503.XSGE,2025-02-11 14:39:00,day,2025-02-11,day_2025-02-11,77210.0,77230.0,77210.0,77220.0,79.0,30503750.0,181207.0
CU,CU2503.XSGE,2025-02-11 14:40:00,day,2025-02-11,day_2025-02-11,77230.0,77230.0,77200.0,77210.0,128.0,49418750.0,181234.0
CU,CU2503.XSGE,2025-02-11 14:41:00,day,2025-02-11,day_2025-02-11,77200.0,77210.0,77180.0,77180.0,117.0,45156550.0,181222.0
CU,CU2503.XSGE,2025-02-11 14:42:00,day,2025-02-11,day_2025-02-11,77190.0,77190.0,77160.0,77160.0,108.0,41676500.0,181216.0
CU,CU2503.XSGE,2025-02-11 14:43:00,day,2025-02-11,day_2025-02-11,77170.0,77190.0,77160.0,77190.0,103.0,39742000.0,181191.0
CU,CU2503.XSGE,2025-02-11 14:44:00,day,2025-02-11,day_2025-02-11,77190.0,77200.0,77180.0,77190.0,51.0,19683950.0,181179.0
CU,CU2503.XSGE,2025-02-11 14:45:00,day,2025-02-11,day_2025-02-11,77190.0,77200.0,77170.0,77170.0,83.0,32031550.0,181206.0
CU,CU2503.XSGE,2025-02-11 14:46:00,day,2025-02-11,day_2025-02-11,77170.0,77180.0,77170.0,77170.0,56.0,21609000.0,181212.0
CU,CU2503.XSGE,2025-02-11 14:47:00,day,2025-02-11,day_2025-02-11,77170.0,77180.0,77160.0,77160.0,163.0,62895000.0,181228.0
CU,CU2503.XSGE,2025-02-11 14:48:00,day,2025-02-11,day_2025-02-11,77170.0,77180.0,77160.0,77180.0,41.0,15820400.0,181216.0
CU,CU2503.XSGE,2025-02-11 14:49:00,day,2025-02-11,day_2025-02-11,77180.0,77210.0,77170.0,77190.0,126.0,48633900.0,181191.0
CU,CU2503.XSGE,2025-02-11 14:50:00,day,2025-02-11,day_2025-02-11,77190.0,77230.0,77190.0,77230.0,78.0,30113550.0,181191.0
CU,CU2503.XSGE,2025-02-11 14:51:00,day,2025-02-11,day_2025-02-11,77220.0,77230.0,77200.0,77210.0,94.0,36290000.0,181177.0
CU,CU2503.XSGE,2025-02-11 14:52:00,day,2025-02-11,day_2025-02-11,77200.0,77220.0,77200.0,77220.0,65.0,25093300.0,181184.0
CU,CU2503.XSGE,2025-02-11 14:53:00,day,2025-02-11,day_2025-02-11,77220.0,77230.0,77210.0,77220.0,146.0,56370500.0,181244.0
CU,CU2503.XSGE,2025-02-11 14:54:00,day,2025-02-11,day_2025-02-11,77230.0,77230.0,77210.0,77210.0,106.0,40927250.0,181198.0
CU,CU2503.XSGE,2025-02-11 14:55:00,day,2025-02-11,day_2025-02-11,77220.0,77220.0,77170.0,77180.0,284.0,109608800.0,181146.0
CU,CU2503.XSGE,2025-02-11 14:56:00,day,2025-02-11,day_2025-02-11,77180.0,77190.0,77160.0,77190.0,237.0,91449600.0,181115.0
CU,CU2503.XSGE,2025-02-11 14:57:00,day,2025-02-11,day_2025-02-11,77190.0,77190.0,77150.0,77150.0,193.0,74468900.0,181088.0
CU,CU2503.XSGE,2025-02-11 14:58:00,day,2025-02-11,day_2025-02-11,77160.0,77160.0,77140.0,77150.0,324.0,124989650.0,181066.0
CU,CU2503.XSGE,2025-02-11 14:59:00,day,2025-02-11,day_2025-02-11,77170.0,77170.0,77140.0,77150.0,364.0,140422950.0,181046.0
CU,CU2503.XSGE,2025-02-11 15:00:00,day,2025-02-11,day_2025-02-11,77140.0,77160.0,77110.0,77150.0,424.0,163556850.0,180966.0
CU,CU2503.XSGE,2025-02-11 21:01:00,night,2025-02-11,night_2025-02-11,76750.0,76800.0,76680.0,76720.0,2744.0,1053114300.0,180335.0
CU,CU2503.XSGE,2025-02-11 21:02:00,night,2025-02-11,night_2025-02-11,76730.0,76780.0,76710.0,76750.0,1467.0,562926500.0,180038.0
CU,CU2503.XSGE,2025-02-11 21:03:00,night,2025-02-11,night_2025-02-11,76750.0,76750.0,76610.0,76630.0,1794.0,687849550.0,179852.0
CU,CU2503.XSGE,2025-02-11 21:04:00,night,2025-02-11,night_2025-02-11,76620.0,76660.0,76530.0,76660.0,1631.0,624639850.0,179708.0
CU,CU2503.XSGE,2025-02-11 21:05:00,night,2025-02-11,night_2025-02-11,76670.0,76720.0,76660.0,76660.0,707.0,271092500.0,179475.0
CU,CU2503.XSGE,2025-02-11 21:06:00,night,2025-02-11,night_2025-02-11,76660.0,76670.0,76610.0,76630.0,480.0,183934900.0,179336.0
CU,CU2503.XSGE,2025-02-11 21:07:00,night,2025-02-11,night_2025-02-11,76620.0,76660.0,76610.0,76660.0,315.0,120699600.0,179281.0
CU,CU2503.XSGE,2025-02-11 21:08:00,night,2025-02-11,night_2025-02-11,76660.0,76670.0,76630.0,76640.0,304.0,116505300.0,179220.0
CU,CU2503.XSGE,2025-02-11 21:09:00,night,2025-02-11,night_2025-02-11,76640.0,76650.0,76570.0,76580.0,1085.0,415569150.0,179298.0
CU,CU2503.XSGE,2025-02-11 21:10:00,night,2025-02-11,night_2025-02-11,76580.0,76590.0,76530.0,76540.0,696.0,266434150.0,179149.0
CU,CU2503.XSGE,2025-02-11 21:11:00,night,2025-02-11,night_2025-02-11,76540.0,76590.0,76530.0,76570.0,373.0,142793400.0,179106.0
CU,CU2503.XSGE,2025-02-11 21:12:00,night,2025-02-11,night_2025-02-11,76570.0,76630.0,76570.0,76620.0,255.0,97680600.0,179033.0
CU,CU2503.XSGE,2025-02-11 21:13:00,night,2025-02-11,night_2025-02-11,76640.0,76650.0,76620.0,76640.0,320.0,122625250.0,179089.0
CU,CU2503.XSGE,2025-02-11 21:14:00,night,2025-02-11,night_2025-02-11,76630.0,76650.0,76610.0,76640.0,598.0,229136950.0,179140.0
CU,CU2503.XSGE,2025-02-11 21:15:00,night,2025-02-11,night_2025-02-11,76640.0,76660.0,76620.0,76660.0,119.0,45599550.0,179119.0
CU,CU2503.XSGE,2025-02-11 21:16:00,night,2025-02-11,night_2025-02-11,76650.0,76660.0,76640.0,76640.0,202.0,77414650.0,179085.0
CU,CU2503.XSGE,2025-02-11 21:17:00,night,2025-02-11,night_2025-02-11,76640.0,76660.0,76620.0,76620.0,399.0,152901950.0,179038.0
CU,CU2503.XSGE,2025-02-11 21:18:00,night,2025-02-11,night_2025-02-11,76630.0,76630.0,76600.0,76600.0,220.0,84278400.0,179021.0
CU,CU2503.XSGE,2025-02-11 21:19:00,night,2025-02-11,night_2025-02-11,76590.0,76610.0,76580.0,76590.0,149.0,57060250.0,178990.0
CU,CU2503.XSGE,2025-02-11 21:20:00,night,2025-02-11,night_2025-02-11,76580.0,76590.0,76550.0,76560.0,247.0,94562950.0,178909.0
CU,CU2503.XSGE,2025-02-11 21:21:00,night,2025-02-11,night_2025-02-11,76560.0,76600.0,76550.0,76600.0,324.0,124065100.0,178920.0
CU,CU2503.XSGE,2025-02-11 21:22:00,night,2025-02-11,night_2025-02-11,76600.0,76610.0,76590.0,76610.0,206.0,78898650.0,178901.0
CU,CU2503.XSGE,2025-02-11 21:23:00,night,2025-02-11,night_2025-02-11,76600.0,76630.0,76600.0,76630.0,167.0,63969700.0,178879.0
CU,CU2503.XSGE,2025-02-11 21:24:00,night,2025-02-11,night_2025-02-11,76620.0,76640.0,76610.0,76640.0,149.0,57090500.0,178891.0
CU,CU2503.XSGE,2025-02-11 21:25:00,night,2025-02-11,night_2025-02-11,76640.0,76640.0,76620.0,76630.0,254.0,97328250.0,178997.0
CU,CU2503.XSGE,2025-02-11 21:26:00,night,2025-02-11,night_2025-02-11,76640.0,76640.0,76600.0,76600.0,382.0,146341400.0,178960.0
CU,CU2503.XSGE,2025-02-11 21:27:00,night,2025-02-11,night_2025-02-11,76600.0,76630.0,76600.0,76620.0,130.0,49800850.0,178902.0
CU,CU2503.XSGE,2025-02-11 21:28:00,night,2025-02-11,night_2025-02-11,76620.0,76640.0,76620.0,76640.0,214.0,82001350.0,178916.0
CU,CU2503.XSGE,2025-02-11 21:29:00,night,2025-02-11,night_2025-02-11,76640.0,76640.0,76590.0,76620.0,238.0,91162250.0,178875.0
CU,CU2503.XSGE,2025-02-11 21:30:00,night,2025-02-11,night_2025-02-11,76610.0,76660.0,76610.0,76660.0,324.0,124163450.0,178988.0
CU,CU2503.XSGE,2025-02-11 21:31:00,night,2025-02-11,night_2025-02-11,76650.0,76690.0,76640.0,76690.0,351.0,134542350.0,179003.0
CU,CU2503.XSGE,2025-02-11 21:32:00,night,2025-02-11,night_2025-02-11,76690.0,76690.0,76670.0,76690.0,247.0,94706150.0,179013.0
CU,CU2503.XSGE,2025-02-11 21:33:00,night,2025-02-11,night_2025-02-11,76680.0,76700.0,76670.0,76700.0,74.0,28374250.0,178987.0
CU,CU2503.XSGE,2025-02-11 21:34:00,night,2025-02-11,night_2025-02-11,76690.0,76700.0,76660.0,76670.0,159.0,60960750.0,178981.0
CU,CU2503.XSGE,2025-02-11 21:35:00,night,2025-02-11,night_2025-02-11,76670.0,76700.0,76650.0,76680.0,122.0,46771700.0,178952.0
CU,CU2503.XSGE,2025-02-11 21:36:00,night,2025-02-11,night_2025-02-11,76700.0,76700.0,76670.0,76670.0,138.0,52918850.0,178954.0
CU,CU2503.XSGE,2025-02-11 21:37:00,night,2025-02-11,night_2025-02-11,76680.0,76700.0,76670.0,76700.0,152.0,58283700.0,178899.0
CU,CU2503.XSGE,2025-02-11 21:38:00,night,2025-02-11,night_2025-02-11,76690.0,76700.0,76670.0,76670.0,337.0,129208550.0,178767.0
CU,CU2503.XSGE,2025-02-11 21:39:00,night,2025-02-11,night_2025-02-11,76680.0,76680.0,76660.0,76660.0,90.0,34501900.0,178737.0
CU,CU2503.XSGE,2025-02-11 21:40:00,night,2025-02-11,night_2025-02-11,76660.0,76680.0,76650.0,76660.0,69.0,26450150.0,178696.0
CU,CU2503.XSGE,2025-02-11 21:41:00,night,2025-02-11,night_2025-02-11,76670.0,76680.0,76650.0,76680.0,75.0,28748800.0,178668.0
CU,CU2503.XSGE,2025-02-11 21:42:00,night,2025-02-11,night_2025-02-11,76680.0,76690.0,76630.0,76630.0,119.0,45613450.0,178660.0
CU,CU2503.XSGE,2025-02-11 21:43:00,night,2025-02-11,night_2025-02-11,76630.0,76650.0,76620.0,76620.0,201.0,77018600.0,178649.0
CU,CU2503.XSGE,2025-02-11 21:44:00,night,2025-02-11,night_2025-02-11,76620.0,76630.0,76610.0,76610.0,106.0,40609000.0,178659.0
CU,CU2503.XSGE,2025-02-11 21:45:00,night,2025-02-11,night_2025-02-11,76610.0,76620.0,76600.0,76610.0,124.0,47497650.0,178632.0
CU,CU2503.XSGE,2025-02-11 21:46:00,night,2025-02-11,night_2025-02-11,76610.0,76650.0,76610.0,76650.0,84.0,32183800.0,178636.0
CU,CU2503.XSGE,2025-02-11 21:47:00,night,2025-02-11,night_2025-02-11,76650.0,76650.0,76610.0,76610.0,121.0,46363650.0,178628.0
CU,CU2503.XSGE,2025-02-11 21:48:00,night,2025-02-11,night_2025-02-11,76610.0,76620.0,76580.0,76580.0,273.0,104553950.0,178513.0
CU,CU2503.XSGE,2025-02-11 21:49:00,night,2025-02-11,night_2025-02-11,76590.0,76590.0,76570.0,76590.0,106.0,40588700.0,178474.0
CU,CU2503.XSGE,2025-02-11 21:50:00,night,2025-02-11,night_2025-02-11,76600.0,76620.0,76600.0,76600.0,99.0,37921550.0,178474.0
CU,CU2503.XSGE,2025-02-11 21:51:00,night,2025-02-11,night_2025-02-11,76610.0,76620.0,76600.0,76600.0,123.0,47114850.0,178483.0
CU,CU2503.XSGE,2025-02-11 21:52:00,night,2025-02-11,night_2025-02-11,76600.0,76610.0,76580.0,76610.0,52.0,19914850.0,178478.0
CU,CU2503.XSGE,2025-02-11 21:53:00,night,2025-02-11,night_2025-02-11,76600.0,76620.0,76600.0,76610.0,60.0,22983050.0,178464.0
CU,CU2503.XSGE,2025-02-11 21:54:00,night,2025-02-11,night_2025-02-11,76620.0,76640.0,76610.0,76640.0,36.0,13792150.0,178455.0
CU,CU2503.XSGE,2025-02-11 21:55:00,night,2025-02-11,night_2025-02-11,76650.0,76650.0,76630.0,76640.0,50.0,19161850.0,178455.0
CU,CU2503.XSGE,2025-02-11 21:56:00,night,2025-02-11,night_2025-02-11,76640.0,76640.0,76620.0,76640.0,66.0,25288300.0,178469.0
CU,CU2503.XSGE,2025-02-11 21:57:00,night,2025-02-11,night_2025-02-11,76640.0,76640.0,76630.0,76630.0,53.0,20308900.0,178484.0
CU,CU2503.XSGE,2025-02-11 21:58:00,night,2025-02-11,night_2025-02-11,76630.0,76640.0,76620.0,76640.0,86.0,32951400.0,178503.0
CU,CU2503.XSGE,2025-02-11 21:59:00,night,2025-02-11,night_2025-02-11,76650.0,76650.0,76630.0,76630.0,33.0,12645500.0,178504.0
CU,CU2503.XSGE,2025-02-11 22:00:00,night,2025-02-11,night_2025-02-11,76640.0,76640.0,76610.0,76610.0,42.0,16091700.0,178507.0
CU,CU2503.XSGE,2025-02-11 22:01:00,night,2025-02-11,night_2025-02-11,76610.0,76640.0,76600.0,76620.0,156.0,59759150.0,178516.0
CU,CU2503.XSGE,2025-02-11 22:02:00,night,2025-02-11,night_2025-02-11,76610.0,76620.0,76600.0,76610.0,87.0,33324500.0,178522.0
CU,CU2503.XSGE,2025-02-11 22:03:00,night,2025-02-11,night_2025-02-11,76610.0,76610.0,76590.0,76600.0,108.0,41365900.0,178522.0
CU,CU2503.XSGE,2025-02-11 22:04:00,night,2025-02-11,night_2025-02-11,76610.0,76620.0,76580.0,76610.0,174.0,66639350.0,178574.0
CU,CU2503.XSGE,2025-02-11 22:05:00,night,2025-02-11,night_2025-02-11,76610.0,76620.0,76590.0,76590.0,38.0,14555450.0,178588.0
CU,CU2503.XSGE,2025-02-11 22:06:00,night,2025-02-11,night_2025-02-11,76600.0,76610.0,76590.0,76610.0,75.0,28725600.0,178574.0
CU,CU2503.XSGE,2025-02-11 22:07:00,night,2025-02-11,night_2025-02-11,76600.0,76630.0,76600.0,76620.0,85.0,32560500.0,178560.0
CU,CU2503.XSGE,2025-02-11 22:08:00,night,2025-02-11,night_2025-02-11,76630.0,76650.0,76620.0,76640.0,58.0,22223900.0,178571.0
CU,CU2503.XSGE,2025-02-11 22:09:00,night,2025-02-11,night_2025-02-11,76630.0,76630.0,76620.0,76630.0,45.0,17241050.0,178576.0
CU,CU2503.XSGE,2025-02-11 22:10:00,night,2025-02-11,night_2025-02-11,76630.0,76650.0,76630.0,76650.0,55.0,21076750.0,178577.0
CU,CU2503.XSGE,2025-02-11 22:11:00,night,2025-02-11,night_2025-02-11,76650.0,76650.0,76630.0,76630.0,57.0,21841900.0,178583.0
CU,CU2503.XSGE,2025-02-11 22:12:00,night,2025-02-11,night_2025-02-11,76630.0,76640.0,76620.0,76630.0,42.0,16092750.0,178567.0
CU,CU2503.XSGE,2025-02-11 22:13:00,night,2025-02-11,night_2025-02-11,76630.0,76650.0,76630.0,76630.0,42.0,16093550.0,178557.0
CU,CU2503.XSGE,2025-02-11 22:14:00,night,2025-02-11,night_2025-02-11,76630.0,76630.0,76600.0,76600.0,100.0,38304500.0,178566.0
CU,CU2503.XSGE,2025-02-11 22:15:00,night,2025-02-11,night_2025-02-11,76600.0,76600.0,76580.0,76590.0,106.0,40593000.0,178547.0
CU,CU2503.XSGE,2025-02-11 22:16:00,night,2025-02-11,night_2025-02-11,76580.0,76600.0,76570.0,76600.0,244.0,93429700.0,178536.0
CU,CU2503.XSGE,2025-02-11 22:17:00,night,2025-02-11,night_2025-02-11,76600.0,76600.0,76590.0,76600.0,69.0,26425950.0,178536.0
CU,CU2503.XSGE,2025-02-11 22:18:00,night,2025-02-11,night_2025-02-11,76610.0,76630.0,76600.0,76610.0,68.0,26049150.0,178543.0
CU,CU2503.XSGE,2025-02-11 22:19:00,night,2025-02-11,night_2025-02-11,76610.0,76630.0,76600.0,76620.0,35.0,13407600.0,178545.0
CU,CU2503.XSGE,2025-02-11 22:20:00,night,2025-02-11,night_2025-02-11,76630.0,76650.0,76620.0,76640.0,123.0,47128450.0,178504.0
CU,CU2503.XSGE,2025-02-11 22:21:00,night,2025-02-11,night_2025-02-11,76650.0,76680.0,76640.0,76670.0,121.0,46377900.0,178507.0
CU,CU2503.XSGE,2025-02-11 22:22:00,night,2025-02-11,night_2025-02-11,76670.0,76670.0,76630.0,76640.0,182.0,69746150.0,178450.0
CU,CU2503.XSGE,2025-02-11 22:23:00,night,2025-02-11,night_2025-02-11,76630.0,76650.0,76620.0,76650.0,51.0,19542250.0,178445.0
CU,CU2503.XSGE,2025-02-11 22:24:00,night,2025-02-11,night_2025-02-11,76640.0,76640.0,76620.0,76630.0,49.0,18774300.0,178436.0
CU,CU2503.XSGE,2025-02-11 22:25:00,night,2025-02-11,night_2025-02-11,76640.0,76640.0,76630.0,76640.0,24.0,9195750.0,178449.0
CU,CU2503.XSGE,2025-02-11 22:26:00,night,2025-02-11,night_2025-02-11,76630.0,76650.0,76620.0,76650.0,25.0,9579600.0,178442.0
CU,CU2503.XSGE,2025-02-11 22:27:00,night,2025-02-11,night_2025-02-11,76650.0,76650.0,76640.0,76650.0,83.0,31809650.0,178461.0
CU,CU2503.XSGE,2025-02-11 22:28:00,night,2025-02-11,night_2025-02-11,76650.0,76650.0,76640.0,76650.0,125.0,47905350.0,178483.0
CU,CU2503.XSGE,2025-02-11 22:29:00,night,2025-02-11,night_2025-02-11,76640.0,76660.0,76640.0,76660.0,51.0,19545700.0,178476.0
CU,CU2503.XSGE,2025-02-11 22:30:00,night,2025-02-11,night_2025-02-11,76650.0,76690.0,76650.0,76690.0,177.0,67854750.0,178448.0
CU,CU2503.XSGE,2025-02-11 22:31:00,night,2025-02-11,night_2025-02-11,76690.0,76690.0,76650.0,76680.0,77.0,29517550.0,178409.0
CU,CU2503.XSGE,2025-02-11 22:32:00,night,2025-02-11,night_2025-02-11,76680.0,76680.0,76650.0,76650.0,107.0,41019000.0,178408.0
CU,CU2503.XSGE,2025-02-11 22:33:00,night,2025-02-11,night_2025-02-11,76660.0,76660.0,76630.0,76630.0,101.0,38708750.0,178430.0
CU,CU2503.XSGE,2025-02-11 22:34:00,night,2025-02-11,night_2025-02-11,76630.0,76660.0,76620.0,76650.0,180.0,68979050.0,178557.0
CU,CU2503.XSGE,2025-02-11 22:35:00,night,2025-02-11,night_2025-02-11,76650.0,76660.0,76630.0,76660.0,54.0,20692850.0,178575.0
CU,CU2503.XSGE,2025-02-11 22:36:00,night,2025-02-11,night_2025-02-11,76660.0,76660.0,76650.0,76660.0,24.0,9198750.0,178570.0
CU,CU2503.XSGE,2025-02-11 22:37:00,night,2025-02-11,night_2025-02-11,76660.0,76680.0,76660.0,76670.0,26.0,9967850.0,178564.0
CU,CU2503.XSGE,2025-02-11 22:38:00,night,2025-02-11,night_2025-02-11,76670.0,76700.0,76670.0,76690.0,192.0,73627500.0,178587.0
CU,CU2503.XSGE,2025-02-11 22:39:00,night,2025-02-11,night_2025-02-11,76690.0,76700.0,76680.0,76680.0,14.0,5368400.0,178584.0
CU,CU2503.XSGE,2025-02-11 22:40:00,night,2025-02-11,night_2025-02-11,76680.0,76690.0,76670.0,76680.0,47.0,18020350.0,178576.0
CU,CU2503.XSGE,2025-02-11 22:41:00,night,2025-02-11,night_2025-02-11,76690.0,76690.0,76660.0,76690.0,31.0,11884950.0,178567.0
CU,CU2503.XSGE,2025-02-11 22:42:00,night,2025-02-11,night_2025-02-11,76680.0,76680.0,76640.0,76650.0,80.0,30664750.0,178538.0
CU,CU2503.XSGE,2025-02-11 22:43:00,night,2025-02-11,night_2025-02-11,76650.0,76660.0,76640.0,76640.0,34.0,13030850.0,178542.0
CU,CU2503.XSGE,2025-02-11 22:44:00,night,2025-02-11,night_2025-02-11,76650.0,76680.0,76650.0,76680.0,56.0,21463900.0,178549.0
CU,CU2503.XSGE,2025-02-11 22:45:00,night,2025-02-11,night_2025-02-11,76660.0,76670.0,76640.0,76650.0,73.0,27981550.0,178538.0
CU,CU2503.XSGE,2025-02-11 22:46:00,night,2025-02-11,night_2025-02-11,76660.0,76660.0,76640.0,76660.0,36.0,13797100.0,178535.0
CU,CU2503.XSGE,2025-02-11 22:47:00,night,2025-02-11,night_2025-02-11,76650.0,76690.0,76640.0,76690.0,57.0,21848800.0,178525.0
CU,CU2503.XSGE,2025-02-11 22:48:00,night,2025-02-11,night_2025-02-11,76680.0,76720.0,76680.0,76720.0,153.0,58677100.0,178510.0
CU,CU2503.XSGE,2025-02-11 22:49:00,night,2025-02-11,night_2025-02-11,76710.0,76710.0,76690.0,76700.0,84.0,32214100.0,178518.0
CU,CU2503.XSGE,2025-02-11 22:50:00,night,2025-02-11,night_2025-02-11,76700.0,76700.0,76690.0,76700.0,26.0,9970800.0,178522.0
CU,CU2503.XSGE,2025-02-11 22:51:00,night,2025-02-11,night_2025-02-11,76700.0,76700.0,76690.0,76700.0,34.0,13038900.0,178535.0
CU,CU2503.XSGE,2025-02-11 22:52:00,night,2025-02-11,night_2025-02-11,76690.0,76690.0,76660.0,76670.0,48.0,18403100.0,178534.0
CU,CU2503.XSGE,2025-02-11 22:53:00,night,2025-02-11,night_2025-02-11,76680.0,76690.0,76670.0,76670.0,19.0,7284450.0,178532.0
CU,CU2503.XSGE,2025-02-11 22:54:00,night,2025-02-11,night_2025-02-11,76680.0,76700.0,76670.0,76700.0,71.0,27220600.0,178507.0
CU,CU2503.XSGE,2025-02-11 22:55:00,night,2025-02-11,night_2025-02-11,76690.0,76700.0,76670.0,76690.0,49.0,18787000.0,178498.0
CU,CU2503.XSGE,2025-02-11 22:56:00,night,2025-02-11,night_2025-02-11,76700.0,76710.0,76680.0,76700.0,83.0,31826500.0,178484.0
CU,CU2503.XSGE,2025-02-11 22:57:00,night,2025-02-11,night_2025-02-11,76700.0,76700.0,76680.0,76680.0,57.0,21858000.0,178478.0
CU,CU2503.XSGE,2025-02-11 22:58:00,night,2025-02-11,night_2025-02-11,76680.0,76700.0,76680.0,76680.0,74.0,28376150.0,178477.0
CU,CU2503.XSGE,2025-02-11 22:59:00,night,2025-02-11,night_2025-02-11,76700.0,76700.0,76670.0,76690.0,85.0,32592800.0,178467.0
CU,CU2503.XSGE,2025-02-11 23:00:00,night,2025-02-11,night_2025-02-11,76690.0,76710.0,76690.0,76700.0,68.0,26079450.0,178483.0
CU,CU2503.XSGE,2025-02-11 23:01:00,night,2025-02-11,night_2025-02-11,76720.0,76720.0,76650.0,76650.0,138.0,52907900.0,178491.0
CU,CU2503.XSGE,2025-02-11 23:02:00,night,2025-02-11,night_2025-02-11,76660.0,76660.0,76600.0,76630.0,319.0,122221100.0,178408.0
CU,CU2503.XSGE,2025-02-11 23:03:00,night,2025-02-11,night_2025-02-11,76620.0,76660.0,76610.0,76650.0,79.0,30273600.0,178396.0
CU,CU2503.XSGE,2025-02-11 23:04:00,night,2025-02-11,night_2025-02-11,76650.0,76650.0,76620.0,76620.0,57.0,21841600.0,178382.0
CU,CU2503.XSGE,2025-02-11 23:05:00,night,2025-02-11,night_2025-02-11,76610.0,76640.0,76610.0,76640.0,50.0,19156450.0,178362.0
CU,CU2503.XSGE,2025-02-11 23:06:00,night,2025-02-11,night_2025-02-11,76650.0,76670.0,76640.0,76660.0,46.0,17629900.0,178356.0
CU,CU2503.XSGE,2025-02-11 23:07:00,night,2025-02-11,night_2025-02-11,76680.0,76690.0,76660.0,76680.0,31.0,11884400.0,178356.0
CU,CU2503.XSGE,2025-02-11 23:08:00,night,2025-02-11,night_2025-02-11,76690.0,76690.0,76660.0,76660.0,39.0,14952950.0,178364.0
CU,CU2503.XSGE,2025-02-11 23:09:00,night,2025-02-11,night_2025-02-11,76670.0,76670.0,76660.0,76670.0,16.0,6133200.0,178359.0
CU,CU2503.XSGE,2025-02-11 23:10:00,night,2025-02-11,night_2025-02-11,76660.0,76700.0,76650.0,76690.0,37.0,14183850.0,178351.0
CU,CU2503.XSGE,2025-02-11 23:11:00,night,2025-02-11,night_2025-02-11,76690.0,76730.0,76690.0,76720.0,48.0,18410250.0,178356.0
CU,CU2503.XSGE,2025-02-11 23:12:00,night,2025-02-11,night_2025-02-11,76730.0,76750.0,76720.0,76750.0,138.0,52946250.0,178374.0
CU,CU2503.XSGE,2025-02-11 23:13:00,night,2025-02-11,night_2025-02-11,76740.0,76750.0,76730.0,76750.0,73.0,28009450.0,178362.0
CU,CU2503.XSGE,2025-02-11 23:14:00,night,2025-02-11,night_2025-02-11,76740.0,76780.0,76740.0,76770.0,247.0,94795750.0,178375.0
CU,CU2503.XSGE,2025-02-11 23:15:00,night,2025-02-11,night_2025-02-11,76770.0,76780.0,76750.0,76750.0,105.0,40300450.0,178343.0
CU,CU2503.XSGE,2025-02-11 23:16:00,night,2025-02-11,night_2025-02-11,76740.0,76780.0,76740.0,76780.0,60.0,23029250.0,178359.0
CU,CU2503.XSGE,2025-02-11 23:17:00,night,2025-02-11,night_2025-02-11,76780.0,76780.0,76740.0,76760.0,161.0,61786850.0,178338.0
CU,CU2503.XSGE,2025-02-11 23:18:00,night,2025-02-11,night_2025-02-11,76770.0,76780.0,76770.0,76770.0,50.0,19192600.0,178346.0
CU,CU2503.XSGE,2025-02-11 23:19:00,night,2025-02-11,night_2025-02-11,76770.0,76780.0,76760.0,76770.0,86.0,33010450.0,178351.0
CU,CU2503.XSGE,2025-02-11 23:20:00,night,2025-02-11,night_2025-02-11,76760.0,76770.0,76750.0,76750.0,73.0,28017500.0,178358.0
CU,CU2503.XSGE,2025-02-11 23:21:00,night,2025-02-11,night_2025-02-11,76760.0,76780.0,76760.0,76760.0,53.0,20344150.0,178344.0
CU,CU2503.XSGE,2025-02-11 23:22:00,night,2025-02-11,night_2025-02-11,76770.0,76780.0,76770.0,76780.0,32.0,12283700.0,178342.0
CU,CU2503.XSGE,2025-02-11 23:23:00,night,2025-02-11,night_2025-02-11,76770.0,76780.0,76760.0,76760.0,17.0,6525000.0,178348.0
CU,CU2503.XSGE,2025-02-11 23:24:00,night,2025-02-11,night_2025-02-11,76760.0,76770.0,76760.0,76760.0,17.0,6524750.0,178346.0
CU,CU2503.XSGE,2025-02-11 23:25:00,night,2025-02-11,night_2025-02-11,76770.0,76780.0,76770.0,76780.0,31.0,11899700.0,178350.0
CU,CU2503.XSGE,2025-02-11 23:26:00,night,2025-02-11,night_2025-02-11,76780.0,76780.0,76750.0,76750.0,25.0,9595600.0,178344.0
CU,CU2503.XSGE,2025-02-11 23:27:00,night,2025-02-11,night_2025-02-11,76750.0,76770.0,76750.0,76760.0,21.0,8059400.0,178331.0
CU,CU2503.XSGE,2025-02-11 23:28:00,night,2025-02-11,night_2025-02-11,76750.0,76770.0,76750.0,76770.0,21.0,8059500.0,178334.0
CU,CU2503.XSGE,2025-02-11 23:29:00,night,2025-02-11,night_2025-02-11,76770.0,76780.0,76760.0,76780.0,33.0,12666850.0,178319.0
CU,CU2503.XSGE,2025-02-11 23:30:00,night,2025-02-11,night_2025-02-11,76780.0,76830.0,76760.0,76830.0,160.0,61440850.0,178298.0
CU,CU2503.XSGE,2025-02-11 23:31:00,night,2025-02-11,night_2025-02-11,76830.0,76850.0,76820.0,76820.0,214.0,82206300.0,178296.0
CU,CU2503.XSGE,2025-02-11 23:32:00,night,2025-02-11,night_2025-02-11,76830.0,76830.0,76810.0,76810.0,78.0,29961000.0,178327.0
CU,CU2503.XSGE,2025-02-11 23:33:00,night,2025-02-11,night_2025-02-11,76800.0,76800.0,76780.0,76790.0,23.0,8831450.0,178323.0
CU,CU2503.XSGE,2025-02-11 23:34:00,night,2025-02-11,night_2025-02-11,76790.0,76800.0,76780.0,76780.0,25.0,9598400.0,178320.0
CU,CU2503.XSGE,2025-02-11 23:35:00,night,2025-02-11,night_2025-02-11,76780.0,76810.0,76780.0,76810.0,72.0,27646300.0,178316.0
CU,CU2503.XSGE,2025-02-11 23:36:00,night,2025-02-11,night_2025-02-11,76800.0,76800.0,76780.0,76790.0,18.0,6911550.0,178318.0
CU,CU2503.XSGE,2025-02-11 23:37:00,night,2025-02-11,night_2025-02-11,76790.0,76820.0,76790.0,76820.0,24.0,9215600.0,178314.0
CU,CU2503.XSGE,2025-02-11 23:38:00,night,2025-02-11,night_2025-02-11,76820.0,76820.0,76800.0,76820.0,20.0,7681250.0,178312.0
CU,CU2503.XSGE,2025-02-11 23:39:00,night,2025-02-11,night_2025-02-11,76820.0,76820.0,76760.0,76760.0,77.0,29562950.0,178281.0
CU,CU2503.XSGE,2025-02-11 23:40:00,night,2025-02-11,night_2025-02-11,76770.0,76780.0,76760.0,76770.0,34.0,13050850.0,178270.0
CU,CU2503.XSGE,2025-02-11 23:41:00,night,2025-02-11,night_2025-02-11,76770.0,76780.0,76760.0,76780.0,24.0,9212700.0,178258.0
CU,CU2503.XSGE,2025-02-11 23:42:00,night,2025-02-11,night_2025-02-11,76770.0,76770.0,76750.0,76770.0,25.0,9595150.0,178254.0
CU,CU2503.XSGE,2025-02-11 23:43:00,night,2025-02-11,night_2025-02-11,76770.0,76770.0,76760.0,76770.0,15.0,5757400.0,178257.0
CU,CU2503.XSGE,2025-02-11 23:44:00,night,2025-02-11,night_2025-02-11,76770.0,76770.0,76750.0,76760.0,36.0,13816950.0,178258.0
CU,CU2503.XSGE,2025-02-11 23:45:00,night,2025-02-11,night_2025-02-11,76760.0,76760.0,76760.0,76760.0,0.0,0.0,178258.0
CU,CU2503.XSGE,2025-02-11 23:46:00,night,2025-02-11,night_2025-02-11,76750.0,76760.0,76750.0,76750.0,25.0,9594150.0,178247.0
CU,CU2503.XSGE,2025-02-11 23:47:00,night,2025-02-11,night_2025-02-11,76740.0,76760.0,76720.0,76740.0,42.0,16115200.0,178239.0
CU,CU2503.XSGE,2025-02-11 23:48:00,night,2025-02-11,night_2025-02-11,76740.0,76750.0,76730.0,76740.0,13.0,4988050.0,178232.0
CU,CU2503.XSGE,2025-02-11 23:49:00,night,2025-02-11,night_2025-02-11,76730.0,76730.0,76720.0,76730.0,25.0,9590450.0,178225.0
CU,CU2503.XSGE,2025-02-11 23:50:00,night,2025-02-11,night_2025-02-11,76720.0,76720.0,76690.0,76700.0,68.0,26080800.0,178203.0
CU,CU2503.XSGE,2025-02-11 23:51:00,night,2025-02-11,night_2025-02-11,76690.0,76700.0,76680.0,76690.0,49.0,18789200.0,178194.0
CU,CU2503.XSGE,2025-02-11 23:52:00,night,2025-02-11,night_2025-02-11,76710.0,76720.0,76700.0,76710.0,22.0,8438100.0,178200.0
CU,CU2503.XSGE,2025-02-11 23:53:00,night,2025-02-11,night_2025-02-11,76720.0,76720.0,76710.0,76710.0,10.0,3835550.0,178190.0
CU,CU2503.XSGE,2025-02-11 23:54:00,night,2025-02-11,night_2025-02-11,76720.0,76720.0,76700.0,76710.0,21.0,8054050.0,178179.0
CU,CU2503.XSGE,2025-02-11 23:55:00,night,2025-02-11,night_2025-02-11,76700.0,76710.0,76690.0,76700.0,14.0,5368900.0,178178.0
CU,CU2503.XSGE,2025-02-11 23:56:00,night,2025-02-11,night_2025-02-11,76700.0,76710.0,76690.0,76710.0,17.0,6519600.0,178172.0
CU,CU2503.XSGE,2025-02-11 23:57:00,night,2025-02-11,night_2025-02-11,76710.0,76710.0,76710.0,76710.0,4.0,1534200.0,178169.0
CU,CU2503.XSGE,2025-02-11 23:58:00,night,2025-02-11,night_2025-02-11,76710.0,76730.0,76700.0,76730.0,20.0,7672000.0,178172.0
CU,CU2503.XSGE,2025-02-11 23:59:00,night,2025-02-11,night_2025-02-11,76720.0,76720.0,76710.0,76720.0,9.0,3452250.0,178168.0
CU,CU2503.XSGE,2025-02-12 00:00:00,night,2025-02-11,night_2025-02-11,76710.0,76720.0,76710.0,76710.0,15.0,5753600.0,178173.0
CU,CU2503.XSGE,2025-02-12 00:01:00,night,2025-02-11,night_2025-02-11,76720.0,76720.0,76700.0,76700.0,28.0,10739750.0,178180.0
CU,CU2503.XSGE,2025-02-12 00:02:00,night,2025-02-11,night_2025-02-11,76700.0,76710.0,76700.0,76710.0,14.0,5369150.0,178180.0
CU,CU2503.XSGE,2025-02-12 00:03:00,night,2025-02-11,night_2025-02-11,76700.0,76700.0,76680.0,76680.0,30.0,11502850.0,178173.0
CU,CU2503.XSGE,2025-02-12 00:04:00,night,2025-02-11,night_2025-02-11,76680.0,76710.0,76680.0,76710.0,19.0,7286000.0,178172.0
CU,CU2503.XSGE,2025-02-12 00:05:00,night,2025-02-11,night_2025-02-11,76710.0,76710.0,76710.0,76710.0,1.0,383550.0,178172.0
CU,CU2503.XSGE,2025-02-12 00:06:00,night,2025-02-11,night_2025-02-11,76700.0,76700.0,76680.0,76690.0,25.0,9586300.0,178167.0
CU,CU2503.XSGE,2025-02-12 00:07:00,night,2025-02-11,night_2025-02-11,76670.0,76680.0,76670.0,76680.0,14.0,5367200.0,178168.0
CU,CU2503.XSGE,2025-02-12 00:08:00,night,2025-02-11,night_2025-02-11,76690.0,76690.0,76690.0,76690.0,10.0,3834500.0,178162.0
CU,CU2503.XSGE,2025-02-12 00:09:00,night,2025-02-11,night_2025-02-11,76700.0,76700.0,76680.0,76680.0,13.0,4984750.0,178157.0
CU,CU2503.XSGE,2025-02-12 00:10:00,night,2025-02-11,night_2025-02-11,76680.0,76700.0,76680.0,76690.0,13.0,4984950.0,178159.0
CU,CU2503.XSGE,2025-02-12 00:11:00,night,2025-02-11,night_2025-02-11,76700.0,76710.0,76680.0,76710.0,38.0,14572300.0,178156.0
CU,CU2503.XSGE,2025-02-12 00:12:00,night,2025-02-11,night_2025-02-11,76710.0,76710.0,76700.0,76710.0,19.0,7287000.0,178154.0
CU,CU2503.XSGE,2025-02-12 00:13:00,night,2025-02-11,night_2025-02-11,76700.0,76740.0,76700.0,76740.0,47.0,18031750.0,178156.0
CU,CU2503.XSGE,2025-02-12 00:14:00,night,2025-02-11,night_2025-02-11,76740.0,76780.0,76740.0,76780.0,107.0,41066650.0,178129.0
CU,CU2503.XSGE,2025-02-12 00:15:00,night,2025-02-11,night_2025-02-11,76790.0,76790.0,76770.0,76780.0,37.0,14203800.0,178142.0
CU,CU2503.XSGE,2025-02-12 00:16:00,night,2025-02-11,night_2025-02-11,76780.0,76790.0,76770.0,76790.0,30.0,11517650.0,178139.0
CU,CU2503.XSGE,2025-02-12 00:17:00,night,2025-02-11,night_2025-02-11,76780.0,76830.0,76780.0,76830.0,93.0,35708700.0,178173.0
CU,CU2503.XSGE,2025-02-12 00:18:00,night,2025-02-11,night_2025-02-11,76810.0,76830.0,76810.0,76820.0,56.0,21511200.0,178183.0
CU,CU2503.XSGE,2025-02-12 00:19:00,night,2025-02-11,night_2025-02-11,76820.0,76850.0,76820.0,76850.0,115.0,44182050.0,178197.0
CU,CU2503.XSGE,2025-02-12 00:20:00,night,2025-02-11,night_2025-02-11,76850.0,76850.0,76820.0,76840.0,61.0,23433600.0,178181.0
CU,CU2503.XSGE,2025-02-12 00:21:00,night,2025-02-11,night_2025-02-11,76830.0,76860.0,76830.0,76830.0,88.0,33812300.0,178150.0
CU,CU2503.XSGE,2025-02-12 00:22:00,night,2025-02-11,night_2025-02-11,76830.0,76850.0,76830.0,76850.0,12.0,4610350.0,178150.0
CU,CU2503.XSGE,2025-02-12 00:23:00,night,2025-02-11,night_2025-02-11,76840.0,76860.0,76840.0,76850.0,19.0,7300900.0,178151.0
CU,CU2503.XSGE,2025-02-12 00:24:00,night,2025-02-11,night_2025-02-11,76840.0,76860.0,76840.0,76850.0,58.0,22285500.0,178158.0
CU,CU2503.XSGE,2025-02-12 00:25:00,night,2025-02-11,night_2025-02-11,76850.0,76850.0,76830.0,76830.0,12.0,4610450.0,178160.0
CU,CU2503.XSGE,2025-02-12 00:26:00,night,2025-02-11,night_2025-02-11,76840.0,76850.0,76820.0,76850.0,19.0,7299500.0,178155.0
CU,CU2503.XSGE,2025-02-12 00:27:00,night,2025-02-11,night_2025-02-11,76840.0,76840.0,76830.0,76830.0,4.0,1536650.0,178154.0
CU,CU2503.XSGE,2025-02-12 00:28:00,night,2025-02-11,night_2025-02-11,76830.0,76840.0,76830.0,76830.0,11.0,4225750.0,178158.0
CU,CU2503.XSGE,2025-02-12 00:29:00,night,2025-02-11,night_2025-02-11,76830.0,76830.0,76820.0,76820.0,24.0,9218800.0,178159.0
CU,CU2503.XSGE,2025-02-12 00:30:00,night,2025-02-11,night_2025-02-11,76820.0,76840.0,76820.0,76840.0,11.0,4225700.0,178153.0
CU,CU2503.XSGE,2025-02-12 00:31:00,night,2025-02-11,night_2025-02-11,76830.0,76830.0,76810.0,76810.0,8.0,3072950.0,178151.0
CU,CU2503.XSGE,2025-02-12 00:32:00,night,2025-02-11,night_2025-02-11,76810.0,76820.0,76800.0,76800.0,10.0,3840350.0,178147.0
CU,CU2503.XSGE,2025-02-12 00:33:00,night,2025-02-11,night_2025-02-11,76800.0,76820.0,76800.0,76800.0,11.0,4224150.0,178141.0
CU,CU2503.XSGE,2025-02-12 00:34:00,night,2025-02-11,night_2025-02-11,76790.0,76790.0,76770.0,76770.0,69.0,26487300.0,178115.0
CU,CU2503.XSGE,2025-02-12 00:35:00,night,2025-02-11,night_2025-02-11,76770.0,76770.0,76750.0,76770.0,52.0,19958400.0,178097.0
CU,CU2503.XSGE,2025-02-12 00:36:00,night,2025-02-11,night_2025-02-11,76770.0,76800.0,76770.0,76790.0,48.0,18428000.0,178100.0
CU,CU2503.XSGE,2025-02-12 00:37:00,night,2025-02-11,night_2025-02-11,76790.0,76790.0,76770.0,76770.0,30.0,11517800.0,178101.0
CU,CU2503.XSGE,2025-02-12 00:38:00,night,2025-02-11,night_2025-02-11,76760.0,76770.0,76750.0,76770.0,24.0,9211650.0,178097.0
CU,CU2503.XSGE,2025-02-12 00:39:00,night,2025-02-11,night_2025-02-11,76790.0,76790.0,76780.0,76780.0,10.0,3839150.0,178096.0
CU,CU2503.XSGE,2025-02-12 00:40:00,night,2025-02-11,night_2025-02-11,76780.0,76780.0,76770.0,76780.0,15.0,5758000.0,178106.0
CU,CU2503.XSGE,2025-02-12 00:41:00,night,2025-02-11,night_2025-02-11,76770.0,76780.0,76770.0,76780.0,19.0,7293400.0,178107.0
CU,CU2503.XSGE,2025-02-12 00:42:00,night,2025-02-11,night_2025-02-11,76780.0,76780.0,76760.0,76770.0,17.0,6525150.0,178101.0
CU,CU2503.XSGE,2025-02-12 00:43:00,night,2025-02-11,night_2025-02-11,76770.0,76770.0,76760.0,76770.0,35.0,13434000.0,178112.0
CU,CU2503.XSGE,2025-02-12 00:44:00,night,2025-02-11,night_2025-02-11,76760.0,76770.0,76760.0,76760.0,31.0,11898600.0,178118.0
CU,CU2503.XSGE,2025-02-12 00:45:00,night,2025-02-11,night_2025-02-11,76750.0,76760.0,76740.0,76760.0,35.0,13431250.0,178130.0
CU,CU2503.XSGE,2025-02-12 00:46:00,night,2025-02-11,night_2025-02-11,76760.0,76800.0,76750.0,76780.0,72.0,27639250.0,178162.0
CU,CU2503.XSGE,2025-02-12 00:47:00,night,2025-02-11,night_2025-02-11,76780.0,76800.0,76780.0,76800.0,8.0,3071550.0,178166.0
CU,CU2503.XSGE,2025-02-12 00:48:00,night,2025-02-11,night_2025-02-11,76800.0,76820.0,76800.0,76820.0,35.0,13441850.0,178178.0
CU,CU2503.XSGE,2025-02-12 00:49:00,night,2025-02-11,night_2025-02-11,76820.0,76840.0,76820.0,76840.0,48.0,18438650.0,178180.0
CU,CU2503.XSGE,2025-02-12 00:50:00,night,2025-02-11,night_2025-02-11,76840.0,76850.0,76820.0,76820.0,45.0,17288900.0,178173.0
CU,CU2503.XSGE,2025-02-12 00:51:00,night,2025-02-11,night_2025-02-11,76840.0,76840.0,76810.0,76830.0,99.0,38033250.0,178168.0
CU,CU2503.XSGE,2025-02-12 00:52:00,night,2025-02-11,night_2025-02-11,76830.0,76840.0,76830.0,76840.0,11.0,4225900.0,178169.0
CU,CU2503.XSGE,2025-02-12 00:53:00,night,2025-02-11,night_2025-02-11,76840.0,76840.0,76830.0,76840.0,9.0,3457750.0,178172.0
CU,CU2503.XSGE,2025-02-12 00:54:00,night,2025-02-11,night_2025-02-11,76830.0,76830.0,76820.0,76820.0,28.0,10755800.0,178159.0
CU,CU2503.XSGE,2025-02-12 00:55:00,night,2025-02-11,night_2025-02-11,76830.0,76830.0,76810.0,76810.0,22.0,8449850.0,178150.0
CU,CU2503.XSGE,2025-02-12 00:56:00,night,2025-02-11,night_2025-02-11,76810.0,76810.0,76770.0,76780.0,43.0,16508600.0,178131.0
CU,CU2503.XSGE,2025-02-12 00:57:00,night,2025-02-11,night_2025-02-11,76780.0,76810.0,76780.0,76800.0,36.0,13823450.0,178113.0
CU,CU2503.XSGE,2025-02-12 00:58:00,night,2025-02-11,night_2025-02-11,76790.0,76840.0,76790.0,76840.0,101.0,38793600.0,178076.0
CU,CU2503.XSGE,2025-02-12 00:59:00,night,2025-02-11,night_2025-02-11,76830.0,76830.0,76820.0,76820.0,45.0,17286200.0,178048.0
CU,CU2503.XSGE,2025-02-12 01:00:00,night,2025-02-11,night_2025-02-11,76820.0,76830.0,76770.0,76780.0,181.0,69517200.0,178026.0
CU,CU2503.XSGE,2025-02-12 09:01:00,day,2025-02-12,day_2025-02-12,76760.0,76820.0,76750.0,76790.0,524.0,201188100.0,178112.0
CU,CU2503.XSGE,2025-02-12 09:02:00,day,2025-02-12,day_2025-02-12,76790.0,76800.0,76770.0,76780.0,197.0,75633400.0,178091.0
CU,CU2503.XSGE,2025-02-12 09:03:00,day,2025-02-12,day_2025-02-12,76780.0,76780.0,76730.0,76740.0,135.0,51809800.0,178098.0
CU,CU2503.XSGE,2025-02-12 09:04:00,day,2025-02-12,day_2025-02-12,76740.0,76740.0,76710.0,76720.0,298.0,114324500.0,178125.0
CU,CU2503.XSGE,2025-02-12 09:05:00,day,2025-02-12,day_2025-02-12,76720.0,76740.0,76710.0,76720.0,93.0,35676050.0,178113.0
CU,CU2503.XSGE,2025-02-12 09:06:00,day,2025-02-12,day_2025-02-12,76730.0,76750.0,76720.0,76750.0,56.0,21488050.0,178104.0
CU,CU2503.XSGE,2025-02-12 09:07:00,day,2025-02-12,day_2025-02-12,76750.0,76760.0,76720.0,76730.0,121.0,46431500.0,178076.0
CU,CU2503.XSGE,2025-02-12 09:08:00,day,2025-02-12,day_2025-02-12,76730.0,76740.0,76710.0,76710.0,63.0,24168350.0,178070.0
CU,CU2503.XSGE,2025-02-12 09:09:00,day,2025-02-12,day_2025-02-12,76710.0,76730.0,76690.0,76690.0,193.0,74018350.0,178032.0
CU,CU2503.XSGE,2025-02-12 09:10:00,day,2025-02-12,day_2025-02-12,76680.0,76720.0,76680.0,76710.0,199.0,76314550.0,178025.0
CU,CU2503.XSGE,2025-02-12 09:11:00,day,2025-02-12,day_2025-02-12,76720.0,76730.0,76690.0,76720.0,78.0,29916450.0,178025.0
CU,CU2503.XSGE,2025-02-12 09:12:00,day,2025-02-12,day_2025-02-12,76720.0,76730.0,76710.0,76720.0,144.0,55241650.0,178017.0
CU,CU2503.XSGE,2025-02-12 09:13:00,day,2025-02-12,day_2025-02-12,76730.0,76740.0,76720.0,76740.0,141.0,54093000.0,178020.0
CU,CU2503.XSGE,2025-02-12 09:14:00,day,2025-02-12,day_2025-02-12,76730.0,76750.0,76720.0,76750.0,92.0,35298950.0,178016.0
CU,CU2503.XSGE,2025-02-12 09:15:00,day,2025-02-12,day_2025-02-12,76740.0,76770.0,76730.0,76730.0,178.0,68312550.0,177985.0
CU,CU2503.XSGE,2025-02-12 09:16:00,day,2025-02-12,day_2025-02-12,76740.0,76770.0,76740.0,76770.0,121.0,46436200.0,177957.0
CU,CU2503.XSGE,2025-02-12 09:17:00,day,2025-02-12,day_2025-02-12,76770.0,76780.0,76760.0,76760.0,80.0,30709600.0,177924.0
CU,CU2503.XSGE,2025-02-12 09:18:00,day,2025-02-12,day_2025-02-12,76760.0,76790.0,76750.0,76760.0,86.0,33010000.0,177906.0
CU,CU2503.XSGE,2025-02-12 09:19:00,day,2025-02-12,day_2025-02-12,76760.0,76770.0,76750.0,76760.0,91.0,34928600.0,177871.0
CU,CU2503.XSGE,2025-02-12 09:20:00,day,2025-02-12,day_2025-02-12,76760.0,76770.0,76750.0,76770.0,32.0,12282500.0,177860.0
CU,CU2503.XSGE,2025-02-12 09:21:00,day,2025-02-12,day_2025-02-12,76770.0,76770.0,76750.0,76760.0,101.0,38763850.0,177882.0
CU,CU2503.XSGE,2025-02-12 09:22:00,day,2025-02-12,day_2025-02-12,76770.0,76770.0,76750.0,76760.0,39.0,14969500.0,177862.0
CU,CU2503.XSGE,2025-02-12 09:23:00,day,2025-02-12,day_2025-02-12,76760.0,76800.0,76760.0,76800.0,84.0,32248350.0,177858.0
CU,CU2503.XSGE,2025-02-12 09:24:00,day,2025-02-12,day_2025-02-12,76800.0,76800.0,76790.0,76800.0,29.0,11135250.0,177847.0
CU,CU2503.XSGE,2025-02-12 09:25:00,day,2025-02-12,day_2025-02-12,76790.0,76790.0,76760.0,76770.0,134.0,51436900.0,177813.0
CU,CU2503.XSGE,2025-02-12 09:26:00,day,2025-02-12,day_2025-02-12,76780.0,76780.0,76750.0,76770.0,120.0,46058800.0,177773.0
CU,CU2503.XSGE,2025-02-12 09:27:00,day,2025-02-12,day_2025-02-12,76770.0,76780.0,76750.0,76760.0,132.0,50668550.0,177818.0
CU,CU2503.XSGE,2025-02-12 09:28:00,day,2025-02-12,day_2025-02-12,76760.0,76770.0,76750.0,76750.0,50.0,19190700.0,177837.0
CU,CU2503.XSGE,2025-02-12 09:29:00,day,2025-02-12,day_2025-02-12,76760.0,76760.0,76720.0,76730.0,213.0,81723200.0,177887.0
CU,CU2503.XSGE,2025-02-12 09:30:00,day,2025-02-12,day_2025-02-12,76730.0,76730.0,76710.0,76710.0,56.0,21482050.0,177869.0
CU,CU2503.XSGE,2025-02-12 09:31:00,day,2025-02-12,day_2025-02-12,76710.0,76720.0,76700.0,76710.0,86.0,32985850.0,177887.0
CU,CU2503.XSGE,2025-02-12 09:32:00,day,2025-02-12,day_2025-02-12,76720.0,76730.0,76710.0,76730.0,177.0,67897400.0,177846.0
CU,CU2503.XSGE,2025-02-12 09:33:00,day,2025-02-12,day_2025-02-12,76730.0,76790.0,76720.0,76790.0,121.0,46433200.0,177849.0
CU,CU2503.XSGE,2025-02-12 09:34:00,day,2025-02-12,day_2025-02-12,76790.0,76850.0,76780.0,76840.0,1104.0,424033700.0,177454.0
CU,CU2503.XSGE,2025-02-12 09:35:00,day,2025-02-12,day_2025-02-12,76840.0,76850.0,76820.0,76830.0,281.0,107954150.0,177475.0
CU,CU2503.XSGE,2025-02-12 09:36:00,day,2025-02-12,day_2025-02-12,76830.0,76860.0,76800.0,76830.0,380.0,145967800.0,177599.0
CU,CU2503.XSGE,2025-02-12 09:37:00,day,2025-02-12,day_2025-02-12,76820.0,76830.0,76810.0,76810.0,83.0,31879750.0,177593.0
CU,CU2503.XSGE,2025-02-12 09:38:00,day,2025-02-12,day_2025-02-12,76820.0,76830.0,76790.0,76790.0,80.0,30723250.0,177619.0
CU,CU2503.XSGE,2025-02-12 09:39:00,day,2025-02-12,day_2025-02-12,76790.0,76810.0,76790.0,76800.0,123.0,47227950.0,177593.0
CU,CU2503.XSGE,2025-02-12 09:40:00,day,2025-02-12,day_2025-02-12,76800.0,76840.0,76790.0,76830.0,230.0,88348500.0,177598.0
CU,CU2503.XSGE,2025-02-12 09:41:00,day,2025-02-12,day_2025-02-12,76820.0,76850.0,76820.0,76850.0,78.0,29966600.0,177582.0
CU,CU2503.XSGE,2025-02-12 09:42:00,day,2025-02-12,day_2025-02-12,76840.0,76850.0,76810.0,76810.0,63.0,24203150.0,177560.0
CU,CU2503.XSGE,2025-02-12 09:43:00,day,2025-02-12,day_2025-02-12,76810.0,76840.0,76810.0,76820.0,206.0,79132050.0,177594.0
CU,CU2503.XSGE,2025-02-12 09:44:00,day,2025-02-12,day_2025-02-12,76820.0,76830.0,76790.0,76810.0,359.0,137884850.0,177590.0
CU,CU2503.XSGE,2025-02-12 09:45:00,day,2025-02-12,day_2025-02-12,76820.0,76840.0,76800.0,76830.0,256.0,98329500.0,177666.0
CU,CU2503.XSGE,2025-02-12 09:46:00,day,2025-02-12,day_2025-02-12,76830.0,76830.0,76800.0,76810.0,67.0,25734650.0,177669.0
CU,CU2503.XSGE,2025-02-12 09:47:00,day,2025-02-12,day_2025-02-12,76820.0,76820.0,76800.0,76810.0,79.0,30339700.0,177684.0
CU,CU2503.XSGE,2025-02-12 09:48:00,day,2025-02-12,day_2025-02-12,76810.0,76830.0,76810.0,76820.0,245.0,94102000.0,177692.0
CU,CU2503.XSGE,2025-02-12 09:49:00,day,2025-02-12,day_2025-02-12,76810.0,76850.0,76810.0,76850.0,354.0,135986300.0,177754.0
CU,CU2503.XSGE,2025-02-12 09:50:00,day,2025-02-12,day_2025-02-12,76850.0,76850.0,76830.0,76830.0,35.0,13446050.0,177760.0
CU,CU2503.XSGE,2025-02-12 09:51:00,day,2025-02-12,day_2025-02-12,76830.0,76840.0,76820.0,76830.0,95.0,36493700.0,177777.0
CU,CU2503.XSGE,2025-02-12 09:52:00,day,2025-02-12,day_2025-02-12,76820.0,76830.0,76800.0,76800.0,401.0,154012700.0,177742.0
CU,CU2503.XSGE,2025-02-12 09:53:00,day,2025-02-12,day_2025-02-12,76820.0,76840.0,76820.0,76830.0,76.0,29192450.0,177715.0
CU,CU2503.XSGE,2025-02-12 09:54:00,day,2025-02-12,day_2025-02-12,76830.0,76840.0,76830.0,76840.0,85.0,32655850.0,177704.0
CU,CU2503.XSGE,2025-02-12 09:55:00,day,2025-02-12,day_2025-02-12,76850.0,76860.0,76840.0,76850.0,107.0,41114350.0,177715.0
CU,CU2503.XSGE,2025-02-12 09:56:00,day,2025-02-12,day_2025-02-12,76830.0,76860.0,76830.0,76860.0,174.0,66852900.0,177762.0
CU,CU2503.XSGE,2025-02-12 09:57:00,day,2025-02-12,day_2025-02-12,76860.0,76870.0,76830.0,76840.0,119.0,45722950.0,177741.0
CU,CU2503.XSGE,2025-02-12 09:58:00,day,2025-02-12,day_2025-02-12,76850.0,76860.0,76840.0,76850.0,188.0,72244950.0,177792.0
CU,CU2503.XSGE,2025-02-12 09:59:00,day,2025-02-12,day_2025-02-12,76860.0,76870.0,76850.0,76870.0,116.0,44581050.0,177743.0
CU,CU2503.XSGE,2025-02-12 10:00:00,day,2025-02-12,day_2025-02-12,76870.0,76880.0,76850.0,76850.0,200.0,76865200.0,177728.0
CU,CU2503.XSGE,2025-02-12 10:01:00,day,2025-02-12,day_2025-02-12,76850.0,76880.0,76850.0,76880.0,106.0,40740850.0,177728.0
CU,CU2503.XSGE,2025-02-12 10:02:00,day,2025-02-12,day_2025-02-12,76870.0,76880.0,76860.0,76870.0,98.0,37666450.0,177740.0
CU,CU2503.XSGE,2025-02-12 10:03:00,day,2025-02-12,day_2025-02-12,76870.0,76900.0,76860.0,76870.0,198.0,76118150.0,177782.0
CU,CU2503.XSGE,2025-02-12 10:04:00,day,2025-02-12,day_2025-02-12,76870.0,76890.0,76870.0,76880.0,61.0,23448750.0,177800.0
CU,CU2503.XSGE,2025-02-12 10:05:00,day,2025-02-12,day_2025-02-12,76880.0,76900.0,76880.0,76890.0,92.0,35369600.0,177799.0
CU,CU2503.XSGE,2025-02-12 10:06:00,day,2025-02-12,day_2025-02-12,76900.0,76950.0,76900.0,76920.0,358.0,137684350.0,177870.0
CU,CU2503.XSGE,2025-02-12 10:07:00,day,2025-02-12,day_2025-02-12,76920.0,76930.0,76880.0,76890.0,197.0,75753500.0,177874.0
CU,CU2503.XSGE,2025-02-12 10:08:00,day,2025-02-12,day_2025-02-12,76900.0,76900.0,76880.0,76900.0,151.0,58054200.0,177938.0
CU,CU2503.XSGE,2025-02-12 10:09:00,day,2025-02-12,day_2025-02-12,76910.0,76920.0,76890.0,76890.0,144.0,55370200.0,177981.0
CU,CU2503.XSGE,2025-02-12 10:10:00,day,2025-02-12,day_2025-02-12,76900.0,76900.0,76870.0,76880.0,165.0,63426300.0,178042.0
CU,CU2503.XSGE,2025-02-12 10:11:00,day,2025-02-12,day_2025-02-12,76880.0,76890.0,76860.0,76870.0,153.0,58812100.0,178089.0
CU,CU2503.XSGE,2025-02-12 10:12:00,day,2025-02-12,day_2025-02-12,76870.0,76880.0,76860.0,76860.0,102.0,39203300.0,178107.0
CU,CU2503.XSGE,2025-02-12 10:13:00,day,2025-02-12,day_2025-02-12,76860.0,76890.0,76860.0,76880.0,162.0,62267600.0,178088.0
CU,CU2503.XSGE,2025-02-12 10:14:00,day,2025-02-12,day_2025-02-12,76880.0,76900.0,76880.0,76890.0,122.0,46902000.0,178056.0
CU,CU2503.XSGE,2025-02-12 10:15:00,day,2025-02-12,day_2025-02-12,76890.0,76950.0,76880.0,76950.0,263.0,101127000.0,178009.0
CU,CU2503.XSGE,2025-02-12 10:31:00,day,2025-02-12,day_2025-02-12,76950.0,76960.0,76930.0,76930.0,242.0,93104950.0,178024.0
CU,CU2503.XSGE,2025-02-12 10:32:00,day,2025-02-12,day_2025-02-12,76940.0,76950.0,76920.0,76940.0,143.0,55014200.0,178078.0
CU,CU2503.XSGE,2025-02-12 10:33:00,day,2025-02-12,day_2025-02-12,76940.0,76950.0,76920.0,76920.0,374.0,143861750.0,178118.0
CU,CU2503.XSGE,2025-02-12 10:34:00,day,2025-02-12,day_2025-02-12,76920.0,76950.0,76920.0,76950.0,251.0,96559350.0,178222.0
CU,CU2503.XSGE,2025-02-12 10:35:00,day,2025-02-12,day_2025-02-12,76950.0,76980.0,76940.0,76960.0,333.0,128136150.0,178320.0
CU,CU2503.XSGE,2025-02-12 10:36:00,day,2025-02-12,day_2025-02-12,76970.0,76990.0,76950.0,76980.0,230.0,88519600.0,178371.0
CU,CU2503.XSGE,2025-02-12 10:37:00,day,2025-02-12,day_2025-02-12,76980.0,77010.0,76980.0,77010.0,354.0,136271950.0,178419.0
CU,CU2503.XSGE,2025-02-12 10:38:00,day,2025-02-12,day_2025-02-12,77000.0,77010.0,76980.0,76990.0,348.0,133966550.0,178527.0
CU,CU2503.XSGE,2025-02-12 10:39:00,day,2025-02-12,day_2025-02-12,76990.0,76990.0,76970.0,76970.0,365.0,140485950.0,178472.0
CU,CU2503.XSGE,2025-02-12 10:40:00,day,2025-02-12,day_2025-02-12,76970.0,77020.0,76970.0,77010.0,379.0,145892800.0,178600.0
CU,CU2503.XSGE,2025-02-12 10:41:00,day,2025-02-12,day_2025-02-12,77010.0,77030.0,77000.0,77020.0,478.0,184059800.0,178844.0
CU,CU2503.XSGE,2025-02-12 10:42:00,day,2025-02-12,day_2025-02-12,77010.0,77030.0,77000.0,77020.0,295.0,113584150.0,178885.0
CU,CU2503.XSGE,2025-02-12 10:43:00,day,2025-02-12,day_2025-02-12,77010.0,77030.0,77010.0,77020.0,126.0,48522100.0,178904.0
CU,CU2503.XSGE,2025-02-12 10:44:00,day,2025-02-12,day_2025-02-12,77020.0,77030.0,77010.0,77030.0,273.0,105133050.0,178967.0
CU,CU2503.XSGE,2025-02-12 10:45:00,day,2025-02-12,day_2025-02-12,77030.0,77050.0,77020.0,77040.0,264.0,101685150.0,179025.0
CU,CU2503.XSGE,2025-02-12 10:46:00,day,2025-02-12,day_2025-02-12,77050.0,77050.0,77030.0,77030.0,115.0,44298450.0,179071.0
CU,CU2503.XSGE,2025-02-12 10:47:00,day,2025-02-12,day_2025-02-12,77040.0,77050.0,77030.0,77040.0,190.0,73185950.0,179112.0
CU,CU2503.XSGE,2025-02-12 10:48:00,day,2025-02-12,day_2025-02-12,77020.0,77050.0,77010.0,77010.0,243.0,93591050.0,179154.0
CU,CU2503.XSGE,2025-02-12 10:49:00,day,2025-02-12,day_2025-02-12,77030.0,77040.0,77000.0,77020.0,300.0,115535200.0,179142.0
CU,CU2503.XSGE,2025-02-12 10:50:00,day,2025-02-12,day_2025-02-12,77020.0,77040.0,76990.0,77000.0,225.0,86641300.0,179101.0
CU,CU2503.XSGE,2025-02-12 10:51:00,day,2025-02-12,day_2025-02-12,77000.0,77020.0,76990.0,77010.0,203.0,78158550.0,179151.0
CU,CU2503.XSGE,2025-02-12 10:52:00,day,2025-02-12,day_2025-02-12,77000.0,77010.0,76990.0,77000.0,106.0,40809600.0,179159.0
CU,CU2503.XSGE,2025-02-12 10:53:00,day,2025-02-12,day_2025-02-12,77000.0,77000.0,76990.0,77000.0,114.0,43888700.0,179103.0
CU,CU2503.XSGE,2025-02-12 10:54:00,day,2025-02-12,day_2025-02-12,77000.0,77000.0,76950.0,76950.0,200.0,76969950.0,179058.0
CU,CU2503.XSGE,2025-02-12 10:55:00,day,2025-02-12,day_2025-02-12,76950.0,76970.0,76950.0,76960.0,220.0,84651100.0,179100.0
CU,CU2503.XSGE,2025-02-12 10:56:00,day,2025-02-12,day_2025-02-12,76960.0,76970.0,76930.0,76930.0,377.0,145055600.0,179088.0
CU,CU2503.XSGE,2025-02-12 10:57:00,day,2025-02-12,day_2025-02-12,76940.0,76950.0,76930.0,76930.0,218.0,83867700.0,178997.0
CU,CU2503.XSGE,2025-02-12 10:58:00,day,2025-02-12,day_2025-02-12,76940.0,76950.0,76920.0,76940.0,194.0,74629150.0,179035.0
CU,CU2503.XSGE,2025-02-12 10:59:00,day,2025-02-12,day_2025-02-12,76930.0,76950.0,76930.0,76940.0,37.0,14233550.0,179039.0
CU,CU2503.XSGE,2025-02-12 11:00:00,day,2025-02-12,day_2025-02-12,76930.0,76940.0,76910.0,76920.0,154.0,59232600.0,179079.0
CU,CU2503.XSGE,2025-02-12 11:01:00,day,2025-02-12,day_2025-02-12,76920.0,76920.0,76910.0,76910.0,74.0,28457850.0,179089.0
CU,CU2503.XSGE,2025-02-12 11:02:00,day,2025-02-12,day_2025-02-12,76920.0,76920.0,76900.0,76920.0,107.0,41147500.0,179061.0
CU,CU2503.XSGE,2025-02-12 11:03:00,day,2025-02-12,day_2025-02-12,76920.0,76950.0,76910.0,76940.0,234.0,90005700.0,179151.0
CU,CU2503.XSGE,2025-02-12 11:04:00,day,2025-02-12,day_2025-02-12,76930.0,76940.0,76920.0,76930.0,77.0,29617350.0,179180.0
CU,CU2503.XSGE,2025-02-12 11:05:00,day,2025-02-12,day_2025-02-12,76920.0,76930.0,76910.0,76930.0,253.0,97306500.0,179258.0
CU,CU2503.XSGE,2025-02-12 11:06:00,day,2025-02-12,day_2025-02-12,76930.0,76960.0,76930.0,76950.0,211.0,81181000.0,179226.0
CU,CU2503.XSGE,2025-02-12 11:07:00,day,2025-02-12,day_2025-02-12,76950.0,76980.0,76950.0,76980.0,248.0,95436800.0,179342.0
CU,CU2503.XSGE,2025-02-12 11:08:00,day,2025-02-12,day_2025-02-12,76980.0,77000.0,76980.0,77000.0,59.0,22712250.0,179359.0
CU,CU2503.XSGE,2025-02-12 11:09:00,day,2025-02-12,day_2025-02-12,76990.0,77000.0,76980.0,76980.0,350.0,134744900.0,179496.0
CU,CU2503.XSGE,2025-02-12 11:10:00,day,2025-02-12,day_2025-02-12,76990.0,77010.0,76980.0,77010.0,160.0,61598350.0,179570.0
CU,CU2503.XSGE,2025-02-12 11:11:00,day,2025-02-12,day_2025-02-12,76990.0,77020.0,76990.0,77010.0,222.0,85479650.0,179611.0
CU,CU2503.XSGE,2025-02-12 11:12:00,day,2025-02-12,day_2025-02-12,77000.0,77010.0,76980.0,76990.0,143.0,55054450.0,179617.0
CU,CU2503.XSGE,2025-02-12 11:13:00,day,2025-02-12,day_2025-02-12,76990.0,77000.0,76980.0,76990.0,119.0,45809800.0,179617.0
CU,CU2503.XSGE,2025-02-12 11:14:00,day,2025-02-12,day_2025-02-12,76990.0,77000.0,76980.0,76990.0,113.0,43500750.0,179621.0
CU,CU2503.XSGE,2025-02-12 11:15:00,day,2025-02-12,day_2025-02-12,76990.0,76990.0,76970.0,76980.0,71.0,27328850.0,179622.0
CU,CU2503.XSGE,2025-02-12 11:16:00,day,2025-02-12,day_2025-02-12,76990.0,76990.0,76950.0,76950.0,75.0,28862900.0,179626.0
CU,CU2503.XSGE,2025-02-12 11:17:00,day,2025-02-12,day_2025-02-12,76950.0,76960.0,76940.0,76960.0,218.0,83876950.0,179725.0
CU,CU2503.XSGE,2025-02-12 11:18:00,day,2025-02-12,day_2025-02-12,76940.0,76940.0,76910.0,76920.0,156.0,59998700.0,179683.0
CU,CU2503.XSGE,2025-02-12 11:19:00,day,2025-02-12,day_2025-02-12,76900.0,76920.0,76890.0,76900.0,124.0,47676550.0,179665.0
CU,CU2503.XSGE,2025-02-12 11:20:00,day,2025-02-12,day_2025-02-12,76890.0,76890.0,76880.0,76890.0,96.0,36905950.0,179622.0
CU,CU2503.XSGE,2025-02-12 11:21:00,day,2025-02-12,day_2025-02-12,76890.0,76900.0,76880.0,76890.0,122.0,46902450.0,179622.0
CU,CU2503.XSGE,2025-02-12 11:22:00,day,2025-02-12,day_2025-02-12,76890.0,76900.0,76880.0,76890.0,191.0,73435650.0,179619.0
CU,CU2503.XSGE,2025-02-12 11:23:00,day,2025-02-12,day_2025-02-12,76890.0,76900.0,76880.0,76890.0,64.0,24604800.0,179631.0
CU,CU2503.XSGE,2025-02-12 11:24:00,day,2025-02-12,day_2025-02-12,76890.0,76900.0,76880.0,76880.0,135.0,51903700.0,179642.0
CU,CU2503.XSGE,2025-02-12 11:25:00,day,2025-02-12,day_2025-02-12,76880.0,76900.0,76880.0,76900.0,69.0,26525700.0,179652.0
CU,CU2503.XSGE,2025-02-12 11:26:00,day,2025-02-12,day_2025-02-12,76890.0,76920.0,76890.0,76910.0,138.0,53064150.0,179714.0
CU,CU2503.XSGE,2025-02-12 11:27:00,day,2025-02-12,day_2025-02-12,76900.0,76910.0,76880.0,76880.0,91.0,34991250.0,179750.0
CU,CU2503.XSGE,2025-02-12 11:28:00,day,2025-02-12,day_2025-02-12,76890.0,76900.0,76870.0,76880.0,100.0,38441150.0,179819.0
CU,CU2503.XSGE,2025-02-12 11:29:00,day,2025-02-12,day_2025-02-12,76880.0,76890.0,76860.0,76860.0,180.0,69184850.0,179823.0
CU,CU2503.XSGE,2025-02-12 11:30:00,day,2025-02-12,day_2025-02-12,76860.0,76860.0,76790.0,76800.0,436.0,167463350.0,179831.0
CU,CU2503.XSGE,2025-02-12 13:31:00,day,2025-02-12,day_2025-02-12,76870.0,76870.0,76800.0,76810.0,681.0,261644950.0,179806.0
CU,CU2503.XSGE,2025-02-12 13:32:00,day,2025-02-12,day_2025-02-12,76810.0,76840.0,76810.0,76830.0,217.0,83360500.0,179776.0
CU,CU2503.XSGE,2025-02-12 13:33:00,day,2025-02-12,day_2025-02-12,76820.0,76830.0,76800.0,76800.0,202.0,77572900.0,179738.0
CU,CU2503.XSGE,2025-02-12 13:34:00,day,2025-02-12,day_2025-02-12,76800.0,76820.0,76790.0,76810.0,159.0,61059400.0,179706.0
CU,CU2503.XSGE,2025-02-12 13:35:00,day,2025-02-12,day_2025-02-12,76810.0,76860.0,76810.0,76850.0,213.0,81831000.0,179725.0
CU,CU2503.XSGE,2025-02-12 13:36:00,day,2025-02-12,day_2025-02-12,76850.0,76870.0,76840.0,76860.0,148.0,56872450.0,179784.0
CU,CU2503.XSGE,2025-02-12 13:37:00,day,2025-02-12,day_2025-02-12,76860.0,76870.0,76850.0,76860.0,51.0,19599900.0,179786.0
CU,CU2503.XSGE,2025-02-12 13:38:00,day,2025-02-12,day_2025-02-12,76850.0,76870.0,76850.0,76870.0,69.0,26517650.0,179810.0
CU,CU2503.XSGE,2025-02-12 13:39:00,day,2025-02-12,day_2025-02-12,76870.0,76890.0,76860.0,76870.0,97.0,37284350.0,179822.0
CU,CU2503.XSGE,2025-02-12 13:40:00,day,2025-02-12,day_2025-02-12,76860.0,76870.0,76860.0,76860.0,72.0,27671650.0,179856.0
CU,CU2503.XSGE,2025-02-12 13:41:00,day,2025-02-12,day_2025-02-12,76860.0,76900.0,76850.0,76900.0,311.0,119552100.0,179928.0
CU,CU2503.XSGE,2025-02-12 13:42:00,day,2025-02-12,day_2025-02-12,76900.0,76910.0,76890.0,76890.0,96.0,36912200.0,179964.0
CU,CU2503.XSGE,2025-02-12 13:43:00,day,2025-02-12,day_2025-02-12,76890.0,76930.0,76890.0,76930.0,362.0,139222500.0,180080.0
CU,CU2503.XSGE,2025-02-12 13:44:00,day,2025-02-12,day_2025-02-12,76920.0,76930.0,76910.0,76930.0,161.0,61924650.0,180119.0
CU,CU2503.XSGE,2025-02-12 13:45:00,day,2025-02-12,day_2025-02-12,76930.0,76950.0,76920.0,76930.0,221.0,85014250.0,180116.0
CU,CU2503.XSGE,2025-02-12 13:46:00,day,2025-02-12,day_2025-02-12,76930.0,76930.0,76890.0,76900.0,97.0,37297350.0,180149.0
CU,CU2503.XSGE,2025-02-12 13:47:00,day,2025-02-12,day_2025-02-12,76890.0,76910.0,76840.0,76840.0,182.0,69945000.0,180151.0
CU,CU2503.XSGE,2025-02-12 13:48:00,day,2025-02-12,day_2025-02-12,76840.0,76860.0,76840.0,76850.0,154.0,59174750.0,180153.0
CU,CU2503.XSGE,2025-02-12 13:49:00,day,2025-02-12,day_2025-02-12,76870.0,76870.0,76860.0,76870.0,312.0,119916550.0,180145.0
CU,CU2503.XSGE,2025-02-12 13:50:00,day,2025-02-12,day_2025-02-12,76860.0,76870.0,76850.0,76870.0,38.0,14604200.0,180167.0
CU,CU2503.XSGE,2025-02-12 13:51:00,day,2025-02-12,day_2025-02-12,76860.0,76870.0,76850.0,76860.0,52.0,19983800.0,180177.0
CU,CU2503.XSGE,2025-02-12 13:52:00,day,2025-02-12,day_2025-02-12,76870.0,76890.0,76870.0,76890.0,103.0,39593500.0,180170.0
CU,CU2503.XSGE,2025-02-12 13:53:00,day,2025-02-12,day_2025-02-12,76890.0,76890.0,76870.0,76880.0,45.0,17297650.0,180170.0
CU,CU2503.XSGE,2025-02-12 13:54:00,day,2025-02-12,day_2025-02-12,76880.0,76900.0,76870.0,76900.0,60.0,23065550.0,180173.0
CU,CU2503.XSGE,2025-02-12 13:55:00,day,2025-02-12,day_2025-02-12,76900.0,76920.0,76890.0,76920.0,158.0,60753050.0,180222.0
CU,CU2503.XSGE,2025-02-12 13:56:00,day,2025-02-12,day_2025-02-12,76920.0,76920.0,76900.0,76910.0,98.0,37685900.0,180252.0
CU,CU2503.XSGE,2025-02-12 13:57:00,day,2025-02-12,day_2025-02-12,76920.0,76940.0,76910.0,76930.0,81.0,31155100.0,180299.0
CU,CU2503.XSGE,2025-02-12 13:58:00,day,2025-02-12,day_2025-02-12,76930.0,76950.0,76930.0,76940.0,242.0,93099600.0,180358.0
CU,CU2503.XSGE,2025-02-12 13:59:00,day,2025-02-12,day_2025-02-12,76950.0,76950.0,76930.0,76950.0,156.0,60014850.0,180437.0
CU,CU2503.XSGE,2025-02-12 14:00:00,day,2025-02-12,day_2025-02-12,76950.0,76970.0,76940.0,76950.0,102.0,39246000.0,180440.0
CU,CU2503.XSGE,2025-02-12 14:01:00,day,2025-02-12,day_2025-02-12,76940.0,76970.0,76930.0,76960.0,391.0,150437550.0,180638.0
CU,CU2503.XSGE,2025-02-12 14:02:00,day,2025-02-12,day_2025-02-12,76960.0,76970.0,76950.0,76950.0,159.0,61186300.0,180658.0
CU,CU2503.XSGE,2025-02-12 14:03:00,day,2025-02-12,day_2025-02-12,76950.0,76950.0,76920.0,76920.0,145.0,55773250.0,180698.0
CU,CU2503.XSGE,2025-02-12 14:04:00,day,2025-02-12,day_2025-02-12,76920.0,76930.0,76900.0,76930.0,102.0,39225350.0,180703.0
CU,CU2503.XSGE,2025-02-12 14:05:00,day,2025-02-12,day_2025-02-12,76930.0,76930.0,76910.0,76920.0,88.0,33843600.0,180760.0
CU,CU2503.XSGE,2025-02-12 14:06:00,day,2025-02-12,day_2025-02-12,76930.0,76930.0,76920.0,76920.0,87.0,33462950.0,180791.0
CU,CU2503.XSGE,2025-02-12 14:07:00,day,2025-02-12,day_2025-02-12,76920.0,76930.0,76900.0,76910.0,87.0,33457050.0,180826.0
CU,CU2503.XSGE,2025-02-12 14:08:00,day,2025-02-12,day_2025-02-12,76900.0,76910.0,76890.0,76900.0,87.0,33451450.0,180820.0
CU,CU2503.XSGE,2025-02-12 14:09:00,day,2025-02-12,day_2025-02-12,76900.0,76910.0,76890.0,76900.0,48.0,18455250.0,180820.0
CU,CU2503.XSGE,2025-02-12 14:10:00,day,2025-02-12,day_2025-02-12,76910.0,76910.0,76890.0,76900.0,41.0,15764050.0,180811.0
CU,CU2503.XSGE,2025-02-12 14:11:00,day,2025-02-12,day_2025-02-12,76910.0,76910.0,76890.0,76910.0,84.0,32296250.0,180819.0
CU,CU2503.XSGE,2025-02-12 14:12:00,day,2025-02-12,day_2025-02-12,76900.0,76910.0,76900.0,76900.0,163.0,62676600.0,180829.0
CU,CU2503.XSGE,2025-02-12 14:13:00,day,2025-02-12,day_2025-02-12,76900.0,76910.0,76880.0,76880.0,243.0,93430350.0,180914.0
CU,CU2503.XSGE,2025-02-12 14:14:00,day,2025-02-12,day_2025-02-12,76880.0,76880.0,76860.0,76860.0,101.0,38817150.0,180867.0
CU,CU2503.XSGE,2025-02-12 14:15:00,day,2025-02-12,day_2025-02-12,76860.0,76870.0,76860.0,76860.0,106.0,40739600.0,180857.0
CU,CU2503.XSGE,2025-02-12 14:16:00,day,2025-02-12,day_2025-02-12,76870.0,76870.0,76850.0,76870.0,220.0,84544600.0,180896.0
CU,CU2503.XSGE,2025-02-12 14:17:00,day,2025-02-12,day_2025-02-12,76860.0,76880.0,76840.0,76840.0,147.0,56493350.0,180933.0
CU,CU2503.XSGE,2025-02-12 14:18:00,day,2025-02-12,day_2025-02-12,76850.0,76850.0,76820.0,76830.0,178.0,68377550.0,180904.0
CU,CU2503.XSGE,2025-02-12 14:19:00,day,2025-02-12,day_2025-02-12,76830.0,76850.0,76830.0,76840.0,31.0,11910050.0,180910.0
CU,CU2503.XSGE,2025-02-12 14:20:00,day,2025-02-12,day_2025-02-12,76830.0,76860.0,76830.0,76860.0,60.0,23053650.0,180900.0
CU,CU2503.XSGE,2025-02-12 14:21:00,day,2025-02-12,day_2025-02-12,76860.0,76860.0,76840.0,76860.0,198.0,76082450.0,180950.0
CU,CU2503.XSGE,2025-02-12 14:22:00,day,2025-02-12,day_2025-02-12,76860.0,76860.0,76830.0,76840.0,128.0,49181100.0,180996.0
CU,CU2503.XSGE,2025-02-12 14:23:00,day,2025-02-12,day_2025-02-12,76830.0,76830.0,76810.0,76820.0,133.0,51086950.0,181030.0
CU,CU2503.XSGE,2025-02-12 14:24:00,day,2025-02-12,day_2025-02-12,76820.0,76860.0,76820.0,76850.0,342.0,131400350.0,181107.0
CU,CU2503.XSGE,2025-02-12 14:25:00,day,2025-02-12,day_2025-02-12,76860.0,76890.0,76850.0,76890.0,133.0,51114200.0,181157.0
CU,CU2503.XSGE,2025-02-12 14:26:00,day,2025-02-12,day_2025-02-12,76880.0,76920.0,76870.0,76900.0,171.0,65742600.0,181185.0
CU,CU2503.XSGE,2025-02-12 14:27:00,day,2025-02-12,day_2025-02-12,76900.0,76910.0,76890.0,76890.0,226.0,86892400.0,181212.0
CU,CU2503.XSGE,2025-02-12 14:28:00,day,2025-02-12,day_2025-02-12,76900.0,76900.0,76880.0,76880.0,74.0,28447800.0,181256.0
CU,CU2503.XSGE,2025-02-12 14:29:00,day,2025-02-12,day_2025-02-12,76880.0,76890.0,76870.0,76870.0,59.0,22679500.0,181269.0
CU,CU2503.XSGE,2025-02-12 14:30:00,day,2025-02-12,day_2025-02-12,76880.0,76900.0,76870.0,76870.0,94.0,36132650.0,181322.0
CU,CU2503.XSGE,2025-02-12 14:31:00,day,2025-02-12,day_2025-02-12,76870.0,76880.0,76860.0,76870.0,45.0,17296000.0,181311.0
CU,CU2503.XSGE,2025-02-12 14:32:00,day,2025-02-12,day_2025-02-12,76880.0,76880.0,76830.0,76830.0,130.0,49949450.0,181314.0
CU,CU2503.XSGE,2025-02-12 14:33:00,day,2025-02-12,day_2025-02-12,76820.0,76850.0,76820.0,76840.0,124.0,47635350.0,181331.0
CU,CU2503.XSGE,2025-02-12 14:34:00,day,2025-02-12,day_2025-02-12,76840.0,76860.0,76840.0,76850.0,58.0,22285800.0,181315.0
CU,CU2503.XSGE,2025-02-12 14:35:00,day,2025-02-12,day_2025-02-12,76860.0,76860.0,76840.0,76840.0,34.0,13064000.0,181291.0
CU,CU2503.XSGE,2025-02-12 14:36:00,day,2025-02-12,day_2025-02-12,76850.0,76860.0,76840.0,76850.0,49.0,18827950.0,181274.0
CU,CU2503.XSGE,2025-02-12 14:37:00,day,2025-02-12,day_2025-02-12,76850.0,76890.0,76850.0,76890.0,42.0,16143200.0,181267.0
CU,CU2503.XSGE,2025-02-12 14:38:00,day,2025-02-12,day_2025-02-12,76890.0,76910.0,76890.0,76910.0,114.0,43831600.0,181283.0
CU,CU2503.XSGE,2025-02-12 14:39:00,day,2025-02-12,day_2025-02-12,76900.0,76910.0,76900.0,76900.0,58.0,22301350.0,181270.0
CU,CU2503.XSGE,2025-02-12 14:40:00,day,2025-02-12,day_2025-02-12,76910.0,76950.0,76890.0,76930.0,141.0,54228300.0,181290.0
CU,CU2503.XSGE,2025-02-12 14:41:00,day,2025-02-12,day_2025-02-12,76950.0,76980.0,76950.0,76970.0,243.0,93507650.0,181397.0
CU,CU2503.XSGE,2025-02-12 14:42:00,day,2025-02-12,day_2025-02-12,76970.0,76980.0,76950.0,76980.0,123.0,47334500.0,181449.0
CU,CU2503.XSGE,2025-02-12 14:43:00,day,2025-02-12,day_2025-02-12,76970.0,77000.0,76970.0,76980.0,270.0,103936800.0,181445.0
CU,CU2503.XSGE,2025-02-12 14:44:00,day,2025-02-12,day_2025-02-12,76990.0,77020.0,76990.0,77010.0,267.0,102796100.0,181455.0
CU,CU2503.XSGE,2025-02-12 14:45:00,day,2025-02-12,day_2025-02-12,76990.0,77030.0,76980.0,77030.0,149.0,57370900.0,181463.0
CU,CU2503.XSGE,2025-02-12 14:46:00,day,2025-02-12,day_2025-02-12,77040.0,77060.0,77030.0,77050.0,308.0,118653850.0,181526.0
CU,CU2503.XSGE,2025-02-12 14:47:00,day,2025-02-12,day_2025-02-12,77050.0,77050.0,77000.0,77000.0,117.0,45061700.0,181514.0
CU,CU2503.XSGE,2025-02-12 14:48:00,day,2025-02-12,day_2025-02-12,77010.0,77030.0,77000.0,77010.0,80.0,30803650.0,181500.0
CU,CU2503.XSGE,2025-02-12 14:49:00,day,2025-02-12,day_2025-02-12,77010.0,77020.0,77000.0,77000.0,139.0,53520250.0,181558.0
CU,CU2503.XSGE,2025-02-12 14:50:00,day,2025-02-12,day_2025-02-12,77000.0,77010.0,76990.0,77000.0,177.0,68144700.0,181583.0
CU,CU2503.XSGE,2025-02-12 14:51:00,day,2025-02-12,day_2025-02-12,77000.0,77000.0,76990.0,76990.0,68.0,26177300.0,181557.0
CU,CU2503.XSGE,2025-02-12 14:52:00,day,2025-02-12,day_2025-02-12,76990.0,77010.0,76960.0,76960.0,254.0,97776600.0,181589.0
CU,CU2503.XSGE,2025-02-12 14:53:00,day,2025-02-12,day_2025-02-12,76970.0,76980.0,76950.0,76980.0,101.0,38866300.0,181603.0
CU,CU2503.XSGE,2025-02-12 14:54:00,day,2025-02-12,day_2025-02-12,76980.0,77020.0,76970.0,77010.0,695.0,267572300.0,181206.0
CU,CU2503.XSGE,2025-02-12 14:55:00,day,2025-02-12,day_2025-02-12,77010.0,77030.0,76990.0,77020.0,42.0,16170900.0,181202.0
CU,CU2503.XSGE,2025-02-12 14:56:00,day,2025-02-12,day_2025-02-12,77030.0,77030.0,77010.0,77020.0,96.0,36970000.0,181177.0
CU,CU2503.XSGE,2025-02-12 14:57:00,day,2025-02-12,day_2025-02-12,77010.0,77040.0,77010.0,77030.0,136.0,52377750.0,181133.0
CU,CU2503.XSGE,2025-02-12 14:58:00,day,2025-02-12,day_2025-02-12,77020.0,77040.0,76990.0,76990.0,245.0,94328100.0,181096.0
CU,CU2503.XSGE,2025-02-12 14:59:00,day,2025-02-12,day_2025-02-12,76990.0,77000.0,76980.0,76990.0,255.0,98163900.0,181153.0
CU,CU2503.XSGE,2025-02-12 15:00:00,day,2025-02-12,day_2025-02-12,76990.0,77030.0,76980.0,77000.0,339.0,130459100.0,181212.0
CU,CU2503.XSGE,2025-02-12 21:01:00,night,2025-02-12,night_2025-02-12,77100.0,77150.0,77070.0,77120.0,937.0,361272700.0,180997.0
CU,CU2503.XSGE,2025-02-12 21:02:00,night,2025-02-12,night_2025-02-12,77120.0,77120.0,77050.0,77070.0,467.0,180004150.0,180902.0
CU,CU2503.XSGE,2025-02-12 21:03:00,night,2025-02-12,night_2025-02-12,77070.0,77090.0,77050.0,77050.0,231.0,89018450.0,180919.0
CU,CU2503.XSGE,2025-02-12 21:04:00,night,2025-02-12,night_2025-02-12,77050.0,77070.0,77030.0,77070.0,144.0,55480250.0,180904.0
CU,CU2503.XSGE,2025-02-12 21:05:00,night,2025-02-12,night_2025-02-12,77060.0,77100.0,77050.0,77100.0,123.0,47405200.0,180909.0
CU,CU2503.XSGE,2025-02-12 21:06:00,night,2025-02-12,night_2025-02-12,77110.0,77110.0,77070.0,77080.0,187.0,72076350.0,180878.0
CU,CU2503.XSGE,2025-02-12 21:07:00,night,2025-02-12,night_2025-02-12,77080.0,77100.0,77070.0,77090.0,117.0,45092900.0,180867.0
CU,CU2503.XSGE,2025-02-12 21:08:00,night,2025-02-12,night_2025-02-12,77100.0,77170.0,77100.0,77170.0,332.0,128056100.0,180800.0
CU,CU2503.XSGE,2025-02-12 21:09:00,night,2025-02-12,night_2025-02-12,77160.0,77190.0,77150.0,77180.0,459.0,177116900.0,180788.0
CU,CU2503.XSGE,2025-02-12 21:10:00,night,2025-02-12,night_2025-02-12,77180.0,77180.0,77160.0,77160.0,122.0,47075050.0,180805.0
CU,CU2503.XSGE,2025-02-12 21:11:00,night,2025-02-12,night_2025-02-12,77160.0,77170.0,77110.0,77140.0,356.0,137303600.0,180832.0
CU,CU2503.XSGE,2025-02-12 21:12:00,night,2025-02-12,night_2025-02-12,77140.0,77190.0,77140.0,77190.0,148.0,57110050.0,180835.0
CU,CU2503.XSGE,2025-02-12 21:13:00,night,2025-02-12,night_2025-02-12,77190.0,77190.0,77160.0,77170.0,108.0,41673600.0,180845.0
CU,CU2503.XSGE,2025-02-12 21:14:00,night,2025-02-12,night_2025-02-12,77160.0,77170.0,77150.0,77160.0,88.0,33950050.0,180847.0
CU,CU2503.XSGE,2025-02-12 21:15:00,night,2025-02-12,night_2025-02-12,77170.0,77170.0,77100.0,77110.0,227.0,87534000.0,180844.0
CU,CU2503.XSGE,2025-02-12 21:16:00,night,2025-02-12,night_2025-02-12,77110.0,77120.0,77100.0,77100.0,183.0,70551750.0,180770.0
CU,CU2503.XSGE,2025-02-12 21:17:00,night,2025-02-12,night_2025-02-12,77110.0,77130.0,77110.0,77120.0,66.0,25450050.0,180773.0
CU,CU2503.XSGE,2025-02-12 21:18:00,night,2025-02-12,night_2025-02-12,77140.0,77140.0,77110.0,77120.0,144.0,55533300.0,180800.0
CU,CU2503.XSGE,2025-02-12 21:19:00,night,2025-02-12,night_2025-02-12,77110.0,77110.0,77070.0,77080.0,233.0,89805150.0,180849.0
CU,CU2503.XSGE,2025-02-12 21:20:00,night,2025-02-12,night_2025-02-12,77080.0,77090.0,77070.0,77090.0,77.0,29675100.0,180846.0
CU,CU2503.XSGE,2025-02-12 21:21:00,night,2025-02-12,night_2025-02-12,77080.0,77120.0,77080.0,77120.0,131.0,50505650.0,180834.0
CU,CU2503.XSGE,2025-02-12 21:22:00,night,2025-02-12,night_2025-02-12,77130.0,77140.0,77120.0,77120.0,95.0,36635800.0,180857.0
CU,CU2503.XSGE,2025-02-12 21:23:00,night,2025-02-12,night_2025-02-12,77120.0,77140.0,77120.0,77130.0,105.0,40492350.0,180882.0
CU,CU2503.XSGE,2025-02-12 21:24:00,night,2025-02-12,night_2025-02-12,77130.0,77140.0,77120.0,77120.0,69.0,26610100.0,180890.0
CU,CU2503.XSGE,2025-02-12 21:25:00,night,2025-02-12,night_2025-02-12,77110.0,77140.0,77100.0,77140.0,180.0,69409500.0,180835.0
CU,CU2503.XSGE,2025-02-12 21:26:00,night,2025-02-12,night_2025-02-12,77130.0,77150.0,77130.0,77140.0,49.0,18899150.0,180842.0
CU,CU2503.XSGE,2025-02-12 21:27:00,night,2025-02-12,night_2025-02-12,77150.0,77160.0,77130.0,77150.0,85.0,32788350.0,180840.0
CU,CU2503.XSGE,2025-02-12 21:28:00,night,2025-02-12,night_2025-02-12,77150.0,77150.0,77140.0,77150.0,51.0,19673200.0,180835.0
CU,CU2503.XSGE,2025-02-12 21:29:00,night,2025-02-12,night_2025-02-12,77150.0,77190.0,77150.0,77180.0,141.0,54406650.0,180890.0
CU,CU2503.XSGE,2025-02-12 21:30:00,night,2025-02-12,night_2025-02-12,77180.0,77190.0,77170.0,77180.0,122.0,47080200.0,180940.0
CU,CU2503.XSGE,2025-02-12 21:31:00,night,2025-02-12,night_2025-02-12,77160.0,77160.0,77010.0,77020.0,1138.0,438631850.0,181065.0
CU,CU2503.XSGE,2025-02-12 21:32:00,night,2025-02-12,night_2025-02-12,77020.0,77080.0,77020.0,77080.0,152.0,58553700.0,181034.0
CU,CU2503.XSGE,2025-02-12 21:33:00,night,2025-02-12,night_2025-02-12,77080.0,77080.0,77030.0,77040.0,112.0,43151300.0,181007.0
CU,CU2503.XSGE,2025-02-12 21:34:00,night,2025-02-12,night_2025-02-12,77030.0,77040.0,77010.0,77020.0,200.0,77023450.0,180948.0
CU,CU2503.XSGE,2025-02-12 21:35:00,night,2025-02-12,night_2025-02-12,77030.0,77040.0,76970.0,76990.0,306.0,117807250.0,180933.0
CU,CU2503.XSGE,2025-02-12 21:36:00,night,2025-02-12,night_2025-02-12,77000.0,77020.0,76980.0,77010.0,256.0,98561850.0,180856.0
CU,CU2503.XSGE,2025-02-12 21:37:00,night,2025-02-12,night_2025-02-12,77000.0,77050.0,76990.0,77050.0,195.0,75103650.0,180781.0
CU,CU2503.XSGE,2025-02-12 21:38:00,night,2025-02-12,night_2025-02-12,77040.0,77040.0,77000.0,77020.0,91.0,35044150.0,180759.0
CU,CU2503.XSGE,2025-02-12 21:39:00,night,2025-02-12,night_2025-02-12,77010.0,77090.0,77010.0,77090.0,204.0,78590350.0,180692.0
CU,CU2503.XSGE,2025-02-12 21:40:00,night,2025-02-12,night_2025-02-12,77090.0,77110.0,77080.0,77090.0,113.0,43559250.0,180684.0
CU,CU2503.XSGE,2025-02-12 21:41:00,night,2025-02-12,night_2025-02-12,77080.0,77100.0,77070.0,77080.0,99.0,38156800.0,180674.0
CU,CU2503.XSGE,2025-02-12 21:42:00,night,2025-02-12,night_2025-02-12,77080.0,77090.0,77040.0,77050.0,90.0,34679200.0,180655.0
CU,CU2503.XSGE,2025-02-12 21:43:00,night,2025-02-12,night_2025-02-12,77050.0,77080.0,77040.0,77070.0,46.0,17724450.0,180643.0
CU,CU2503.XSGE,2025-02-12 21:44:00,night,2025-02-12,night_2025-02-12,77060.0,77100.0,77060.0,77070.0,109.0,42011900.0,180621.0
CU,CU2503.XSGE,2025-02-12 21:45:00,night,2025-02-12,night_2025-02-12,77090.0,77110.0,77080.0,77110.0,61.0,23514150.0,180614.0
CU,CU2503.XSGE,2025-02-12 21:46:00,night,2025-02-12,night_2025-02-12,77100.0,77150.0,77100.0,77140.0,146.0,56308100.0,180616.0
CU,CU2503.XSGE,2025-02-12 21:47:00,night,2025-02-12,night_2025-02-12,77150.0,77150.0,77120.0,77120.0,85.0,32781600.0,180586.0
CU,CU2503.XSGE,2025-02-12 21:48:00,night,2025-02-12,night_2025-02-12,77120.0,77130.0,77110.0,77120.0,35.0,13494900.0,180597.0
CU,CU2503.XSGE,2025-02-12 21:49:00,night,2025-02-12,night_2025-02-12,77120.0,77120.0,77090.0,77100.0,37.0,14265100.0,180593.0
CU,CU2503.XSGE,2025-02-12 21:50:00,night,2025-02-12,night_2025-02-12,77110.0,77110.0,77080.0,77080.0,55.0,21202200.0,180596.0
CU,CU2503.XSGE,2025-02-12 21:51:00,night,2025-02-12,night_2025-02-12,77080.0,77080.0,77060.0,77060.0,51.0,19652600.0,180606.0
CU,CU2503.XSGE,2025-02-12 21:52:00,night,2025-02-12,night_2025-02-12,77050.0,77070.0,77040.0,77070.0,81.0,31206300.0,180594.0
CU,CU2503.XSGE,2025-02-12 21:53:00,night,2025-02-12,night_2025-02-12,77070.0,77070.0,77010.0,77020.0,188.0,72402050.0,180524.0
CU,CU2503.XSGE,2025-02-12 21:54:00,night,2025-02-12,night_2025-02-12,77020.0,77040.0,77000.0,77040.0,133.0,51218550.0,180489.0
CU,CU2503.XSGE,2025-02-12 21:55:00,night,2025-02-12,night_2025-02-12,77030.0,77060.0,77030.0,77060.0,99.0,38143250.0,180452.0
CU,CU2503.XSGE,2025-02-12 21:56:00,night,2025-02-12,night_2025-02-12,77060.0,77060.0,77050.0,77060.0,50.0,19264250.0,180477.0
CU,CU2503.XSGE,2025-02-12 21:57:00,night,2025-02-12,night_2025-02-12,77060.0,77090.0,77040.0,77040.0,61.0,23503100.0,180450.0
CU,CU2503.XSGE,2025-02-12 21:58:00,night,2025-02-12,night_2025-02-12,77040.0,77060.0,77030.0,77060.0,12.0,4622650.0,180451.0
CU,CU2503.XSGE,2025-02-12 21:59:00,night,2025-02-12,night_2025-02-12,77070.0,77090.0,77070.0,77080.0,21.0,8093000.0,180448.0
CU,CU2503.XSGE,2025-02-12 22:00:00,night,2025-02-12,night_2025-02-12,77090.0,77100.0,77070.0,77080.0,107.0,41243300.0,180423.0
CU,CU2503.XSGE,2025-02-12 22:01:00,night,2025-02-12,night_2025-02-12,77070.0,77080.0,77040.0,77050.0,74.0,28511100.0,180437.0
CU,CU2503.XSGE,2025-02-12 22:02:00,night,2025-02-12,night_2025-02-12,77050.0,77050.0,76990.0,76990.0,146.0,56217700.0,180496.0
CU,CU2503.XSGE,2025-02-12 22:03:00,night,2025-02-12,night_2025-02-12,77000.0,77000.0,76940.0,76960.0,369.0,142016100.0,180487.0
CU,CU2503.XSGE,2025-02-12 22:04:00,night,2025-02-12,night_2025-02-12,76960.0,76970.0,76930.0,76950.0,152.0,58478900.0,180468.0
CU,CU2503.XSGE,2025-02-12 22:05:00,night,2025-02-12,night_2025-02-12,76960.0,76980.0,76950.0,76980.0,73.0,28090650.0,180440.0
CU,CU2503.XSGE,2025-02-12 22:06:00,night,2025-02-12,night_2025-02-12,76980.0,77000.0,76980.0,76990.0,33.0,12703150.0,180442.0
CU,CU2503.XSGE,2025-02-12 22:07:00,night,2025-02-12,night_2025-02-12,76990.0,77000.0,76960.0,76990.0,58.0,22325650.0,180448.0
CU,CU2503.XSGE,2025-02-12 22:08:00,night,2025-02-12,night_2025-02-12,76990.0,77010.0,76990.0,77010.0,43.0,16554750.0,180454.0
CU,CU2503.XSGE,2025-02-12 22:09:00,night,2025-02-12,night_2025-02-12,77010.0,77030.0,77000.0,77020.0,48.0,18483850.0,180441.0
CU,CU2503.XSGE,2025-02-12 22:10:00,night,2025-02-12,night_2025-02-12,77020.0,77030.0,77010.0,77030.0,80.0,30810000.0,180441.0
CU,CU2503.XSGE,2025-02-12 22:11:00,night,2025-02-12,night_2025-02-12,77030.0,77050.0,77010.0,77050.0,91.0,35050400.0,180450.0
CU,CU2503.XSGE,2025-02-12 22:12:00,night,2025-02-12,night_2025-02-12,77050.0,77070.0,77050.0,77050.0,110.0,42382900.0,180456.0
CU,CU2503.XSGE,2025-02-12 22:13:00,night,2025-02-12,night_2025-02-12,77050.0,77060.0,77050.0,77060.0,45.0,17337100.0,180459.0
CU,CU2503.XSGE,2025-02-12 22:14:00,night,2025-02-12,night_2025-02-12,77060.0,77060.0,77040.0,77060.0,64.0,24656700.0,180473.0
CU,CU2503.XSGE,2025-02-12 22:15:00,night,2025-02-12,night_2025-02-12,77060.0,77120.0,77060.0,77100.0,135.0,52036950.0,180446.0
CU,CU2503.XSGE,2025-02-12 22:16:00,night,2025-02-12,night_2025-02-12,77110.0,77140.0,77100.0,77130.0,259.0,99872200.0,180383.0
CU,CU2503.XSGE,2025-02-12 22:17:00,night,2025-02-12,night_2025-02-12,77140.0,77160.0,77130.0,77160.0,113.0,43587650.0,180381.0
CU,CU2503.XSGE,2025-02-12 22:18:00,night,2025-02-12,night_2025-02-12,77150.0,77190.0,77120.0,77180.0,336.0,129619800.0,180489.0
CU,CU2503.XSGE,2025-02-12 22:19:00,night,2025-02-12,night_2025-02-12,77190.0,77190.0,77170.0,77170.0,121.0,46693250.0,180484.0
CU,CU2503.XSGE,2025-02-12 22:20:00,night,2025-02-12,night_2025-02-12,77170.0,77180.0,77160.0,77170.0,96.0,37041150.0,180461.0
CU,CU2503.XSGE,2025-02-12 22:21:00,night,2025-02-12,night_2025-02-12,77150.0,77160.0,77110.0,77120.0,214.0,82531950.0,180390.0
CU,CU2503.XSGE,2025-02-12 22:22:00,night,2025-02-12,night_2025-02-12,77120.0,77130.0,77110.0,77120.0,39.0,15039000.0,180374.0
CU,CU2503.XSGE,2025-02-12 22:23:00,night,2025-02-12,night_2025-02-12,77120.0,77120.0,77110.0,77120.0,38.0,14652350.0,180385.0
CU,CU2503.XSGE,2025-02-12 22:24:00,night,2025-02-12,night_2025-02-12,77110.0,77140.0,77100.0,77130.0,94.0,36244600.0,180389.0
CU,CU2503.XSGE,2025-02-12 22:25:00,night,2025-02-12,night_2025-02-12,77120.0,77140.0,77120.0,77130.0,31.0,11955550.0,180388.0
CU,CU2503.XSGE,2025-02-12 22:26:00,night,2025-02-12,night_2025-02-12,77120.0,77120.0,77100.0,77110.0,34.0,13109350.0,180387.0
CU,CU2503.XSGE,2025-02-12 22:27:00,night,2025-02-12,night_2025-02-12,77100.0,77100.0,77090.0,77100.0,20.0,7709900.0,180375.0
CU,CU2503.XSGE,2025-02-12 22:28:00,night,2025-02-12,night_2025-02-12,77110.0,77150.0,77110.0,77150.0,55.0,21210450.0,180374.0
CU,CU2503.XSGE,2025-02-12 22:29:00,night,2025-02-12,night_2025-02-12,77140.0,77150.0,77110.0,77120.0,15.0,5784300.0,180371.0
CU,CU2503.XSGE,2025-02-12 22:30:00,night,2025-02-12,night_2025-02-12,77110.0,77110.0,77090.0,77100.0,37.0,14263850.0,180362.0
CU,CU2503.XSGE,2025-02-12 22:31:00,night,2025-02-12,night_2025-02-12,77110.0,77110.0,77060.0,77080.0,94.0,36229200.0,180331.0
CU,CU2503.XSGE,2025-02-12 22:32:00,night,2025-02-12,night_2025-02-12,77080.0,77090.0,77070.0,77090.0,31.0,11947950.0,180322.0
CU,CU2503.XSGE,2025-02-12 22:33:00,night,2025-02-12,night_2025-02-12,77090.0,77120.0,77090.0,77120.0,60.0,23132850.0,180343.0
CU,CU2503.XSGE,2025-02-12 22:34:00,night,2025-02-12,night_2025-02-12,77120.0,77140.0,77100.0,77140.0,42.0,16194500.0,180356.0
CU,CU2503.XSGE,2025-02-12 22:35:00,night,2025-02-12,night_2025-02-12,77140.0,77150.0,77130.0,77150.0,60.0,23143550.0,180372.0
CU,CU2503.XSGE,2025-02-12 22:36:00,night,2025-02-12,night_2025-02-12,77140.0,77150.0,77140.0,77140.0,35.0,13500600.0,180362.0
CU,CU2503.XSGE,2025-02-12 22:37:00,night,2025-02-12,night_2025-02-12,77140.0,77150.0,77130.0,77140.0,34.0,13114150.0,180354.0
CU,CU2503.XSGE,2025-02-12 22:38:00,night,2025-02-12,night_2025-02-12,77150.0,77160.0,77140.0,77140.0,27.0,10414750.0,180354.0
CU,CU2503.XSGE,2025-02-12 22:39:00,night,2025-02-12,night_2025-02-12,77150.0,77180.0,77150.0,77180.0,62.0,23918350.0,180357.0
CU,CU2503.XSGE,2025-02-12 22:40:00,night,2025-02-12,night_2025-02-12,77180.0,77180.0,77160.0,77160.0,33.0,12733650.0,180357.0
CU,CU2503.XSGE,2025-02-12 22:41:00,night,2025-02-12,night_2025-02-12,77150.0,77150.0,77120.0,77130.0,43.0,16583600.0,180348.0
CU,CU2503.XSGE,2025-02-12 22:42:00,night,2025-02-12,night_2025-02-12,77120.0,77140.0,77120.0,77140.0,7.0,2699450.0,180345.0
CU,CU2503.XSGE,2025-02-12 22:43:00,night,2025-02-12,night_2025-02-12,77130.0,77130.0,77100.0,77100.0,46.0,17736100.0,180328.0
CU,CU2503.XSGE,2025-02-12 22:44:00,night,2025-02-12,night_2025-02-12,77110.0,77110.0,77100.0,77110.0,14.0,5397550.0,180325.0
CU,CU2503.XSGE,2025-02-12 22:45:00,night,2025-02-12,night_2025-02-12,77130.0,77130.0,77130.0,77130.0,22.0,8484300.0,180327.0
CU,CU2503.XSGE,2025-02-12 22:46:00,night,2025-02-12,night_2025-02-12,77140.0,77150.0,77120.0,77140.0,31.0,11956750.0,180311.0
CU,CU2503.XSGE,2025-02-12 22:47:00,night,2025-02-12,night_2025-02-12,77140.0,77150.0,77130.0,77150.0,7.0,2699950.0,180312.0
CU,CU2503.XSGE,2025-02-12 22:48:00,night,2025-02-12,night_2025-02-12,77140.0,77150.0,77140.0,77150.0,30.0,11572200.0,180319.0
CU,CU2503.XSGE,2025-02-12 22:49:00,night,2025-02-12,night_2025-02-12,77160.0,77190.0,77160.0,77180.0,57.0,21993750.0,180319.0
CU,CU2503.XSGE,2025-02-12 22:50:00,night,2025-02-12,night_2025-02-12,77180.0,77180.0,77150.0,77160.0,25.0,9645450.0,180317.0
CU,CU2503.XSGE,2025-02-12 22:51:00,night,2025-02-12,night_2025-02-12,77160.0,77160.0,77130.0,77150.0,30.0,11571100.0,180319.0
CU,CU2503.XSGE,2025-02-12 22:52:00,night,2025-02-12,night_2025-02-12,77130.0,77150.0,77110.0,77150.0,54.0,20825300.0,180319.0
CU,CU2503.XSGE,2025-02-12 22:53:00,night,2025-02-12,night_2025-02-12,77140.0,77150.0,77120.0,77150.0,34.0,13113200.0,180314.0
CU,CU2503.XSGE,2025-02-12 22:54:00,night,2025-02-12,night_2025-02-12,77150.0,77160.0,77140.0,77160.0,35.0,13501500.0,180333.0
CU,CU2503.XSGE,2025-02-12 22:55:00,night,2025-02-12,night_2025-02-12,77140.0,77170.0,77140.0,77160.0,76.0,29320650.0,180351.0
CU,CU2503.XSGE,2025-02-12 22:56:00,night,2025-02-12,night_2025-02-12,77150.0,77180.0,77150.0,77160.0,59.0,22764900.0,180352.0
CU,CU2503.XSGE,2025-02-12 22:57:00,night,2025-02-12,night_2025-02-12,77160.0,77190.0,77160.0,77180.0,109.0,42060800.0,180377.0
CU,CU2503.XSGE,2025-02-12 22:58:00,night,2025-02-12,night_2025-02-12,77170.0,77180.0,77170.0,77170.0,25.0,9646450.0,180371.0
CU,CU2503.XSGE,2025-02-12 22:59:00,night,2025-02-12,night_2025-02-12,77170.0,77180.0,77140.0,77140.0,73.0,28164050.0,180333.0
CU,CU2503.XSGE,2025-02-12 23:00:00,night,2025-02-12,night_2025-02-12,77140.0,77150.0,77120.0,77130.0,74.0,28538350.0,180323.0
CU,CU2503.XSGE,2025-02-12 23:01:00,night,2025-02-12,night_2025-02-12,77130.0,77130.0,77100.0,77100.0,60.0,23133150.0,180311.0
CU,CU2503.XSGE,2025-02-12 23:02:00,night,2025-02-12,night_2025-02-12,77100.0,77120.0,77100.0,77100.0,69.0,26600800.0,180291.0
CU,CU2503.XSGE,2025-02-12 23:03:00,night,2025-02-12,night_2025-02-12,77100.0,77100.0,77090.0,77090.0,48.0,18503850.0,180299.0
CU,CU2503.XSGE,2025-02-12 23:04:00,night,2025-02-12,night_2025-02-12,77100.0,77100.0,77050.0,77060.0,104.0,40075550.0,180323.0
CU,CU2503.XSGE,2025-02-12 23:05:00,night,2025-02-12,night_2025-02-12,77070.0,77080.0,77060.0,77060.0,90.0,34680900.0,180287.0
CU,CU2503.XSGE,2025-02-12 23:06:00,night,2025-02-12,night_2025-02-12,77060.0,77060.0,77020.0,77050.0,135.0,52003600.0,180251.0
CU,CU2503.XSGE,2025-02-12 23:07:00,night,2025-02-12,night_2025-02-12,77060.0,77100.0,77060.0,77090.0,76.0,29291500.0,180243.0
CU,CU2503.XSGE,2025-02-12 23:08:00,night,2025-02-12,night_2025-02-12,77110.0,77110.0,77080.0,77100.0,75.0,28910750.0,180224.0
CU,CU2503.XSGE,2025-02-12 23:09:00,night,2025-02-12,night_2025-02-12,77100.0,77100.0,77070.0,77070.0,26.0,10020900.0,180219.0
CU,CU2503.XSGE,2025-02-12 23:10:00,night,2025-02-12,night_2025-02-12,77080.0,77100.0,77070.0,77100.0,35.0,13489250.0,180200.0
CU,CU2503.XSGE,2025-02-12 23:11:00,night,2025-02-12,night_2025-02-12,77090.0,77100.0,77080.0,77080.0,23.0,8865500.0,180197.0
CU,CU2503.XSGE,2025-02-12 23:12:00,night,2025-02-12,night_2025-02-12,77080.0,77080.0,77070.0,77080.0,21.0,8092850.0,180193.0
CU,CU2503.XSGE,2025-02-12 23:13:00,night,2025-02-12,night_2025-02-12,77090.0,77090.0,77060.0,77060.0,26.0,10018900.0,180187.0
CU,CU2503.XSGE,2025-02-12 23:14:00,night,2025-02-12,night_2025-02-12,77080.0,77100.0,77080.0,77100.0,8.0,3083400.0,180185.0
CU,CU2503.XSGE,2025-02-12 23:15:00,night,2025-02-12,night_2025-02-12,77100.0,77100.0,77100.0,77100.0,14.0,5397000.0,180184.0
CU,CU2503.XSGE,2025-02-12 23:16:00,night,2025-02-12,night_2025-02-12,77100.0,77110.0,77100.0,77110.0,17.0,6553650.0,180176.0
CU,CU2503.XSGE,2025-02-12 23:17:00,night,2025-02-12,night_2025-02-12,77100.0,77100.0,77090.0,77100.0,24.0,9251200.0,180164.0
CU,CU2503.XSGE,2025-02-12 23:18:00,night,2025-02-12,night_2025-02-12,77100.0,77100.0,77060.0,77070.0,29.0,11176600.0,180159.0
CU,CU2503.XSGE,2025-02-12 23:19:00,night,2025-02-12,night_2025-02-12,77050.0,77080.0,77040.0,77050.0,97.0,37371250.0,180130.0
CU,CU2503.XSGE,2025-02-12 23:20:00,night,2025-02-12,night_2025-02-12,77070.0,77070.0,77050.0,77050.0,27.0,10403300.0,180124.0
CU,CU2503.XSGE,2025-02-12 23:21:00,night,2025-02-12,night_2025-02-12,77060.0,77070.0,77050.0,77070.0,51.0,19650150.0,180103.0
CU,CU2503.XSGE,2025-02-12 23:22:00,night,2025-02-12,night_2025-02-12,77070.0,77070.0,77030.0,77050.0,81.0,31203200.0,180070.0
CU,CU2503.XSGE,2025-02-12 23:23:00,night,2025-02-12,night_2025-02-12,77060.0,77060.0,77050.0,77060.0,35.0,13484950.0,180058.0
CU,CU2503.XSGE,2025-02-12 23:24:00,night,2025-02-12,night_2025-02-12,77070.0,77070.0,77060.0,77070.0,6.0,2312000.0,180054.0
CU,CU2503.XSGE,2025-02-12 23:25:00,night,2025-02-12,night_2025-02-12,77070.0,77130.0,77070.0,77120.0,43.0,16577300.0,180062.0
CU,CU2503.XSGE,2025-02-12 23:26:00,night,2025-02-12,night_2025-02-12,77110.0,77130.0,77110.0,77110.0,24.0,9253850.0,180067.0
CU,CU2503.XSGE,2025-02-12 23:27:00,night,2025-02-12,night_2025-02-12,77130.0,77140.0,77110.0,77120.0,26.0,10026250.0,180075.0
CU,CU2503.XSGE,2025-02-12 23:28:00,night,2025-02-12,night_2025-02-12,77120.0,77130.0,77120.0,77120.0,14.0,5398550.0,180079.0
CU,CU2503.XSGE,2025-02-12 23:29:00,night,2025-02-12,night_2025-02-12,77130.0,77140.0,77120.0,77140.0,22.0,8484300.0,180083.0
CU,CU2503.XSGE,2025-02-12 23:30:00,night,2025-02-12,night_2025-02-12,77130.0,77140.0,77120.0,77130.0,36.0,13883250.0,180086.0
CU,CU2503.XSGE,2025-02-12 23:31:00,night,2025-02-12,night_2025-02-12,77130.0,77150.0,77130.0,77140.0,61.0,23526350.0,180078.0
CU,CU2503.XSGE,2025-02-12 23:32:00,night,2025-02-12,night_2025-02-12,77140.0,77140.0,77130.0,77140.0,28.0,10798650.0,180075.0
CU,CU2503.XSGE,2025-02-12 23:33:00,night,2025-02-12,night_2025-02-12,77140.0,77140.0,77130.0,77130.0,17.0,6556700.0,180064.0
CU,CU2503.XSGE,2025-02-12 23:34:00,night,2025-02-12,night_2025-02-12,77150.0,77170.0,77150.0,77160.0,132.0,50925500.0,180063.0
CU,CU2503.XSGE,2025-02-12 23:35:00,night,2025-02-12,night_2025-02-12,77160.0,77170.0,77150.0,77150.0,40.0,15431800.0,180063.0
CU,CU2503.XSGE,2025-02-12 23:36:00,night,2025-02-12,night_2025-02-12,77140.0,77160.0,77140.0,77140.0,24.0,9257850.0,180061.0
CU,CU2503.XSGE,2025-02-12 23:37:00,night,2025-02-12,night_2025-02-12,77140.0,77150.0,77130.0,77140.0,18.0,6942700.0,180054.0
CU,CU2503.XSGE,2025-02-12 23:38:00,night,2025-02-12,night_2025-02-12,77140.0,77160.0,77140.0,77150.0,21.0,8100900.0,180044.0
CU,CU2503.XSGE,2025-02-12 23:39:00,night,2025-02-12,night_2025-02-12,77150.0,77230.0,77150.0,77170.0,643.0,248190000.0,180173.0
CU,CU2503.XSGE,2025-02-12 23:40:00,night,2025-02-12,night_2025-02-12,77180.0,77180.0,77150.0,77160.0,41.0,15819100.0,180173.0
CU,CU2503.XSGE,2025-02-12 23:41:00,night,2025-02-12,night_2025-02-12,77160.0,77160.0,77130.0,77140.0,24.0,9256950.0,180158.0
CU,CU2503.XSGE,2025-02-12 23:42:00,night,2025-02-12,night_2025-02-12,77150.0,77160.0,77130.0,77150.0,23.0,8872150.0,180149.0
CU,CU2503.XSGE,2025-02-12 23:43:00,night,2025-02-12,night_2025-02-12,77150.0,77180.0,77150.0,77170.0,53.0,20451100.0,180133.0
CU,CU2503.XSGE,2025-02-12 23:44:00,night,2025-02-12,night_2025-02-12,77170.0,77190.0,77170.0,77190.0,72.0,27784900.0,180112.0
CU,CU2503.XSGE,2025-02-12 23:45:00,night,2025-02-12,night_2025-02-12,77180.0,77190.0,77170.0,77180.0,32.0,12349000.0,180108.0
CU,CU2503.XSGE,2025-02-12 23:46:00,night,2025-02-12,night_2025-02-12,77190.0,77210.0,77180.0,77210.0,41.0,15826000.0,180125.0
CU,CU2503.XSGE,2025-02-12 23:47:00,night,2025-02-12,night_2025-02-12,77200.0,77210.0,77180.0,77210.0,87.0,33579150.0,180117.0
CU,CU2503.XSGE,2025-02-12 23:48:00,night,2025-02-12,night_2025-02-12,77210.0,77220.0,77180.0,77180.0,59.0,22772100.0,180123.0
CU,CU2503.XSGE,2025-02-12 23:49:00,night,2025-02-12,night_2025-02-12,77180.0,77210.0,77180.0,77200.0,28.0,10806950.0,180121.0
CU,CU2503.XSGE,2025-02-12 23:50:00,night,2025-02-12,night_2025-02-12,77190.0,77200.0,77170.0,77190.0,16.0,6174500.0,180128.0
CU,CU2503.XSGE,2025-02-12 23:51:00,night,2025-02-12,night_2025-02-12,77200.0,77200.0,77180.0,77190.0,23.0,8877100.0,180141.0
CU,CU2503.XSGE,2025-02-12 23:52:00,night,2025-02-12,night_2025-02-12,77200.0,77220.0,77200.0,77220.0,35.0,13512050.0,180139.0
CU,CU2503.XSGE,2025-02-12 23:53:00,night,2025-02-12,night_2025-02-12,77220.0,77240.0,77210.0,77230.0,100.0,38612500.0,180161.0
CU,CU2503.XSGE,2025-02-12 23:54:00,night,2025-02-12,night_2025-02-12,77230.0,77230.0,77200.0,77230.0,37.0,14286300.0,180166.0
CU,CU2503.XSGE,2025-02-12 23:55:00,night,2025-02-12,night_2025-02-12,77240.0,77310.0,77230.0,77290.0,396.0,153012200.0,180168.0
CU,CU2503.XSGE,2025-02-12 23:56:00,night,2025-02-12,night_2025-02-12,77300.0,77350.0,77290.0,77350.0,175.0,67655850.0,180213.0
CU,CU2503.XSGE,2025-02-12 23:57:00,night,2025-02-12,night_2025-02-12,77350.0,77370.0,77330.0,77350.0,139.0,53758800.0,180243.0
CU,CU2503.XSGE,2025-02-12 23:58:00,night,2025-02-12,night_2025-02-12,77350.0,77370.0,77330.0,77360.0,66.0,25525150.0,180275.0
CU,CU2503.XSGE,2025-02-12 23:59:00,night,2025-02-12,night_2025-02-12,77370.0,77410.0,77360.0,77410.0,118.0,45653400.0,180338.0
CU,CU2503.XSGE,2025-02-13 00:00:00,night,2025-02-12,night_2025-02-12,77410.0,77460.0,77410.0,77460.0,354.0,137062450.0,180404.0
CU,CU2503.XSGE,2025-02-13 00:01:00,night,2025-02-12,night_2025-02-12,77460.0,77490.0,77460.0,77490.0,305.0,118147950.0,180442.0
CU,CU2503.XSGE,2025-02-13 00:02:00,night,2025-02-12,night_2025-02-12,77500.0,77520.0,77460.0,77460.0,334.0,129409150.0,180507.0
CU,CU2503.XSGE,2025-02-13 00:03:00,night,2025-02-12,night_2025-02-12,77460.0,77470.0,77430.0,77440.0,115.0,44532700.0,180485.0
CU,CU2503.XSGE,2025-02-13 00:04:00,night,2025-02-12,night_2025-02-12,77440.0,77460.0,77430.0,77440.0,98.0,37947500.0,180508.0
CU,CU2503.XSGE,2025-02-13 00:05:00,night,2025-02-12,night_2025-02-12,77440.0,77500.0,77440.0,77490.0,129.0,49966450.0,180513.0
CU,CU2503.XSGE,2025-02-13 00:06:00,night,2025-02-12,night_2025-02-12,77500.0,77500.0,77440.0,77470.0,197.0,76320000.0,180530.0
CU,CU2503.XSGE,2025-02-13 00:07:00,night,2025-02-12,night_2025-02-12,77470.0,77480.0,77450.0,77480.0,65.0,25175600.0,180547.0
CU,CU2503.XSGE,2025-02-13 00:08:00,night,2025-02-12,night_2025-02-12,77470.0,77470.0,77420.0,77430.0,80.0,30978050.0,180556.0
CU,CU2503.XSGE,2025-02-13 00:09:00,night,2025-02-12,night_2025-02-12,77440.0,77460.0,77430.0,77440.0,74.0,28655100.0,180564.0
CU,CU2503.XSGE,2025-02-13 00:10:00,night,2025-02-12,night_2025-02-12,77450.0,77450.0,77400.0,77400.0,78.0,30192050.0,180580.0
CU,CU2503.XSGE,2025-02-13 00:11:00,night,2025-02-12,night_2025-02-12,77400.0,77430.0,77400.0,77410.0,43.0,16643900.0,180576.0
CU,CU2503.XSGE,2025-02-13 00:12:00,night,2025-02-12,night_2025-02-12,77420.0,77420.0,77370.0,77400.0,137.0,53012650.0,180550.0
CU,CU2503.XSGE,2025-02-13 00:13:00,night,2025-02-12,night_2025-02-12,77390.0,77400.0,77380.0,77400.0,28.0,10834750.0,180567.0
CU,CU2503.XSGE,2025-02-13 00:14:00,night,2025-02-12,night_2025-02-12,77400.0,77400.0,77380.0,77400.0,27.0,10447600.0,180569.0
CU,CU2503.XSGE,2025-02-13 00:15:00,night,2025-02-12,night_2025-02-12,77400.0,77410.0,77380.0,77400.0,18.0,6966100.0,180570.0
CU,CU2503.XSGE,2025-02-13 00:16:00,night,2025-02-12,night_2025-02-12,77410.0,77420.0,77400.0,77400.0,51.0,19738200.0,180583.0
CU,CU2503.XSGE,2025-02-13 00:17:00,night,2025-02-12,night_2025-02-12,77400.0,77430.0,77400.0,77430.0,87.0,33678450.0,180572.0
CU,CU2503.XSGE,2025-02-13 00:18:00,night,2025-02-12,night_2025-02-12,77430.0,77430.0,77410.0,77420.0,68.0,26322450.0,180579.0
CU,CU2503.XSGE,2025-02-13 00:19:00,night,2025-02-12,night_2025-02-12,77410.0,77420.0,77410.0,77420.0,9.0,3483650.0,180579.0
CU,CU2503.XSGE,2025-02-13 00:20:00,night,2025-02-12,night_2025-02-12,77410.0,77410.0,77390.0,77400.0,81.0,31347250.0,180586.0
CU,CU2503.XSGE,2025-02-13 00:21:00,night,2025-02-12,night_2025-02-12,77410.0,77410.0,77390.0,77390.0,33.0,12769550.0,180590.0
CU,CU2503.XSGE,2025-02-13 00:22:00,night,2025-02-12,night_2025-02-12,77390.0,77390.0,77350.0,77360.0,123.0,47576700.0,180580.0
CU,CU2503.XSGE,2025-02-13 00:23:00,night,2025-02-12,night_2025-02-12,77370.0,77390.0,77370.0,77370.0,51.0,19731400.0,180568.0
CU,CU2503.XSGE,2025-02-13 00:24:00,night,2025-02-12,night_2025-02-12,77370.0,77410.0,77370.0,77400.0,45.0,17413650.0,180565.0
CU,CU2503.XSGE,2025-02-13 00:25:00,night,2025-02-12,night_2025-02-12,77390.0,77400.0,77390.0,77390.0,36.0,13930900.0,180553.0
CU,CU2503.XSGE,2025-02-13 00:26:00,night,2025-02-12,night_2025-02-12,77390.0,77400.0,77390.0,77390.0,16.0,6191350.0,180547.0
CU,CU2503.XSGE,2025-02-13 00:27:00,night,2025-02-12,night_2025-02-12,77390.0,77400.0,77380.0,77400.0,30.0,11609000.0,180540.0
CU,CU2503.XSGE,2025-02-13 00:28:00,night,2025-02-12,night_2025-02-12,77410.0,77420.0,77400.0,77400.0,15.0,5805400.0,180544.0
CU,CU2503.XSGE,2025-02-13 00:29:00,night,2025-02-12,night_2025-02-12,77410.0,77460.0,77410.0,77460.0,87.0,33685700.0,180566.0
CU,CU2503.XSGE,2025-02-13 00:30:00,night,2025-02-12,night_2025-02-12,77450.0,77470.0,77440.0,77470.0,41.0,15879050.0,180580.0
CU,CU2503.XSGE,2025-02-13 00:31:00,night,2025-02-12,night_2025-02-12,77470.0,77490.0,77470.0,77480.0,64.0,24793100.0,180591.0
CU,CU2503.XSGE,2025-02-13 00:32:00,night,2025-02-12,night_2025-02-12,77470.0,77510.0,77470.0,77500.0,52.0,20149400.0,180600.0
CU,CU2503.XSGE,2025-02-13 00:33:00,night,2025-02-12,night_2025-02-12,77500.0,77500.0,77470.0,77470.0,87.0,33705300.0,180589.0
CU,CU2503.XSGE,2025-02-13 00:34:00,night,2025-02-12,night_2025-02-12,77480.0,77490.0,77460.0,77490.0,62.0,24016300.0,180574.0
CU,CU2503.XSGE,2025-02-13 00:35:00,night,2025-02-12,night_2025-02-12,77490.0,77490.0,77440.0,77440.0,47.0,18202450.0,180564.0
CU,CU2503.XSGE,2025-02-13 00:36:00,night,2025-02-12,night_2025-02-12,77440.0,77450.0,77440.0,77450.0,32.0,12391300.0,180564.0
CU,CU2503.XSGE,2025-02-13 00:37:00,night,2025-02-12,night_2025-02-12,77450.0,77460.0,77450.0,77450.0,48.0,18588300.0,180590.0
CU,CU2503.XSGE,2025-02-13 00:38:00,night,2025-02-12,night_2025-02-12,77450.0,77450.0,77440.0,77440.0,13.0,5033800.0,180596.0
CU,CU2503.XSGE,2025-02-13 00:39:00,night,2025-02-12,night_2025-02-12,77450.0,77450.0,77430.0,77440.0,20.0,7744550.0,180596.0
CU,CU2503.XSGE,2025-02-13 00:40:00,night,2025-02-12,night_2025-02-12,77450.0,77470.0,77450.0,77470.0,30.0,11619000.0,180618.0
CU,CU2503.XSGE,2025-02-13 00:41:00,night,2025-02-12,night_2025-02-12,77460.0,77470.0,77460.0,77470.0,19.0,7359300.0,180622.0
CU,CU2503.XSGE,2025-02-13 00:42:00,night,2025-02-12,night_2025-02-12,77460.0,77460.0,77450.0,77460.0,13.0,5034700.0,180626.0
CU,CU2503.XSGE,2025-02-13 00:43:00,night,2025-02-12,night_2025-02-12,77470.0,77500.0,77470.0,77500.0,61.0,23631250.0,180634.0
CU,CU2503.XSGE,2025-02-13 00:44:00,night,2025-02-12,night_2025-02-12,77500.0,77500.0,77480.0,77500.0,21.0,8136500.0,180641.0
CU,CU2503.XSGE,2025-02-13 00:45:00,night,2025-02-12,night_2025-02-12,77500.0,77510.0,77490.0,77500.0,41.0,15887400.0,180641.0
CU,CU2503.XSGE,2025-02-13 00:46:00,night,2025-02-12,night_2025-02-12,77490.0,77510.0,77480.0,77480.0,96.0,37192850.0,180635.0
CU,CU2503.XSGE,2025-02-13 00:47:00,night,2025-02-12,night_2025-02-12,77480.0,77490.0,77480.0,77490.0,20.0,7748150.0,180629.0
CU,CU2503.XSGE,2025-02-13 00:48:00,night,2025-02-12,night_2025-02-12,77490.0,77500.0,77490.0,77490.0,20.0,7749000.0,180634.0
CU,CU2503.XSGE,2025-02-13 00:49:00,night,2025-02-12,night_2025-02-12,77500.0,77520.0,77490.0,77520.0,159.0,61611200.0,180601.0
CU,CU2503.XSGE,2025-02-13 00:50:00,night,2025-02-12,night_2025-02-12,77520.0,77540.0,77510.0,77530.0,182.0,70549500.0,180643.0
CU,CU2503.XSGE,2025-02-13 00:51:00,night,2025-02-12,night_2025-02-12,77520.0,77550.0,77520.0,77520.0,169.0,65515900.0,180675.0
CU,CU2503.XSGE,2025-02-13 00:52:00,night,2025-02-12,night_2025-02-12,77530.0,77540.0,77510.0,77530.0,72.0,27908700.0,180691.0
CU,CU2503.XSGE,2025-02-13 00:53:00,night,2025-02-12,night_2025-02-12,77540.0,77550.0,77530.0,77540.0,54.0,20935750.0,180697.0
CU,CU2503.XSGE,2025-02-13 00:54:00,night,2025-02-12,night_2025-02-12,77530.0,77560.0,77530.0,77550.0,117.0,45365000.0,180699.0
CU,CU2503.XSGE,2025-02-13 00:55:00,night,2025-02-12,night_2025-02-12,77560.0,77600.0,77550.0,77550.0,115.0,44607050.0,180714.0
CU,CU2503.XSGE,2025-02-13 00:56:00,night,2025-02-12,night_2025-02-12,77550.0,77570.0,77540.0,77560.0,217.0,84147300.0,180775.0
CU,CU2503.XSGE,2025-02-13 00:57:00,night,2025-02-12,night_2025-02-12,77560.0,77570.0,77550.0,77570.0,49.0,19002600.0,180801.0
CU,CU2503.XSGE,2025-02-13 00:58:00,night,2025-02-12,night_2025-02-12,77580.0,77600.0,77570.0,77590.0,121.0,46940150.0,180821.0
CU,CU2503.XSGE,2025-02-13 00:59:00,night,2025-02-12,night_2025-02-12,77590.0,77600.0,77570.0,77580.0,117.0,45388850.0,180861.0
CU,CU2503.XSGE,2025-02-13 01:00:00,night,2025-02-12,night_2025-02-12,77590.0,77610.0,77560.0,77610.0,248.0,96205250.0,180877.0
CU,CU2503.XSGE,2025-02-13 09:01:00,day,2025-02-13,day_2025-02-13,77580.0,77580.0,77490.0,77530.0,878.0,340320450.0,181008.0
CU,CU2503.XSGE,2025-02-13 09:02:00,day,2025-02-13,day_2025-02-13,77530.0,77600.0,77510.0,77600.0,521.0,202017700.0,181008.0
CU,CU2503.XSGE,2025-02-13 09:03:00,day,2025-02-13,day_2025-02-13,77590.0,77600.0,77550.0,77580.0,452.0,175325850.0,181009.0
CU,CU2503.XSGE,2025-02-13 09:04:00,day,2025-02-13,day_2025-02-13,77590.0,77630.0,77560.0,77630.0,404.0,156749800.0,181119.0
CU,CU2503.XSGE,2025-02-13 09:05:00,day,2025-02-13,day_2025-02-13,77630.0,77720.0,77630.0,77710.0,881.0,342167050.0,181181.0
CU,CU2503.XSGE,2025-02-13 09:06:00,day,2025-02-13,day_2025-02-13,77720.0,77730.0,77660.0,77720.0,778.0,302225500.0,181197.0
CU,CU2503.XSGE,2025-02-13 09:07:00,day,2025-02-13,day_2025-02-13,77720.0,77730.0,77670.0,77670.0,306.0,118890400.0,181113.0
CU,CU2503.XSGE,2025-02-13 09:08:00,day,2025-02-13,day_2025-02-13,77680.0,77700.0,77670.0,77680.0,330.0,128168300.0,181049.0
CU,CU2503.XSGE,2025-02-13 09:09:00,day,2025-02-13,day_2025-02-13,77680.0,77680.0,77600.0,77600.0,355.0,137787250.0,180967.0
CU,CU2503.XSGE,2025-02-13 09:10:00,day,2025-02-13,day_2025-02-13,77600.0,77630.0,77590.0,77590.0,277.0,107492550.0,180955.0
CU,CU2503.XSGE,2025-02-13 09:11:00,day,2025-02-13,day_2025-02-13,77590.0,77600.0,77500.0,77510.0,626.0,242666450.0,180868.0
CU,CU2503.XSGE,2025-02-13 09:12:00,day,2025-02-13,day_2025-02-13,77500.0,77520.0,77440.0,77450.0,577.0,223526550.0,180820.0
CU,CU2503.XSGE,2025-02-13 09:13:00,day,2025-02-13,day_2025-02-13,77460.0,77510.0,77460.0,77480.0,325.0,125926400.0,180791.0
CU,CU2503.XSGE,2025-02-13 09:14:00,day,2025-02-13,day_2025-02-13,77490.0,77510.0,77450.0,77450.0,659.0,255291850.0,180920.0
CU,CU2503.XSGE,2025-02-13 09:15:00,day,2025-02-13,day_2025-02-13,77460.0,77470.0,77440.0,77460.0,245.0,94878450.0,180885.0
CU,CU2503.XSGE,2025-02-13 09:16:00,day,2025-02-13,day_2025-02-13,77470.0,77470.0,77440.0,77460.0,259.0,100309750.0,180834.0
CU,CU2503.XSGE,2025-02-13 09:17:00,day,2025-02-13,day_2025-02-13,77460.0,77510.0,77450.0,77510.0,327.0,126688400.0,180849.0
CU,CU2503.XSGE,2025-02-13 09:18:00,day,2025-02-13,day_2025-02-13,77510.0,77530.0,77460.0,77490.0,331.0,128256450.0,180886.0
CU,CU2503.XSGE,2025-02-13 09:19:00,day,2025-02-13,day_2025-02-13,77490.0,77500.0,77480.0,77480.0,112.0,43391850.0,180885.0
CU,CU2503.XSGE,2025-02-13 09:20:00,day,2025-02-13,day_2025-02-13,77480.0,77510.0,77470.0,77510.0,227.0,87951750.0,180767.0
CU,CU2503.XSGE,2025-02-13 09:21:00,day,2025-02-13,day_2025-02-13,77500.0,77510.0,77460.0,77480.0,325.0,125914750.0,180671.0
CU,CU2503.XSGE,2025-02-13 09:22:00,day,2025-02-13,day_2025-02-13,77480.0,77500.0,77460.0,77480.0,151.0,58499200.0,180649.0
CU,CU2503.XSGE,2025-02-13 09:23:00,day,2025-02-13,day_2025-02-13,77490.0,77490.0,77430.0,77460.0,221.0,85590000.0,180663.0
CU,CU2503.XSGE,2025-02-13 09:24:00,day,2025-02-13,day_2025-02-13,77450.0,77490.0,77450.0,77480.0,148.0,57327450.0,180572.0
CU,CU2503.XSGE,2025-02-13 09:25:00,day,2025-02-13,day_2025-02-13,77470.0,77480.0,77400.0,77400.0,287.0,111121250.0,180540.0
CU,CU2503.XSGE,2025-02-13 09:26:00,day,2025-02-13,day_2025-02-13,77420.0,77420.0,77380.0,77410.0,147.0,56893050.0,180513.0
CU,CU2503.XSGE,2025-02-13 09:27:00,day,2025-02-13,day_2025-02-13,77410.0,77430.0,77410.0,77420.0,187.0,72387450.0,180522.0
CU,CU2503.XSGE,2025-02-13 09:28:00,day,2025-02-13,day_2025-02-13,77410.0,77420.0,77400.0,77420.0,44.0,17029850.0,180511.0
CU,CU2503.XSGE,2025-02-13 09:29:00,day,2025-02-13,day_2025-02-13,77410.0,77410.0,77380.0,77380.0,148.0,57278050.0,180457.0
CU,CU2503.XSGE,2025-02-13 09:30:00,day,2025-02-13,day_2025-02-13,77380.0,77400.0,77380.0,77390.0,141.0,54562350.0,180464.0
CU,CU2503.XSGE,2025-02-13 09:31:00,day,2025-02-13,day_2025-02-13,77400.0,77440.0,77390.0,77420.0,202.0,78195300.0,180454.0
CU,CU2503.XSGE,2025-02-13 09:32:00,day,2025-02-13,day_2025-02-13,77420.0,77430.0,77400.0,77420.0,182.0,70450450.0,180459.0
CU,CU2503.XSGE,2025-02-13 09:33:00,day,2025-02-13,day_2025-02-13,77420.0,77430.0,77410.0,77420.0,160.0,61932550.0,180476.0
CU,CU2503.XSGE,2025-02-13 09:34:00,day,2025-02-13,day_2025-02-13,77420.0,77440.0,77400.0,77400.0,141.0,54578500.0,180473.0
CU,CU2503.XSGE,2025-02-13 09:35:00,day,2025-02-13,day_2025-02-13,77400.0,77400.0,77350.0,77390.0,254.0,98265650.0,180379.0
CU,CU2503.XSGE,2025-02-13 09:36:00,day,2025-02-13,day_2025-02-13,77390.0,77400.0,77380.0,77390.0,59.0,22830300.0,180352.0
CU,CU2503.XSGE,2025-02-13 09:37:00,day,2025-02-13,day_2025-02-13,77380.0,77390.0,77360.0,77370.0,236.0,91295050.0,180221.0
CU,CU2503.XSGE,2025-02-13 09:38:00,day,2025-02-13,day_2025-02-13,77370.0,77390.0,77360.0,77390.0,100.0,38686550.0,180198.0
CU,CU2503.XSGE,2025-02-13 09:39:00,day,2025-02-13,day_2025-02-13,77390.0,77400.0,77380.0,77390.0,39.0,15090800.0,180195.0
CU,CU2503.XSGE,2025-02-13 09:40:00,day,2025-02-13,day_2025-02-13,77380.0,77390.0,77350.0,77360.0,261.0,100970750.0,180148.0
CU,CU2503.XSGE,2025-02-13 09:41:00,day,2025-02-13,day_2025-02-13,77360.0,77370.0,77340.0,77370.0,307.0,118747400.0,180002.0
CU,CU2503.XSGE,2025-02-13 09:42:00,day,2025-02-13,day_2025-02-13,77370.0,77420.0,77370.0,77410.0,344.0,133126950.0,180129.0
CU,CU2503.XSGE,2025-02-13 09:43:00,day,2025-02-13,day_2025-02-13,77420.0,77430.0,77420.0,77430.0,261.0,101036550.0,180174.0
CU,CU2503.XSGE,2025-02-13 09:44:00,day,2025-02-13,day_2025-02-13,77430.0,77430.0,77400.0,77400.0,297.0,114954750.0,180205.0
CU,CU2503.XSGE,2025-02-13 09:45:00,day,2025-02-13,day_2025-02-13,77410.0,77440.0,77410.0,77420.0,177.0,68521650.0,180224.0
CU,CU2503.XSGE,2025-02-13 09:46:00,day,2025-02-13,day_2025-02-13,77430.0,77450.0,77420.0,77450.0,301.0,116554350.0,180252.0
CU,CU2503.XSGE,2025-02-13 09:47:00,day,2025-02-13,day_2025-02-13,77450.0,77460.0,77420.0,77450.0,578.0,223811600.0,180342.0
CU,CU2503.XSGE,2025-02-13 09:48:00,day,2025-02-13,day_2025-02-13,77440.0,77440.0,77400.0,77400.0,177.0,68521150.0,180389.0
CU,CU2503.XSGE,2025-02-13 09:49:00,day,2025-02-13,day_2025-02-13,77410.0,77440.0,77410.0,77430.0,153.0,59233350.0,180413.0
CU,CU2503.XSGE,2025-02-13 09:50:00,day,2025-02-13,day_2025-02-13,77420.0,77430.0,77410.0,77420.0,68.0,26322650.0,180398.0
CU,CU2503.XSGE,2025-02-13 09:51:00,day,2025-02-13,day_2025-02-13,77420.0,77420.0,77410.0,77420.0,232.0,89799500.0,180400.0
CU,CU2503.XSGE,2025-02-13 09:52:00,day,2025-02-13,day_2025-02-13,77420.0,77420.0,77400.0,77420.0,51.0,19740450.0,180384.0
CU,CU2503.XSGE,2025-02-13 09:53:00,day,2025-02-13,day_2025-02-13,77430.0,77440.0,77420.0,77420.0,145.0,56134050.0,180383.0
CU,CU2503.XSGE,2025-02-13 09:54:00,day,2025-02-13,day_2025-02-13,77430.0,77430.0,77410.0,77420.0,215.0,83223100.0,180327.0
CU,CU2503.XSGE,2025-02-13 09:55:00,day,2025-02-13,day_2025-02-13,77420.0,77460.0,77420.0,77450.0,396.0,153342850.0,180414.0
CU,CU2503.XSGE,2025-02-13 09:56:00,day,2025-02-13,day_2025-02-13,77440.0,77460.0,77440.0,77440.0,172.0,66605800.0,180467.0
CU,CU2503.XSGE,2025-02-13 09:57:00,day,2025-02-13,day_2025-02-13,77440.0,77460.0,77440.0,77450.0,82.0,31754050.0,180428.0
CU,CU2503.XSGE,2025-02-13 09:58:00,day,2025-02-13,day_2025-02-13,77440.0,77440.0,77380.0,77390.0,231.0,89408250.0,180396.0
CU,CU2503.XSGE,2025-02-13 09:59:00,day,2025-02-13,day_2025-02-13,77390.0,77410.0,77390.0,77390.0,107.0,41407050.0,180377.0
CU,CU2503.XSGE,2025-02-13 10:00:00,day,2025-02-13,day_2025-02-13,77400.0,77440.0,77400.0,77430.0,105.0,40646300.0,180379.0
CU,CU2503.XSGE,2025-02-13 10:01:00,day,2025-02-13,day_2025-02-13,77440.0,77460.0,77420.0,77450.0,333.0,128948600.0,180446.0
CU,CU2503.XSGE,2025-02-13 10:02:00,day,2025-02-13,day_2025-02-13,77460.0,77460.0,77410.0,77430.0,147.0,56909800.0,180500.0
CU,CU2503.XSGE,2025-02-13 10:03:00,day,2025-02-13,day_2025-02-13,77430.0,77460.0,77430.0,77460.0,300.0,116175600.0,180544.0
CU,CU2503.XSGE,2025-02-13 10:04:00,day,2025-02-13,day_2025-02-13,77460.0,77470.0,77450.0,77460.0,129.0,49961000.0,180578.0
CU,CU2503.XSGE,2025-02-13 10:05:00,day,2025-02-13,day_2025-02-13,77460.0,77470.0,77450.0,77470.0,244.0,94503900.0,180639.0
CU,CU2503.XSGE,2025-02-13 10:06:00,day,2025-02-13,day_2025-02-13,77480.0,77480.0,77460.0,77480.0,172.0,66624900.0,180643.0
CU,CU2503.XSGE,2025-02-13 10:07:00,day,2025-02-13,day_2025-02-13,77470.0,77490.0,77470.0,77490.0,102.0,39513350.0,180623.0
CU,CU2503.XSGE,2025-02-13 10:08:00,day,2025-02-13,day_2025-02-13,77480.0,77500.0,77470.0,77480.0,245.0,94926000.0,180604.0
CU,CU2503.XSGE,2025-02-13 10:09:00,day,2025-02-13,day_2025-02-13,77470.0,77470.0,77400.0,77400.0,260.0,100670250.0,180652.0
CU,CU2503.XSGE,2025-02-13 10:10:00,day,2025-02-13,day_2025-02-13,77400.0,77420.0,77380.0,77420.0,141.0,54568750.0,180719.0
CU,CU2503.XSGE,2025-02-13 10:11:00,day,2025-02-13,day_2025-02-13,77410.0,77420.0,77400.0,77410.0,111.0,42962100.0,180689.0
CU,CU2503.XSGE,2025-02-13 10:12:00,day,2025-02-13,day_2025-02-13,77410.0,77410.0,77390.0,77390.0,83.0,32121600.0,180710.0
CU,CU2503.XSGE,2025-02-13 10:13:00,day,2025-02-13,day_2025-02-13,77390.0,77400.0,77380.0,77380.0,193.0,74677350.0,180677.0
CU,CU2503.XSGE,2025-02-13 10:14:00,day,2025-02-13,day_2025-02-13,77380.0,77380.0,77350.0,77370.0,187.0,72337150.0,180643.0
CU,CU2503.XSGE,2025-02-13 10:15:00,day,2025-02-13,day_2025-02-13,77370.0,77380.0,77360.0,77370.0,195.0,75434250.0,180677.0
CU,CU2503.XSGE,2025-02-13 10:31:00,day,2025-02-13,day_2025-02-13,77410.0,77410.0,77350.0,77370.0,394.0,152430200.0,180651.0
CU,CU2503.XSGE,2025-02-13 10:32:00,day,2025-02-13,day_2025-02-13,77380.0,77400.0,77370.0,77380.0,174.0,67325550.0,180592.0
CU,CU2503.XSGE,2025-02-13 10:33:00,day,2025-02-13,day_2025-02-13,77380.0,77390.0,77370.0,77390.0,142.0,54940750.0,180577.0
CU,CU2503.XSGE,2025-02-13 10:34:00,day,2025-02-13,day_2025-02-13,77390.0,77400.0,77380.0,77390.0,263.0,101765900.0,180524.0
CU,CU2503.XSGE,2025-02-13 10:35:00,day,2025-02-13,day_2025-02-13,77390.0,77400.0,77360.0,77370.0,258.0,99821750.0,180555.0
CU,CU2503.XSGE,2025-02-13 10:36:00,day,2025-02-13,day_2025-02-13,77370.0,77380.0,77360.0,77360.0,127.0,49131200.0,180569.0
CU,CU2503.XSGE,2025-02-13 10:37:00,day,2025-02-13,day_2025-02-13,77370.0,77370.0,77330.0,77330.0,148.0,57235500.0,180548.0
CU,CU2503.XSGE,2025-02-13 10:38:00,day,2025-02-13,day_2025-02-13,77340.0,77340.0,77280.0,77290.0,566.0,218768850.0,180545.0
CU,CU2503.XSGE,2025-02-13 10:39:00,day,2025-02-13,day_2025-02-13,77300.0,77320.0,77300.0,77310.0,253.0,97801450.0,180533.0
CU,CU2503.XSGE,2025-02-13 10:40:00,day,2025-02-13,day_2025-02-13,77320.0,77320.0,77290.0,77300.0,228.0,88129400.0,180461.0
CU,CU2503.XSGE,2025-02-13 10:41:00,day,2025-02-13,day_2025-02-13,77300.0,77320.0,77290.0,77290.0,208.0,80393050.0,180468.0
CU,CU2503.XSGE,2025-02-13 10:42:00,day,2025-02-13,day_2025-02-13,77290.0,77320.0,77290.0,77300.0,581.0,224597750.0,180428.0
CU,CU2503.XSGE,2025-02-13 10:43:00,day,2025-02-13,day_2025-02-13,77310.0,77330.0,77300.0,77310.0,123.0,47546900.0,180428.0
CU,CU2503.XSGE,2025-02-13 10:44:00,day,2025-02-13,day_2025-02-13,77310.0,77340.0,77310.0,77310.0,240.0,92791550.0,180410.0
CU,CU2503.XSGE,2025-02-13 10:45:00,day,2025-02-13,day_2025-02-13,77310.0,77320.0,77290.0,77310.0,158.0,61073650.0,180368.0
CU,CU2503.XSGE,2025-02-13 10:46:00,day,2025-02-13,day_2025-02-13,77310.0,77330.0,77290.0,77300.0,538.0,207979600.0,180415.0
CU,CU2503.XSGE,2025-02-13 10:47:00,day,2025-02-13,day_2025-02-13,77300.0,77340.0,77290.0,77340.0,126.0,48710700.0,180431.0
CU,CU2503.XSGE,2025-02-13 10:48:00,day,2025-02-13,day_2025-02-13,77330.0,77340.0,77320.0,77330.0,64.0,24743450.0,180459.0
CU,CU2503.XSGE,2025-02-13 10:49:00,day,2025-02-13,day_2025-02-13,77320.0,77330.0,77320.0,77320.0,90.0,34795750.0,180487.0
CU,CU2503.XSGE,2025-02-13 10:50:00,day,2025-02-13,day_2025-02-13,77320.0,77340.0,77320.0,77330.0,93.0,35958450.0,180462.0
CU,CU2503.XSGE,2025-02-13 10:51:00,day,2025-02-13,day_2025-02-13,77330.0,77340.0,77320.0,77330.0,71.0,27453400.0,180474.0
CU,CU2503.XSGE,2025-02-13 10:52:00,day,2025-02-13,day_2025-02-13,77340.0,77350.0,77330.0,77340.0,101.0,39056350.0,180486.0
CU,CU2503.XSGE,2025-02-13 10:53:00,day,2025-02-13,day_2025-02-13,77340.0,77350.0,77330.0,77350.0,83.0,32094950.0,180508.0
CU,CU2503.XSGE,2025-02-13 10:54:00,day,2025-02-13,day_2025-02-13,77340.0,77350.0,77330.0,77350.0,40.0,15467950.0,180504.0
CU,CU2503.XSGE,2025-02-13 10:55:00,day,2025-02-13,day_2025-02-13,77340.0,77340.0,77320.0,77320.0,90.0,34798750.0,180506.0
CU,CU2503.XSGE,2025-02-13 10:56:00,day,2025-02-13,day_2025-02-13,77330.0,77330.0,77310.0,77320.0,51.0,19716350.0,180500.0
CU,CU2503.XSGE,2025-02-13 10:57:00,day,2025-02-13,day_2025-02-13,77320.0,77380.0,77320.0,77380.0,167.0,64590150.0,180475.0
CU,CU2503.XSGE,2025-02-13 10:58:00,day,2025-02-13,day_2025-02-13,77370.0,77390.0,77370.0,77380.0,151.0,58421600.0,180488.0
CU,CU2503.XSGE,2025-02-13 10:59:00,day,2025-02-13,day_2025-02-13,77390.0,77390.0,77360.0,77370.0,62.0,23985600.0,180487.0
CU,CU2503.XSGE,2025-02-13 11:00:00,day,2025-02-13,day_2025-02-13,77360.0,77370.0,77360.0,77360.0,87.0,33652650.0,180475.0
CU,CU2503.XSGE,2025-02-13 11:01:00,day,2025-02-13,day_2025-02-13,77360.0,77360.0,77350.0,77360.0,84.0,32490100.0,180469.0
CU,CU2503.XSGE,2025-02-13 11:02:00,day,2025-02-13,day_2025-02-13,77360.0,77370.0,77350.0,77360.0,126.0,48737150.0,180442.0
CU,CU2503.XSGE,2025-02-13 11:03:00,day,2025-02-13,day_2025-02-13,77350.0,77360.0,77340.0,77340.0,115.0,44477450.0,180483.0
CU,CU2503.XSGE,2025-02-13 11:04:00,day,2025-02-13,day_2025-02-13,77330.0,77350.0,77330.0,77350.0,76.0,29389450.0,180514.0
CU,CU2503.XSGE,2025-02-13 11:05:00,day,2025-02-13,day_2025-02-13,77340.0,77350.0,77320.0,77320.0,122.0,47171150.0,180565.0
CU,CU2503.XSGE,2025-02-13 11:06:00,day,2025-02-13,day_2025-02-13,77310.0,77330.0,77310.0,77320.0,115.0,44457700.0,180555.0
CU,CU2503.XSGE,2025-02-13 11:07:00,day,2025-02-13,day_2025-02-13,77320.0,77360.0,77320.0,77360.0,110.0,42530800.0,180502.0
CU,CU2503.XSGE,2025-02-13 11:08:00,day,2025-02-13,day_2025-02-13,77360.0,77360.0,77330.0,77330.0,126.0,48724950.0,180523.0
CU,CU2503.XSGE,2025-02-13 11:09:00,day,2025-02-13,day_2025-02-13,77340.0,77340.0,77330.0,77330.0,84.0,32481500.0,180555.0
CU,CU2503.XSGE,2025-02-13 11:10:00,day,2025-02-13,day_2025-02-13,77330.0,77360.0,77330.0,77360.0,62.0,23977950.0,180558.0
CU,CU2503.XSGE,2025-02-13 11:11:00,day,2025-02-13,day_2025-02-13,77360.0,77380.0,77340.0,77380.0,175.0,67686700.0,180652.0
CU,CU2503.XSGE,2025-02-13 11:12:00,day,2025-02-13,day_2025-02-13,77380.0,77380.0,77360.0,77370.0,106.0,41007750.0,180714.0
CU,CU2503.XSGE,2025-02-13 11:13:00,day,2025-02-13,day_2025-02-13,77360.0,77380.0,77360.0,77380.0,73.0,28241000.0,180700.0
CU,CU2503.XSGE,2025-02-13 11:14:00,day,2025-02-13,day_2025-02-13,77380.0,77400.0,77370.0,77400.0,188.0,72739500.0,180773.0
CU,CU2503.XSGE,2025-02-13 11:15:00,day,2025-02-13,day_2025-02-13,77380.0,77410.0,77380.0,77400.0,194.0,75073900.0,180865.0
CU,CU2503.XSGE,2025-02-13 11:16:00,day,2025-02-13,day_2025-02-13,77410.0,77440.0,77390.0,77430.0,453.0,175353100.0,180825.0
CU,CU2503.XSGE,2025-02-13 11:17:00,day,2025-02-13,day_2025-02-13,77420.0,77430.0,77400.0,77400.0,285.0,110316450.0,180784.0
CU,CU2503.XSGE,2025-02-13 11:18:00,day,2025-02-13,day_2025-02-13,77400.0,77400.0,77380.0,77380.0,89.0,34441650.0,180784.0
CU,CU2503.XSGE,2025-02-13 11:19:00,day,2025-02-13,day_2025-02-13,77380.0,77400.0,77380.0,77400.0,160.0,61907700.0,180750.0
CU,CU2503.XSGE,2025-02-13 11:20:00,day,2025-02-13,day_2025-02-13,77390.0,77440.0,77390.0,77420.0,276.0,106830950.0,180729.0
CU,CU2503.XSGE,2025-02-13 11:21:00,day,2025-02-13,day_2025-02-13,77420.0,77420.0,77400.0,77420.0,134.0,51861000.0,180813.0
CU,CU2503.XSGE,2025-02-13 11:22:00,day,2025-02-13,day_2025-02-13,77400.0,77420.0,77400.0,77410.0,35.0,13545900.0,180823.0
CU,CU2503.XSGE,2025-02-13 11:23:00,day,2025-02-13,day_2025-02-13,77400.0,77400.0,77380.0,77380.0,81.0,31345250.0,180803.0
CU,CU2503.XSGE,2025-02-13 11:24:00,day,2025-02-13,day_2025-02-13,77390.0,77400.0,77380.0,77400.0,137.0,53014450.0,180810.0
CU,CU2503.XSGE,2025-02-13 11:25:00,day,2025-02-13,day_2025-02-13,77400.0,77410.0,77400.0,77410.0,156.0,60376050.0,180799.0
CU,CU2503.XSGE,2025-02-13 11:26:00,day,2025-02-13,day_2025-02-13,77400.0,77420.0,77400.0,77420.0,91.0,35220450.0,180797.0
CU,CU2503.XSGE,2025-02-13 11:27:00,day,2025-02-13,day_2025-02-13,77410.0,77420.0,77400.0,77410.0,160.0,61928950.0,180776.0
CU,CU2503.XSGE,2025-02-13 11:28:00,day,2025-02-13,day_2025-02-13,77400.0,77400.0,77380.0,77380.0,184.0,71201000.0,180710.0
CU,CU2503.XSGE,2025-02-13 11:29:00,day,2025-02-13,day_2025-02-13,77380.0,77390.0,77370.0,77390.0,48.0,18571700.0,180702.0
CU,CU2503.XSGE,2025-02-13 11:30:00,day,2025-02-13,day_2025-02-13,77380.0,77390.0,77340.0,77370.0,392.0,151621250.0,180808.0
CU,CU2503.XSGE,2025-02-13 13:31:00,day,2025-02-13,day_2025-02-13,77400.0,77450.0,77380.0,77450.0,817.0,316263300.0,180746.0
CU,CU2503.XSGE,2025-02-13 13:32:00,day,2025-02-13,day_2025-02-13,77460.0,77480.0,77450.0,77460.0,318.0,123162900.0,180827.0
CU,CU2503.XSGE,2025-02-13 13:33:00,day,2025-02-13,day_2025-02-13,77450.0,77460.0,77440.0,77440.0,94.0,36400650.0,180842.0
CU,CU2503.XSGE,2025-02-13 13:34:00,day,2025-02-13,day_2025-02-13,77440.0,77470.0,77440.0,77470.0,168.0,65062650.0,180824.0
CU,CU2503.XSGE,2025-02-13 13:35:00,day,2025-02-13,day_2025-02-13,77470.0,77470.0,77440.0,77460.0,160.0,61959550.0,180793.0
CU,CU2503.XSGE,2025-02-13 13:36:00,day,2025-02-13,day_2025-02-13,77460.0,77460.0,77430.0,77440.0,204.0,78979850.0,180808.0
CU,CU2503.XSGE,2025-02-13 13:37:00,day,2025-02-13,day_2025-02-13,77430.0,77460.0,77430.0,77450.0,128.0,49564900.0,180821.0
CU,CU2503.XSGE,2025-02-13 13:38:00,day,2025-02-13,day_2025-02-13,77450.0,77450.0,77430.0,77440.0,491.0,190118600.0,180863.0
CU,CU2503.XSGE,2025-02-13 13:39:00,day,2025-02-13,day_2025-02-13,77440.0,77440.0,77420.0,77420.0,102.0,39489250.0,180895.0
CU,CU2503.XSGE,2025-02-13 13:40:00,day,2025-02-13,day_2025-02-13,77420.0,77450.0,77400.0,77450.0,401.0,155240000.0,180930.0
CU,CU2503.XSGE,2025-02-13 13:41:00,day,2025-02-13,day_2025-02-13,77460.0,77470.0,77450.0,77460.0,168.0,65068300.0,180921.0
CU,CU2503.XSGE,2025-02-13 13:42:00,day,2025-02-13,day_2025-02-13,77460.0,77470.0,77450.0,77450.0,44.0,17040350.0,180952.0
CU,CU2503.XSGE,2025-02-13 13:43:00,day,2025-02-13,day_2025-02-13,77460.0,77460.0,77440.0,77440.0,139.0,53827250.0,181010.0
CU,CU2503.XSGE,2025-02-13 13:44:00,day,2025-02-13,day_2025-02-13,77440.0,77460.0,77430.0,77450.0,107.0,41435000.0,180980.0
CU,CU2503.XSGE,2025-02-13 13:45:00,day,2025-02-13,day_2025-02-13,77450.0,77480.0,77440.0,77480.0,120.0,46472650.0,180983.0
CU,CU2503.XSGE,2025-02-13 13:46:00,day,2025-02-13,day_2025-02-13,77480.0,77480.0,77460.0,77460.0,53.0,20528900.0,180970.0
CU,CU2503.XSGE,2025-02-13 13:47:00,day,2025-02-13,day_2025-02-13,77460.0,77500.0,77450.0,77500.0,359.0,139058500.0,181122.0
CU,CU2503.XSGE,2025-02-13 13:48:00,day,2025-02-13,day_2025-02-13,77500.0,77520.0,77490.0,77520.0,253.0,98051050.0,181195.0
CU,CU2503.XSGE,2025-02-13 13:49:00,day,2025-02-13,day_2025-02-13,77510.0,77530.0,77510.0,77520.0,113.0,43799950.0,181220.0
CU,CU2503.XSGE,2025-02-13 13:50:00,day,2025-02-13,day_2025-02-13,77530.0,77540.0,77520.0,77540.0,142.0,55045400.0,181261.0
CU,CU2503.XSGE,2025-02-13 13:51:00,day,2025-02-13,day_2025-02-13,77540.0,77550.0,77520.0,77530.0,143.0,55435150.0,181273.0
CU,CU2503.XSGE,2025-02-13 13:52:00,day,2025-02-13,day_2025-02-13,77520.0,77540.0,77520.0,77530.0,274.0,106221900.0,181359.0
CU,CU2503.XSGE,2025-02-13 13:53:00,day,2025-02-13,day_2025-02-13,77520.0,77540.0,77510.0,77520.0,217.0,84109650.0,181427.0
CU,CU2503.XSGE,2025-02-13 13:54:00,day,2025-02-13,day_2025-02-13,77520.0,77530.0,77510.0,77520.0,127.0,49223900.0,181408.0
CU,CU2503.XSGE,2025-02-13 13:55:00,day,2025-02-13,day_2025-02-13,77520.0,77530.0,77510.0,77520.0,75.0,29069650.0,181419.0
CU,CU2503.XSGE,2025-02-13 13:56:00,day,2025-02-13,day_2025-02-13,77520.0,77530.0,77510.0,77520.0,115.0,44573100.0,181432.0
CU,CU2503.XSGE,2025-02-13 13:57:00,day,2025-02-13,day_2025-02-13,77510.0,77560.0,77510.0,77550.0,216.0,83743850.0,181469.0
CU,CU2503.XSGE,2025-02-13 13:58:00,day,2025-02-13,day_2025-02-13,77560.0,77570.0,77530.0,77560.0,169.0,65535400.0,181481.0
CU,CU2503.XSGE,2025-02-13 13:59:00,day,2025-02-13,day_2025-02-13,77560.0,77570.0,77540.0,77570.0,145.0,56227750.0,181462.0
CU,CU2503.XSGE,2025-02-13 14:00:00,day,2025-02-13,day_2025-02-13,77560.0,77560.0,77540.0,77540.0,154.0,59717900.0,181449.0
CU,CU2503.XSGE,2025-02-13 14:01:00,day,2025-02-13,day_2025-02-13,77550.0,77550.0,77530.0,77540.0,77.0,29854250.0,181449.0
CU,CU2503.XSGE,2025-02-13 14:02:00,day,2025-02-13,day_2025-02-13,77540.0,77540.0,77500.0,77500.0,228.0,88367450.0,181493.0
CU,CU2503.XSGE,2025-02-13 14:03:00,day,2025-02-13,day_2025-02-13,77510.0,77550.0,77500.0,77550.0,142.0,55041350.0,181531.0
CU,CU2503.XSGE,2025-02-13 14:04:00,day,2025-02-13,day_2025-02-13,77550.0,77570.0,77540.0,77560.0,197.0,76390850.0,181604.0
CU,CU2503.XSGE,2025-02-13 14:05:00,day,2025-02-13,day_2025-02-13,77560.0,77560.0,77540.0,77550.0,96.0,37225400.0,181643.0
CU,CU2503.XSGE,2025-02-13 14:06:00,day,2025-02-13,day_2025-02-13,77560.0,77570.0,77530.0,77570.0,157.0,60876950.0,181682.0
CU,CU2503.XSGE,2025-02-13 14:07:00,day,2025-02-13,day_2025-02-13,77570.0,77580.0,77550.0,77560.0,172.0,66708200.0,181729.0
CU,CU2503.XSGE,2025-02-13 14:08:00,day,2025-02-13,day_2025-02-13,77570.0,77580.0,77560.0,77560.0,199.0,77180600.0,181790.0
CU,CU2503.XSGE,2025-02-13 14:09:00,day,2025-02-13,day_2025-02-13,77570.0,77580.0,77560.0,77580.0,62.0,24047100.0,181811.0
CU,CU2503.XSGE,2025-02-13 14:10:00,day,2025-02-13,day_2025-02-13,77570.0,77630.0,77570.0,77630.0,721.0,279752100.0,181783.0
CU,CU2503.XSGE,2025-02-13 14:11:00,day,2025-02-13,day_2025-02-13,77630.0,77630.0,77610.0,77620.0,200.0,77625200.0,181842.0
CU,CU2503.XSGE,2025-02-13 14:12:00,day,2025-02-13,day_2025-02-13,77610.0,77640.0,77610.0,77620.0,174.0,67533850.0,181835.0
CU,CU2503.XSGE,2025-02-13 14:13:00,day,2025-02-13,day_2025-02-13,77610.0,77640.0,77610.0,77640.0,237.0,91990550.0,181904.0
CU,CU2503.XSGE,2025-02-13 14:14:00,day,2025-02-13,day_2025-02-13,77630.0,77650.0,77630.0,77630.0,556.0,215849150.0,181864.0
CU,CU2503.XSGE,2025-02-13 14:15:00,day,2025-02-13,day_2025-02-13,77630.0,77670.0,77630.0,77670.0,222.0,86189300.0,181942.0
CU,CU2503.XSGE,2025-02-13 14:16:00,day,2025-02-13,day_2025-02-13,77670.0,77670.0,77650.0,77660.0,185.0,71836750.0,181961.0
CU,CU2503.XSGE,2025-02-13 14:17:00,day,2025-02-13,day_2025-02-13,77660.0,77660.0,77630.0,77640.0,259.0,100544450.0,182010.0
CU,CU2503.XSGE,2025-02-13 14:18:00,day,2025-02-13,day_2025-02-13,77650.0,77660.0,77640.0,77650.0,214.0,83082950.0,182120.0
CU,CU2503.XSGE,2025-02-13 14:19:00,day,2025-02-13,day_2025-02-13,77650.0,77670.0,77650.0,77660.0,334.0,129687700.0,182185.0
CU,CU2503.XSGE,2025-02-13 14:20:00,day,2025-02-13,day_2025-02-13,77660.0,77710.0,77660.0,77680.0,781.0,303369000.0,181986.0
CU,CU2503.XSGE,2025-02-13 14:21:00,day,2025-02-13,day_2025-02-13,77670.0,77670.0,77640.0,77660.0,267.0,103671150.0,182053.0
CU,CU2503.XSGE,2025-02-13 14:22:00,day,2025-02-13,day_2025-02-13,77660.0,77670.0,77640.0,77660.0,328.0,127352400.0,181999.0
CU,CU2503.XSGE,2025-02-13 14:23:00,day,2025-02-13,day_2025-02-13,77650.0,77690.0,77650.0,77670.0,204.0,79226200.0,182034.0
CU,CU2503.XSGE,2025-02-13 14:24:00,day,2025-02-13,day_2025-02-13,77660.0,77680.0,77660.0,77660.0,129.0,50093850.0,182002.0
CU,CU2503.XSGE,2025-02-13 14:25:00,day,2025-02-13,day_2025-02-13,77670.0,77690.0,77670.0,77680.0,171.0,66412200.0,182060.0
CU,CU2503.XSGE,2025-02-13 14:26:00,day,2025-02-13,day_2025-02-13,77690.0,77730.0,77680.0,77710.0,390.0,151518050.0,182181.0
CU,CU2503.XSGE,2025-02-13 14:27:00,day,2025-02-13,day_2025-02-13,77700.0,77720.0,77680.0,77690.0,186.0,72260450.0,182211.0
CU,CU2503.XSGE,2025-02-13 14:28:00,day,2025-02-13,day_2025-02-13,77690.0,77690.0,77670.0,77670.0,134.0,52045750.0,182291.0
CU,CU2503.XSGE,2025-02-13 14:29:00,day,2025-02-13,day_2025-02-13,77690.0,77700.0,77670.0,77670.0,162.0,62924950.0,182290.0
CU,CU2503.XSGE,2025-02-13 14:30:00,day,2025-02-13,day_2025-02-13,77680.0,77690.0,77670.0,77680.0,192.0,74570400.0,182329.0
CU,CU2503.XSGE,2025-02-13 14:31:00,day,2025-02-13,day_2025-02-13,77680.0,77680.0,77670.0,77680.0,180.0,69908200.0,182368.0
CU,CU2503.XSGE,2025-02-13 14:32:00,day,2025-02-13,day_2025-02-13,77670.0,77710.0,77670.0,77710.0,142.0,55160300.0,182409.0
CU,CU2503.XSGE,2025-02-13 14:33:00,day,2025-02-13,day_2025-02-13,77700.0,77700.0,77670.0,77670.0,295.0,114594200.0,182463.0
CU,CU2503.XSGE,2025-02-13 14:34:00,day,2025-02-13,day_2025-02-13,77670.0,77670.0,77620.0,77620.0,456.0,177015500.0,182397.0
CU,CU2503.XSGE,2025-02-13 14:35:00,day,2025-02-13,day_2025-02-13,77620.0,77670.0,77610.0,77670.0,396.0,153713450.0,182327.0
CU,CU2503.XSGE,2025-02-13 14:36:00,day,2025-02-13,day_2025-02-13,77670.0,77700.0,77660.0,77700.0,269.0,104480450.0,182390.0
CU,CU2503.XSGE,2025-02-13 14:37:00,day,2025-02-13,day_2025-02-13,77700.0,77700.0,77670.0,77690.0,282.0,109533300.0,182439.0
CU,CU2503.XSGE,2025-02-13 14:38:00,day,2025-02-13,day_2025-02-13,77680.0,77700.0,77680.0,77690.0,67.0,26026000.0,182428.0
CU,CU2503.XSGE,2025-02-13 14:39:00,day,2025-02-13,day_2025-02-13,77690.0,77710.0,77670.0,77690.0,325.0,126246750.0,182476.0
CU,CU2503.XSGE,2025-02-13 14:40:00,day,2025-02-13,day_2025-02-13,77680.0,77680.0,77630.0,77650.0,164.0,63669550.0,182432.0
CU,CU2503.XSGE,2025-02-13 14:41:00,day,2025-02-13,day_2025-02-13,77650.0,77660.0,77640.0,77660.0,96.0,37270650.0,182432.0
CU,CU2503.XSGE,2025-02-13 14:42:00,day,2025-02-13,day_2025-02-13,77650.0,77660.0,77640.0,77640.0,115.0,44647300.0,182461.0
CU,CU2503.XSGE,2025-02-13 14:43:00,day,2025-02-13,day_2025-02-13,77630.0,77650.0,77590.0,77590.0,221.0,85771850.0,182483.0
CU,CU2503.XSGE,2025-02-13 14:44:00,day,2025-02-13,day_2025-02-13,77600.0,77600.0,77550.0,77600.0,728.0,282382350.0,182344.0
CU,CU2503.XSGE,2025-02-13 14:45:00,day,2025-02-13,day_2025-02-13,77600.0,77600.0,77540.0,77550.0,417.0,161739100.0,182429.0
CU,CU2503.XSGE,2025-02-13 14:46:00,day,2025-02-13,day_2025-02-13,77540.0,77580.0,77540.0,77580.0,348.0,134961750.0,182460.0
CU,CU2503.XSGE,2025-02-13 14:47:00,day,2025-02-13,day_2025-02-13,77580.0,77580.0,77560.0,77580.0,213.0,82619100.0,182484.0
CU,CU2503.XSGE,2025-02-13 14:48:00,day,2025-02-13,day_2025-02-13,77580.0,77600.0,77560.0,77570.0,398.0,154387000.0,182596.0
CU,CU2503.XSGE,2025-02-13 14:49:00,day,2025-02-13,day_2025-02-13,77570.0,77580.0,77540.0,77580.0,271.0,105085700.0,182620.0
CU,CU2503.XSGE,2025-02-13 14:50:00,day,2025-02-13,day_2025-02-13,77570.0,77590.0,77570.0,77570.0,131.0,50811650.0,182668.0
CU,CU2503.XSGE,2025-02-13 14:51:00,day,2025-02-13,day_2025-02-13,77580.0,77590.0,77570.0,77580.0,144.0,55856150.0,182666.0
CU,CU2503.XSGE,2025-02-13 14:52:00,day,2025-02-13,day_2025-02-13,77580.0,77600.0,77580.0,77600.0,145.0,56253250.0,182688.0
CU,CU2503.XSGE,2025-02-13 14:53:00,day,2025-02-13,day_2025-02-13,77590.0,77620.0,77590.0,77620.0,134.0,51994900.0,182689.0
CU,CU2503.XSGE,2025-02-13 14:54:00,day,2025-02-13,day_2025-02-13,77610.0,77620.0,77600.0,77600.0,187.0,72562400.0,182755.0
CU,CU2503.XSGE,2025-02-13 14:55:00,day,2025-02-13,day_2025-02-13,77590.0,77600.0,77570.0,77590.0,170.0,65951800.0,182820.0
CU,CU2503.XSGE,2025-02-13 14:56:00,day,2025-02-13,day_2025-02-13,77590.0,77590.0,77550.0,77560.0,226.0,87651350.0,182826.0
CU,CU2503.XSGE,2025-02-13 14:57:00,day,2025-02-13,day_2025-02-13,77560.0,77570.0,77520.0,77520.0,318.0,123295050.0,182816.0
CU,CU2503.XSGE,2025-02-13 14:58:00,day,2025-02-13,day_2025-02-13,77530.0,77550.0,77510.0,77550.0,214.0,82952700.0,182751.0
CU,CU2503.XSGE,2025-02-13 14:59:00,day,2025-02-13,day_2025-02-13,77540.0,77560.0,77530.0,77550.0,333.0,129121450.0,182841.0
CU,CU2503.XSGE,2025-02-13 15:00:00,day,2025-02-13,day_2025-02-13,77540.0,77580.0,77520.0,77560.0,619.0,239808350.0,182747.0
CU,CU2503.XSGE,2025-02-13 21:01:00,night,2025-02-13,night_2025-02-13,77500.0,77540.0,77470.0,77490.0,1134.0,439429350.0,182528.0
CU,CU2503.XSGE,2025-02-13 21:02:00,night,2025-02-13,night_2025-02-13,77490.0,77570.0,77480.0,77570.0,384.0,148847150.0,182392.0
CU,CU2503.XSGE,2025-02-13 21:03:00,night,2025-02-13,night_2025-02-13,77560.0,77580.0,77540.0,77570.0,281.0,108968850.0,182356.0
CU,CU2503.XSGE,2025-02-13 21:04:00,night,2025-02-13,night_2025-02-13,77560.0,77570.0,77550.0,77570.0,169.0,65539300.0,182341.0
CU,CU2503.XSGE,2025-02-13 21:05:00,night,2025-02-13,night_2025-02-13,77560.0,77590.0,77530.0,77530.0,246.0,95395550.0,182325.0
CU,CU2503.XSGE,2025-02-13 21:06:00,night,2025-02-13,night_2025-02-13,77530.0,77530.0,77480.0,77490.0,368.0,142584500.0,182266.0
CU,CU2503.XSGE,2025-02-13 21:07:00,night,2025-02-13,night_2025-02-13,77500.0,77550.0,77490.0,77530.0,285.0,110450550.0,182161.0
CU,CU2503.XSGE,2025-02-13 21:08:00,night,2025-02-13,night_2025-02-13,77530.0,77590.0,77530.0,77590.0,154.0,59716350.0,182130.0
CU,CU2503.XSGE,2025-02-13 21:09:00,night,2025-02-13,night_2025-02-13,77590.0,77590.0,77550.0,77550.0,114.0,44213050.0,182097.0
CU,CU2503.XSGE,2025-02-13 21:10:00,night,2025-02-13,night_2025-02-13,77550.0,77580.0,77550.0,77570.0,227.0,88037100.0,182033.0
CU,CU2503.XSGE,2025-02-13 21:11:00,night,2025-02-13,night_2025-02-13,77570.0,77580.0,77560.0,77570.0,91.0,35294150.0,182010.0
CU,CU2503.XSGE,2025-02-13 21:12:00,night,2025-02-13,night_2025-02-13,77580.0,77580.0,77550.0,77560.0,119.0,46151650.0,181985.0
CU,CU2503.XSGE,2025-02-13 21:13:00,night,2025-02-13,night_2025-02-13,77550.0,77550.0,77490.0,77500.0,144.0,55810950.0,181940.0
CU,CU2503.XSGE,2025-02-13 21:14:00,night,2025-02-13,night_2025-02-13,77500.0,77500.0,77450.0,77460.0,315.0,122015000.0,181916.0
CU,CU2503.XSGE,2025-02-13 21:15:00,night,2025-02-13,night_2025-02-13,77470.0,77480.0,77440.0,77450.0,216.0,83657400.0,181856.0
CU,CU2503.XSGE,2025-02-13 21:16:00,night,2025-02-13,night_2025-02-13,77450.0,77450.0,77420.0,77420.0,149.0,57693250.0,181847.0
CU,CU2503.XSGE,2025-02-13 21:17:00,night,2025-02-13,night_2025-02-13,77420.0,77430.0,77400.0,77410.0,378.0,146313300.0,181844.0
CU,CU2503.XSGE,2025-02-13 21:18:00,night,2025-02-13,night_2025-02-13,77410.0,77430.0,77390.0,77410.0,401.0,155198850.0,181776.0
CU,CU2503.XSGE,2025-02-13 21:19:00,night,2025-02-13,night_2025-02-13,77420.0,77440.0,77420.0,77440.0,192.0,74332700.0,181786.0
CU,CU2503.XSGE,2025-02-13 21:20:00,night,2025-02-13,night_2025-02-13,77430.0,77430.0,77400.0,77420.0,84.0,32513650.0,181759.0
CU,CU2503.XSGE,2025-02-13 21:21:00,night,2025-02-13,night_2025-02-13,77430.0,77440.0,77420.0,77440.0,86.0,33296100.0,181713.0
CU,CU2503.XSGE,2025-02-13 21:22:00,night,2025-02-13,night_2025-02-13,77450.0,77470.0,77450.0,77460.0,104.0,40279350.0,181647.0
CU,CU2503.XSGE,2025-02-13 21:23:00,night,2025-02-13,night_2025-02-13,77470.0,77470.0,77440.0,77460.0,41.0,15877400.0,181642.0
CU,CU2503.XSGE,2025-02-13 21:24:00,night,2025-02-13,night_2025-02-13,77450.0,77460.0,77420.0,77420.0,76.0,29428100.0,181608.0
CU,CU2503.XSGE,2025-02-13 21:25:00,night,2025-02-13,night_2025-02-13,77420.0,77430.0,77400.0,77400.0,65.0,25159250.0,181591.0
CU,CU2503.XSGE,2025-02-13 21:26:00,night,2025-02-13,night_2025-02-13,77400.0,77420.0,77400.0,77420.0,158.0,61151200.0,181541.0
CU,CU2503.XSGE,2025-02-13 21:27:00,night,2025-02-13,night_2025-02-13,77420.0,77430.0,77400.0,77400.0,117.0,45292250.0,181481.0
CU,CU2503.XSGE,2025-02-13 21:28:00,night,2025-02-13,night_2025-02-13,77410.0,77420.0,77400.0,77410.0,59.0,22836950.0,181484.0
CU,CU2503.XSGE,2025-02-13 21:29:00,night,2025-02-13,night_2025-02-13,77410.0,77410.0,77360.0,77370.0,168.0,65000150.0,181506.0
CU,CU2503.XSGE,2025-02-13 21:30:00,night,2025-02-13,night_2025-02-13,77370.0,77380.0,77340.0,77360.0,213.0,82386450.0,181429.0
CU,CU2503.XSGE,2025-02-13 21:31:00,night,2025-02-13,night_2025-02-13,77360.0,77400.0,77350.0,77350.0,470.0,181830200.0,181288.0
CU,CU2503.XSGE,2025-02-13 21:32:00,night,2025-02-13,night_2025-02-13,77350.0,77370.0,77350.0,77350.0,174.0,67298850.0,181267.0
CU,CU2503.XSGE,2025-02-13 21:33:00,night,2025-02-13,night_2025-02-13,77350.0,77350.0,77330.0,77350.0,159.0,61484900.0,181188.0
CU,CU2503.XSGE,2025-02-13 21:34:00,night,2025-02-13,night_2025-02-13,77350.0,77380.0,77350.0,77360.0,154.0,59572500.0,181125.0
CU,CU2503.XSGE,2025-02-13 21:35:00,night,2025-02-13,night_2025-02-13,77370.0,77390.0,77360.0,77370.0,69.0,26694250.0,181108.0
CU,CU2503.XSGE,2025-02-13 21:36:00,night,2025-02-13,night_2025-02-13,77370.0,77370.0,77340.0,77360.0,184.0,71166550.0,181057.0
CU,CU2503.XSGE,2025-02-13 21:37:00,night,2025-02-13,night_2025-02-13,77360.0,77380.0,77350.0,77360.0,192.0,74267900.0,180971.0
CU,CU2503.XSGE,2025-02-13 21:38:00,night,2025-02-13,night_2025-02-13,77360.0,77380.0,77350.0,77380.0,86.0,33265550.0,180969.0
CU,CU2503.XSGE,2025-02-13 21:39:00,night,2025-02-13,night_2025-02-13,77380.0,77410.0,77370.0,77400.0,123.0,47595800.0,180962.0
CU,CU2503.XSGE,2025-02-13 21:40:00,night,2025-02-13,night_2025-02-13,77400.0,77420.0,77390.0,77410.0,68.0,26317150.0,180947.0
CU,CU2503.XSGE,2025-02-13 21:41:00,night,2025-02-13,night_2025-02-13,77420.0,77430.0,77400.0,77420.0,132.0,51093400.0,180917.0
CU,CU2503.XSGE,2025-02-13 21:42:00,night,2025-02-13,night_2025-02-13,77410.0,77430.0,77400.0,77430.0,62.0,23998850.0,180900.0
CU,CU2503.XSGE,2025-02-13 21:43:00,night,2025-02-13,night_2025-02-13,77420.0,77460.0,77420.0,77460.0,103.0,39883150.0,180853.0
CU,CU2503.XSGE,2025-02-13 21:44:00,night,2025-02-13,night_2025-02-13,77460.0,77460.0,77440.0,77460.0,95.0,36790500.0,180858.0
CU,CU2503.XSGE,2025-02-13 21:45:00,night,2025-02-13,night_2025-02-13,77450.0,77450.0,77410.0,77410.0,85.0,32908550.0,180844.0
CU,CU2503.XSGE,2025-02-13 21:46:00,night,2025-02-13,night_2025-02-13,77400.0,77410.0,77360.0,77390.0,201.0,77771900.0,180797.0
CU,CU2503.XSGE,2025-02-13 21:47:00,night,2025-02-13,night_2025-02-13,77400.0,77400.0,77390.0,77390.0,43.0,16639450.0,180784.0
CU,CU2503.XSGE,2025-02-13 21:48:00,night,2025-02-13,night_2025-02-13,77370.0,77380.0,77340.0,77350.0,390.0,150840100.0,180680.0
CU,CU2503.XSGE,2025-02-13 21:49:00,night,2025-02-13,night_2025-02-13,77350.0,77370.0,77340.0,77370.0,57.0,22046100.0,180687.0
CU,CU2503.XSGE,2025-02-13 21:50:00,night,2025-02-13,night_2025-02-13,77370.0,77370.0,77350.0,77360.0,105.0,40613900.0,180678.0
CU,CU2503.XSGE,2025-02-13 21:51:00,night,2025-02-13,night_2025-02-13,77350.0,77360.0,77350.0,77350.0,77.0,29780800.0,180638.0
CU,CU2503.XSGE,2025-02-13 21:52:00,night,2025-02-13,night_2025-02-13,77350.0,77360.0,77350.0,77360.0,51.0,19726250.0,180612.0
CU,CU2503.XSGE,2025-02-13 21:53:00,night,2025-02-13,night_2025-02-13,77370.0,77370.0,77340.0,77350.0,80.0,30941750.0,180614.0
CU,CU2503.XSGE,2025-02-13 21:54:00,night,2025-02-13,night_2025-02-13,77340.0,77340.0,77310.0,77330.0,225.0,86992250.0,180532.0
CU,CU2503.XSGE,2025-02-13 21:55:00,night,2025-02-13,night_2025-02-13,77330.0,77330.0,77270.0,77280.0,658.0,254290200.0,180449.0
CU,CU2503.XSGE,2025-02-13 21:56:00,night,2025-02-13,night_2025-02-13,77280.0,77330.0,77280.0,77330.0,268.0,103592950.0,180451.0
CU,CU2503.XSGE,2025-02-13 21:57:00,night,2025-02-13,night_2025-02-13,77330.0,77340.0,77310.0,77340.0,42.0,16239450.0,180447.0
CU,CU2503.XSGE,2025-02-13 21:58:00,night,2025-02-13,night_2025-02-13,77340.0,77350.0,77320.0,77350.0,71.0,27454500.0,180435.0
CU,CU2503.XSGE,2025-02-13 21:59:00,night,2025-02-13,night_2025-02-13,77350.0,77380.0,77350.0,77360.0,145.0,56092900.0,180466.0
CU,CU2503.XSGE,2025-02-13 22:00:00,night,2025-02-13,night_2025-02-13,77350.0,77360.0,77340.0,77350.0,34.0,13149500.0,180467.0
CU,CU2503.XSGE,2025-02-13 22:01:00,night,2025-02-13,night_2025-02-13,77350.0,77350.0,77260.0,77280.0,245.0,94679250.0,180398.0
CU,CU2503.XSGE,2025-02-13 22:02:00,night,2025-02-13,night_2025-02-13,77280.0,77320.0,77260.0,77300.0,94.0,36322750.0,180377.0
CU,CU2503.XSGE,2025-02-13 22:03:00,night,2025-02-13,night_2025-02-13,77310.0,77340.0,77300.0,77300.0,113.0,43684450.0,180375.0
CU,CU2503.XSGE,2025-02-13 22:04:00,night,2025-02-13,night_2025-02-13,77330.0,77330.0,77300.0,77320.0,70.0,27060300.0,180392.0
CU,CU2503.XSGE,2025-02-13 22:05:00,night,2025-02-13,night_2025-02-13,77330.0,77330.0,77300.0,77300.0,64.0,24740750.0,180390.0
CU,CU2503.XSGE,2025-02-13 22:06:00,night,2025-02-13,night_2025-02-13,77310.0,77310.0,77270.0,77280.0,169.0,65305800.0,180344.0
CU,CU2503.XSGE,2025-02-13 22:07:00,night,2025-02-13,night_2025-02-13,77270.0,77280.0,77180.0,77210.0,676.0,261011450.0,180201.0
CU,CU2503.XSGE,2025-02-13 22:08:00,night,2025-02-13,night_2025-02-13,77210.0,77210.0,77180.0,77200.0,214.0,82598000.0,180168.0
CU,CU2503.XSGE,2025-02-13 22:09:00,night,2025-02-13,night_2025-02-13,77190.0,77220.0,77180.0,77180.0,240.0,92637000.0,180113.0
CU,CU2503.XSGE,2025-02-13 22:10:00,night,2025-02-13,night_2025-02-13,77180.0,77210.0,77180.0,77210.0,270.0,104208800.0,180030.0
CU,CU2503.XSGE,2025-02-13 22:11:00,night,2025-02-13,night_2025-02-13,77220.0,77220.0,77200.0,77220.0,59.0,22778450.0,180022.0
CU,CU2503.XSGE,2025-02-13 22:12:00,night,2025-02-13,night_2025-02-13,77210.0,77240.0,77210.0,77230.0,152.0,58692350.0,179993.0
CU,CU2503.XSGE,2025-02-13 22:13:00,night,2025-02-13,night_2025-02-13,77220.0,77240.0,77220.0,77220.0,49.0,18921450.0,179998.0
CU,CU2503.XSGE,2025-02-13 22:14:00,night,2025-02-13,night_2025-02-13,77230.0,77240.0,77210.0,77230.0,72.0,27799750.0,179982.0
CU,CU2503.XSGE,2025-02-13 22:15:00,night,2025-02-13,night_2025-02-13,77240.0,77250.0,77220.0,77240.0,98.0,37845400.0,179951.0
CU,CU2503.XSGE,2025-02-13 22:16:00,night,2025-02-13,night_2025-02-13,77230.0,77240.0,77220.0,77240.0,39.0,15060850.0,179952.0
CU,CU2503.XSGE,2025-02-13 22:17:00,night,2025-02-13,night_2025-02-13,77240.0,77280.0,77240.0,77280.0,87.0,33612450.0,179930.0
CU,CU2503.XSGE,2025-02-13 22:18:00,night,2025-02-13,night_2025-02-13,77280.0,77310.0,77270.0,77290.0,123.0,47537100.0,179940.0
CU,CU2503.XSGE,2025-02-13 22:19:00,night,2025-02-13,night_2025-02-13,77290.0,77300.0,77270.0,77270.0,36.0,13911500.0,179942.0
CU,CU2503.XSGE,2025-02-13 22:20:00,night,2025-02-13,night_2025-02-13,77260.0,77280.0,77260.0,77280.0,81.0,31294450.0,179950.0
CU,CU2503.XSGE,2025-02-13 22:21:00,night,2025-02-13,night_2025-02-13,77280.0,77290.0,77260.0,77280.0,45.0,17388700.0,179961.0
CU,CU2503.XSGE,2025-02-13 22:22:00,night,2025-02-13,night_2025-02-13,77280.0,77290.0,77260.0,77260.0,55.0,21252150.0,179954.0
CU,CU2503.XSGE,2025-02-13 22:23:00,night,2025-02-13,night_2025-02-13,77250.0,77260.0,77230.0,77230.0,77.0,29739600.0,179951.0
CU,CU2503.XSGE,2025-02-13 22:24:00,night,2025-02-13,night_2025-02-13,77240.0,77250.0,77210.0,77220.0,150.0,57917800.0,179952.0
CU,CU2503.XSGE,2025-02-13 22:25:00,night,2025-02-13,night_2025-02-13,77220.0,77220.0,77210.0,77220.0,137.0,52895900.0,179990.0
CU,CU2503.XSGE,2025-02-13 22:26:00,night,2025-02-13,night_2025-02-13,77220.0,77230.0,77220.0,77230.0,84.0,32433550.0,180032.0
CU,CU2503.XSGE,2025-02-13 22:27:00,night,2025-02-13,night_2025-02-13,77230.0,77240.0,77220.0,77240.0,48.0,18535000.0,180038.0
CU,CU2503.XSGE,2025-02-13 22:28:00,night,2025-02-13,night_2025-02-13,77230.0,77230.0,77210.0,77210.0,48.0,18532900.0,180038.0
CU,CU2503.XSGE,2025-02-13 22:29:00,night,2025-02-13,night_2025-02-13,77210.0,77230.0,77200.0,77210.0,63.0,24321350.0,180049.0
CU,CU2503.XSGE,2025-02-13 22:30:00,night,2025-02-13,night_2025-02-13,77200.0,77220.0,77190.0,77200.0,76.0,29337450.0,180075.0
CU,CU2503.XSGE,2025-02-13 22:31:00,night,2025-02-13,night_2025-02-13,77200.0,77200.0,77120.0,77180.0,645.0,248845700.0,179900.0
CU,CU2503.XSGE,2025-02-13 22:32:00,night,2025-02-13,night_2025-02-13,77180.0,77180.0,77150.0,77160.0,163.0,62888800.0,179930.0
CU,CU2503.XSGE,2025-02-13 22:33:00,night,2025-02-13,night_2025-02-13,77170.0,77170.0,77150.0,77160.0,53.0,20448500.0,179917.0
CU,CU2503.XSGE,2025-02-13 22:34:00,night,2025-02-13,night_2025-02-13,77170.0,77190.0,77160.0,77190.0,45.0,17364350.0,179904.0
CU,CU2503.XSGE,2025-02-13 22:35:00,night,2025-02-13,night_2025-02-13,77200.0,77220.0,77190.0,77200.0,164.0,63305750.0,179988.0
CU,CU2503.XSGE,2025-02-13 22:36:00,night,2025-02-13,night_2025-02-13,77210.0,77210.0,77190.0,77200.0,55.0,21231250.0,179988.0
CU,CU2503.XSGE,2025-02-13 22:37:00,night,2025-02-13,night_2025-02-13,77190.0,77190.0,77170.0,77180.0,69.0,26627150.0,179987.0
CU,CU2503.XSGE,2025-02-13 22:38:00,night,2025-02-13,night_2025-02-13,77180.0,77200.0,77180.0,77200.0,15.0,5789750.0,179990.0
CU,CU2503.XSGE,2025-02-13 22:39:00,night,2025-02-13,night_2025-02-13,77200.0,77200.0,77190.0,77190.0,30.0,11579550.0,179999.0
CU,CU2503.XSGE,2025-02-13 22:40:00,night,2025-02-13,night_2025-02-13,77200.0,77200.0,77190.0,77200.0,18.0,6947850.0,179996.0
CU,CU2503.XSGE,2025-02-13 22:41:00,night,2025-02-13,night_2025-02-13,77200.0,77200.0,77180.0,77200.0,58.0,22385800.0,179984.0
CU,CU2503.XSGE,2025-02-13 22:42:00,night,2025-02-13,night_2025-02-13,77200.0,77240.0,77200.0,77240.0,37.0,14286400.0,179981.0
CU,CU2503.XSGE,2025-02-13 22:43:00,night,2025-02-13,night_2025-02-13,77240.0,77250.0,77220.0,77230.0,66.0,25488750.0,179994.0
CU,CU2503.XSGE,2025-02-13 22:44:00,night,2025-02-13,night_2025-02-13,77240.0,77240.0,77220.0,77230.0,18.0,6951100.0,179989.0
CU,CU2503.XSGE,2025-02-13 22:45:00,night,2025-02-13,night_2025-02-13,77220.0,77230.0,77200.0,77200.0,34.0,13126750.0,180007.0
CU,CU2503.XSGE,2025-02-13 22:46:00,night,2025-02-13,night_2025-02-13,77200.0,77200.0,77180.0,77180.0,48.0,18525550.0,180019.0
CU,CU2503.XSGE,2025-02-13 22:47:00,night,2025-02-13,night_2025-02-13,77190.0,77230.0,77180.0,77220.0,304.0,117328200.0,180007.0
CU,CU2503.XSGE,2025-02-13 22:48:00,night,2025-02-13,night_2025-02-13,77220.0,77220.0,77190.0,77210.0,43.0,16599600.0,179997.0
CU,CU2503.XSGE,2025-02-13 22:49:00,night,2025-02-13,night_2025-02-13,77200.0,77220.0,77200.0,77210.0,47.0,18144600.0,179981.0
CU,CU2503.XSGE,2025-02-13 22:50:00,night,2025-02-13,night_2025-02-13,77210.0,77260.0,77210.0,77260.0,156.0,60251950.0,180009.0
CU,CU2503.XSGE,2025-02-13 22:51:00,night,2025-02-13,night_2025-02-13,77250.0,77280.0,77250.0,77270.0,53.0,20475200.0,179998.0
CU,CU2503.XSGE,2025-02-13 22:52:00,night,2025-02-13,night_2025-02-13,77260.0,77270.0,77250.0,77250.0,33.0,12748250.0,179987.0
CU,CU2503.XSGE,2025-02-13 22:53:00,night,2025-02-13,night_2025-02-13,77260.0,77280.0,77260.0,77270.0,59.0,22793950.0,180018.0
CU,CU2503.XSGE,2025-02-13 22:54:00,night,2025-02-13,night_2025-02-13,77270.0,77270.0,77240.0,77250.0,60.0,23176050.0,180018.0
CU,CU2503.XSGE,2025-02-13 22:55:00,night,2025-02-13,night_2025-02-13,77250.0,77260.0,77240.0,77260.0,19.0,7338850.0,180013.0
CU,CU2503.XSGE,2025-02-13 22:56:00,night,2025-02-13,night_2025-02-13,77260.0,77260.0,77240.0,77240.0,42.0,16221850.0,180022.0
CU,CU2503.XSGE,2025-02-13 22:57:00,night,2025-02-13,night_2025-02-13,77250.0,77250.0,77210.0,77230.0,89.0,34367450.0,180041.0
CU,CU2503.XSGE,2025-02-13 22:58:00,night,2025-02-13,night_2025-02-13,77220.0,77240.0,77210.0,77240.0,31.0,11969450.0,180037.0
CU,CU2503.XSGE,2025-02-13 22:59:00,night,2025-02-13,night_2025-02-13,77250.0,77270.0,77240.0,77250.0,110.0,42487050.0,180045.0
CU,CU2503.XSGE,2025-02-13 23:00:00,night,2025-02-13,night_2025-02-13,77250.0,77260.0,77240.0,77250.0,33.0,12746500.0,180043.0
CU,CU2503.XSGE,2025-02-13 23:01:00,night,2025-02-13,night_2025-02-13,77250.0,77260.0,77240.0,77240.0,33.0,12745750.0,180040.0
CU,CU2503.XSGE,2025-02-13 23:02:00,night,2025-02-13,night_2025-02-13,77250.0,77270.0,77250.0,77270.0,82.0,31677950.0,180062.0
CU,CU2503.XSGE,2025-02-13 23:03:00,night,2025-02-13,night_2025-02-13,77270.0,77280.0,77250.0,77270.0,126.0,48675400.0,180066.0
CU,CU2503.XSGE,2025-02-13 23:04:00,night,2025-02-13,night_2025-02-13,77260.0,77270.0,77220.0,77220.0,104.0,40166650.0,180084.0
CU,CU2503.XSGE,2025-02-13 23:05:00,night,2025-02-13,night_2025-02-13,77220.0,77220.0,77200.0,77210.0,86.0,33201350.0,180050.0
CU,CU2503.XSGE,2025-02-13 23:06:00,night,2025-02-13,night_2025-02-13,77220.0,77240.0,77210.0,77220.0,23.0,8880800.0,180051.0
CU,CU2503.XSGE,2025-02-13 23:07:00,night,2025-02-13,night_2025-02-13,77240.0,77240.0,77220.0,77230.0,24.0,9267600.0,180052.0
CU,CU2503.XSGE,2025-02-13 23:08:00,night,2025-02-13,night_2025-02-13,77230.0,77260.0,77220.0,77250.0,37.0,14290600.0,180039.0
CU,CU2503.XSGE,2025-02-13 23:09:00,night,2025-02-13,night_2025-02-13,77260.0,77270.0,77250.0,77250.0,30.0,11589000.0,180035.0
CU,CU2503.XSGE,2025-02-13 23:10:00,night,2025-02-13,night_2025-02-13,77250.0,77270.0,77250.0,77260.0,79.0,30518000.0,180054.0
CU,CU2503.XSGE,2025-02-13 23:11:00,night,2025-02-13,night_2025-02-13,77260.0,77280.0,77250.0,77280.0,43.0,16612600.0,180048.0
CU,CU2503.XSGE,2025-02-13 23:12:00,night,2025-02-13,night_2025-02-13,77280.0,77300.0,77280.0,77290.0,58.0,22412450.0,180058.0
CU,CU2503.XSGE,2025-02-13 23:13:00,night,2025-02-13,night_2025-02-13,77280.0,77330.0,77280.0,77320.0,128.0,49476650.0,180032.0
CU,CU2503.XSGE,2025-02-13 23:14:00,night,2025-02-13,night_2025-02-13,77330.0,77330.0,77300.0,77330.0,171.0,66106850.0,180096.0
CU,CU2503.XSGE,2025-02-13 23:15:00,night,2025-02-13,night_2025-02-13,77330.0,77330.0,77310.0,77330.0,93.0,35954800.0,180084.0
CU,CU2503.XSGE,2025-02-13 23:16:00,night,2025-02-13,night_2025-02-13,77330.0,77330.0,77300.0,77310.0,97.0,37498500.0,180085.0
CU,CU2503.XSGE,2025-02-13 23:17:00,night,2025-02-13,night_2025-02-13,77310.0,77330.0,77300.0,77330.0,119.0,46000600.0,180119.0
CU,CU2503.XSGE,2025-02-13 23:18:00,night,2025-02-13,night_2025-02-13,77320.0,77330.0,77310.0,77310.0,28.0,10825600.0,180117.0
CU,CU2503.XSGE,2025-02-13 23:19:00,night,2025-02-13,night_2025-02-13,77320.0,77320.0,77300.0,77310.0,46.0,17781200.0,180122.0
CU,CU2503.XSGE,2025-02-13 23:20:00,night,2025-02-13,night_2025-02-13,77320.0,77320.0,77310.0,77310.0,56.0,21648400.0,180106.0
CU,CU2503.XSGE,2025-02-13 23:21:00,night,2025-02-13,night_2025-02-13,77320.0,77320.0,77300.0,77310.0,87.0,33629850.0,180109.0
CU,CU2503.XSGE,2025-02-13 23:22:00,night,2025-02-13,night_2025-02-13,77320.0,77320.0,77280.0,77280.0,90.0,34785950.0,180039.0
CU,CU2503.XSGE,2025-02-13 23:23:00,night,2025-02-13,night_2025-02-13,77290.0,77310.0,77290.0,77310.0,33.0,12754700.0,180027.0
CU,CU2503.XSGE,2025-02-13 23:24:00,night,2025-02-13,night_2025-02-13,77310.0,77340.0,77310.0,77330.0,36.0,13918550.0,180018.0
CU,CU2503.XSGE,2025-02-13 23:25:00,night,2025-02-13,night_2025-02-13,77340.0,77370.0,77340.0,77360.0,88.0,34035650.0,180006.0
CU,CU2503.XSGE,2025-02-13 23:26:00,night,2025-02-13,night_2025-02-13,77360.0,77370.0,77340.0,77370.0,32.0,12377500.0,180002.0
CU,CU2503.XSGE,2025-02-13 23:27:00,night,2025-02-13,night_2025-02-13,77360.0,77390.0,77350.0,77390.0,83.0,32109850.0,180000.0
CU,CU2503.XSGE,2025-02-13 23:28:00,night,2025-02-13,night_2025-02-13,77400.0,77430.0,77400.0,77430.0,236.0,91350200.0,179969.0
CU,CU2503.XSGE,2025-02-13 23:29:00,night,2025-02-13,night_2025-02-13,77420.0,77420.0,77380.0,77380.0,75.0,29026500.0,179973.0
CU,CU2503.XSGE,2025-02-13 23:30:00,night,2025-02-13,night_2025-02-13,77380.0,77410.0,77380.0,77410.0,44.0,17028950.0,179971.0
CU,CU2503.XSGE,2025-02-13 23:31:00,night,2025-02-13,night_2025-02-13,77400.0,77410.0,77400.0,77400.0,127.0,49153000.0,179940.0
CU,CU2503.XSGE,2025-02-13 23:32:00,night,2025-02-13,night_2025-02-13,77390.0,77400.0,77380.0,77400.0,31.0,11995350.0,179929.0
CU,CU2503.XSGE,2025-02-13 23:33:00,night,2025-02-13,night_2025-02-13,77410.0,77420.0,77410.0,77420.0,40.0,15483350.0,179921.0
CU,CU2503.XSGE,2025-02-13 23:34:00,night,2025-02-13,night_2025-02-13,77410.0,77430.0,77390.0,77430.0,132.0,51091150.0,179902.0
CU,CU2503.XSGE,2025-02-13 23:35:00,night,2025-02-13,night_2025-02-13,77440.0,77470.0,77430.0,77470.0,148.0,57315100.0,179909.0
CU,CU2503.XSGE,2025-02-13 23:36:00,night,2025-02-13,night_2025-02-13,77460.0,77510.0,77460.0,77500.0,149.0,57723450.0,179889.0
CU,CU2503.XSGE,2025-02-13 23:37:00,night,2025-02-13,night_2025-02-13,77500.0,77510.0,77480.0,77480.0,65.0,25187650.0,179879.0
CU,CU2503.XSGE,2025-02-13 23:38:00,night,2025-02-13,night_2025-02-13,77490.0,77510.0,77490.0,77510.0,59.0,22863100.0,179870.0
CU,CU2503.XSGE,2025-02-13 23:39:00,night,2025-02-13,night_2025-02-13,77520.0,77540.0,77520.0,77520.0,96.0,37213600.0,179866.0
CU,CU2503.XSGE,2025-02-13 23:40:00,night,2025-02-13,night_2025-02-13,77510.0,77520.0,77480.0,77500.0,74.0,28672700.0,179856.0
CU,CU2503.XSGE,2025-02-13 23:41:00,night,2025-02-13,night_2025-02-13,77480.0,77490.0,77450.0,77450.0,83.0,32151300.0,179863.0
CU,CU2503.XSGE,2025-02-13 23:42:00,night,2025-02-13,night_2025-02-13,77450.0,77490.0,77450.0,77480.0,44.0,17045500.0,179872.0
CU,CU2503.XSGE,2025-02-13 23:43:00,night,2025-02-13,night_2025-02-13,77490.0,77490.0,77470.0,77480.0,23.0,8910600.0,179861.0
CU,CU2503.XSGE,2025-02-13 23:44:00,night,2025-02-13,night_2025-02-13,77480.0,77490.0,77470.0,77480.0,23.0,8910100.0,179860.0
CU,CU2503.XSGE,2025-02-13 23:45:00,night,2025-02-13,night_2025-02-13,77480.0,77510.0,77480.0,77490.0,60.0,23248350.0,179873.0
CU,CU2503.XSGE,2025-02-13 23:46:00,night,2025-02-13,night_2025-02-13,77490.0,77550.0,77490.0,77540.0,137.0,53108700.0,179881.0
CU,CU2503.XSGE,2025-02-13 23:47:00,night,2025-02-13,night_2025-02-13,77540.0,77560.0,77530.0,77550.0,124.0,48081500.0,179920.0
CU,CU2503.XSGE,2025-02-13 23:48:00,night,2025-02-13,night_2025-02-13,77550.0,77550.0,77520.0,77530.0,47.0,18221050.0,179926.0
CU,CU2503.XSGE,2025-02-13 23:49:00,night,2025-02-13,night_2025-02-13,77520.0,77520.0,77510.0,77510.0,42.0,16278700.0,179923.0
CU,CU2503.XSGE,2025-02-13 23:50:00,night,2025-02-13,night_2025-02-13,77510.0,77520.0,77510.0,77520.0,37.0,14340350.0,179926.0
CU,CU2503.XSGE,2025-02-13 23:51:00,night,2025-02-13,night_2025-02-13,77520.0,77530.0,77520.0,77530.0,33.0,12792000.0,179921.0
CU,CU2503.XSGE,2025-02-13 23:52:00,night,2025-02-13,night_2025-02-13,77550.0,77550.0,77530.0,77540.0,61.0,23651200.0,179928.0
CU,CU2503.XSGE,2025-02-13 23:53:00,night,2025-02-13,night_2025-02-13,77530.0,77540.0,77510.0,77530.0,59.0,22869150.0,179919.0
CU,CU2503.XSGE,2025-02-13 23:54:00,night,2025-02-13,night_2025-02-13,77520.0,77530.0,77510.0,77510.0,66.0,25580700.0,179903.0
CU,CU2503.XSGE,2025-02-13 23:55:00,night,2025-02-13,night_2025-02-13,77500.0,77520.0,77490.0,77510.0,96.0,37203300.0,179896.0
CU,CU2503.XSGE,2025-02-13 23:56:00,night,2025-02-13,night_2025-02-13,77520.0,77550.0,77520.0,77550.0,18.0,6977300.0,179900.0
CU,CU2503.XSGE,2025-02-13 23:57:00,night,2025-02-13,night_2025-02-13,77540.0,77540.0,77520.0,77520.0,34.0,13179450.0,179898.0
CU,CU2503.XSGE,2025-02-13 23:58:00,night,2025-02-13,night_2025-02-13,77520.0,77530.0,77510.0,77510.0,23.0,8914650.0,179905.0
CU,CU2503.XSGE,2025-02-13 23:59:00,night,2025-02-13,night_2025-02-13,77510.0,77520.0,77510.0,77520.0,20.0,7751550.0,179906.0
CU,CU2503.XSGE,2025-02-14 00:00:00,night,2025-02-13,night_2025-02-13,77530.0,77540.0,77530.0,77530.0,34.0,13180950.0,179901.0
CU,CU2503.XSGE,2025-02-14 00:01:00,night,2025-02-13,night_2025-02-13,77530.0,77570.0,77530.0,77550.0,126.0,48856950.0,179888.0
CU,CU2503.XSGE,2025-02-14 00:02:00,night,2025-02-13,night_2025-02-13,77550.0,77570.0,77550.0,77560.0,44.0,17064700.0,179877.0
CU,CU2503.XSGE,2025-02-14 00:03:00,night,2025-02-13,night_2025-02-13,77570.0,77570.0,77550.0,77550.0,20.0,7756100.0,179874.0
CU,CU2503.XSGE,2025-02-14 00:04:00,night,2025-02-13,night_2025-02-13,77560.0,77580.0,77540.0,77580.0,65.0,25207600.0,179875.0
CU,CU2503.XSGE,2025-02-14 00:05:00,night,2025-02-13,night_2025-02-13,77570.0,77580.0,77570.0,77580.0,24.0,9308850.0,179883.0
CU,CU2503.XSGE,2025-02-14 00:06:00,night,2025-02-13,night_2025-02-13,77570.0,77580.0,77540.0,77540.0,31.0,12020050.0,179874.0
CU,CU2503.XSGE,2025-02-14 00:07:00,night,2025-02-13,night_2025-02-13,77550.0,77580.0,77530.0,77580.0,90.0,34896650.0,179885.0
CU,CU2503.XSGE,2025-02-14 00:08:00,night,2025-02-13,night_2025-02-13,77570.0,77570.0,77540.0,77550.0,23.0,8918800.0,179892.0
CU,CU2503.XSGE,2025-02-14 00:09:00,night,2025-02-13,night_2025-02-13,77540.0,77550.0,77520.0,77550.0,16.0,6202850.0,179901.0
CU,CU2503.XSGE,2025-02-14 00:10:00,night,2025-02-13,night_2025-02-13,77550.0,77550.0,77510.0,77510.0,48.0,18604450.0,179898.0
CU,CU2503.XSGE,2025-02-14 00:11:00,night,2025-02-13,night_2025-02-13,77510.0,77520.0,77490.0,77490.0,73.0,28287800.0,179890.0
CU,CU2503.XSGE,2025-02-14 00:12:00,night,2025-02-13,night_2025-02-13,77490.0,77500.0,77480.0,77480.0,61.0,23634350.0,179872.0
CU,CU2503.XSGE,2025-02-14 00:13:00,night,2025-02-13,night_2025-02-13,77480.0,77480.0,77460.0,77480.0,46.0,17818400.0,179865.0
CU,CU2503.XSGE,2025-02-14 00:14:00,night,2025-02-13,night_2025-02-13,77490.0,77490.0,77460.0,77460.0,29.0,11233800.0,179849.0
CU,CU2503.XSGE,2025-02-14 00:15:00,night,2025-02-13,night_2025-02-13,77480.0,77480.0,77440.0,77440.0,92.0,35626750.0,179830.0
CU,CU2503.XSGE,2025-02-14 00:16:00,night,2025-02-13,night_2025-02-13,77440.0,77450.0,77420.0,77450.0,53.0,20522000.0,179837.0
CU,CU2503.XSGE,2025-02-14 00:17:00,night,2025-02-13,night_2025-02-13,77450.0,77460.0,77390.0,77390.0,88.0,34060300.0,179799.0
CU,CU2503.XSGE,2025-02-14 00:18:00,night,2025-02-13,night_2025-02-13,77380.0,77390.0,77370.0,77380.0,66.0,25534450.0,179790.0
CU,CU2503.XSGE,2025-02-14 00:19:00,night,2025-02-13,night_2025-02-13,77380.0,77400.0,77380.0,77400.0,71.0,27474100.0,179771.0
CU,CU2503.XSGE,2025-02-14 00:20:00,night,2025-02-13,night_2025-02-13,77400.0,77460.0,77400.0,77440.0,105.0,40657150.0,179764.0
CU,CU2503.XSGE,2025-02-14 00:21:00,night,2025-02-13,night_2025-02-13,77430.0,77440.0,77420.0,77420.0,33.0,12776300.0,179777.0
CU,CU2503.XSGE,2025-02-14 00:22:00,night,2025-02-13,night_2025-02-13,77430.0,77470.0,77430.0,77470.0,35.0,13553350.0,179768.0
CU,CU2503.XSGE,2025-02-14 00:23:00,night,2025-02-13,night_2025-02-13,77470.0,77510.0,77470.0,77510.0,58.0,22475400.0,179755.0
CU,CU2503.XSGE,2025-02-14 00:24:00,night,2025-02-13,night_2025-02-13,77500.0,77510.0,77490.0,77510.0,19.0,7362500.0,179748.0
CU,CU2503.XSGE,2025-02-14 00:25:00,night,2025-02-13,night_2025-02-13,77520.0,77540.0,77520.0,77540.0,20.0,7753000.0,179750.0
CU,CU2503.XSGE,2025-02-14 00:26:00,night,2025-02-13,night_2025-02-13,77520.0,77540.0,77490.0,77490.0,38.0,14727100.0,179754.0
CU,CU2503.XSGE,2025-02-14 00:27:00,night,2025-02-13,night_2025-02-13,77480.0,77510.0,77470.0,77490.0,72.0,27897850.0,179748.0
CU,CU2503.XSGE,2025-02-14 00:28:00,night,2025-02-13,night_2025-02-13,77500.0,77530.0,77500.0,77530.0,26.0,10076950.0,179755.0
CU,CU2503.XSGE,2025-02-14 00:29:00,night,2025-02-13,night_2025-02-13,77520.0,77520.0,77510.0,77520.0,9.0,3488250.0,179755.0
CU,CU2503.XSGE,2025-02-14 00:30:00,night,2025-02-13,night_2025-02-13,77510.0,77520.0,77500.0,77500.0,20.0,7750700.0,179754.0
CU,CU2503.XSGE,2025-02-14 00:31:00,night,2025-02-13,night_2025-02-13,77500.0,77530.0,77500.0,77530.0,14.0,5425750.0,179758.0
CU,CU2503.XSGE,2025-02-14 00:32:00,night,2025-02-13,night_2025-02-13,77510.0,77530.0,77490.0,77490.0,7.0,2712600.0,179757.0
CU,CU2503.XSGE,2025-02-14 00:33:00,night,2025-02-13,night_2025-02-13,77480.0,77530.0,77480.0,77530.0,45.0,17439800.0,179783.0
CU,CU2503.XSGE,2025-02-14 00:34:00,night,2025-02-13,night_2025-02-13,77510.0,77510.0,77500.0,77500.0,6.0,2325200.0,179781.0
CU,CU2503.XSGE,2025-02-14 00:35:00,night,2025-02-13,night_2025-02-13,77500.0,77510.0,77500.0,77510.0,16.0,6200600.0,179781.0
CU,CU2503.XSGE,2025-02-14 00:36:00,night,2025-02-13,night_2025-02-13,77500.0,77530.0,77500.0,77520.0,41.0,15890850.0,179787.0
CU,CU2503.XSGE,2025-02-14 00:37:00,night,2025-02-13,night_2025-02-13,77510.0,77520.0,77490.0,77500.0,14.0,5425750.0,179788.0
CU,CU2503.XSGE,2025-02-14 00:38:00,night,2025-02-13,night_2025-02-13,77500.0,77500.0,77470.0,77490.0,63.0,24406900.0,179777.0
CU,CU2503.XSGE,2025-02-14 00:39:00,night,2025-02-13,night_2025-02-13,77500.0,77520.0,77500.0,77520.0,25.0,9688800.0,179792.0
CU,CU2503.XSGE,2025-02-14 00:40:00,night,2025-02-13,night_2025-02-13,77510.0,77510.0,77510.0,77510.0,1.0,387550.0,179791.0
CU,CU2503.XSGE,2025-02-14 00:41:00,night,2025-02-13,night_2025-02-13,77500.0,77530.0,77500.0,77530.0,26.0,10077150.0,179797.0
CU,CU2503.XSGE,2025-02-14 00:42:00,night,2025-02-13,night_2025-02-13,77530.0,77530.0,77510.0,77520.0,20.0,7751750.0,179798.0
CU,CU2503.XSGE,2025-02-14 00:43:00,night,2025-02-13,night_2025-02-13,77510.0,77520.0,77500.0,77510.0,24.0,9300450.0,179812.0
CU,CU2503.XSGE,2025-02-14 00:44:00,night,2025-02-13,night_2025-02-13,77520.0,77530.0,77510.0,77520.0,11.0,4263450.0,179812.0
CU,CU2503.XSGE,2025-02-14 00:45:00,night,2025-02-13,night_2025-02-13,77510.0,77510.0,77490.0,77490.0,21.0,8137750.0,179810.0
CU,CU2503.XSGE,2025-02-14 00:46:00,night,2025-02-13,night_2025-02-13,77500.0,77500.0,77480.0,77480.0,68.0,26346300.0,179814.0
CU,CU2503.XSGE,2025-02-14 00:47:00,night,2025-02-13,night_2025-02-13,77470.0,77500.0,77460.0,77500.0,136.0,52689950.0,179794.0
CU,CU2503.XSGE,2025-02-14 00:48:00,night,2025-02-13,night_2025-02-13,77510.0,77520.0,77510.0,77510.0,14.0,5426000.0,179794.0
CU,CU2503.XSGE,2025-02-14 00:49:00,night,2025-02-13,night_2025-02-13,77500.0,77510.0,77500.0,77510.0,7.0,2712650.0,179793.0
CU,CU2503.XSGE,2025-02-14 00:50:00,night,2025-02-13,night_2025-02-13,77500.0,77510.0,77500.0,77500.0,14.0,5425550.0,179789.0
CU,CU2503.XSGE,2025-02-14 00:51:00,night,2025-02-13,night_2025-02-13,77500.0,77500.0,77490.0,77490.0,25.0,9686800.0,179782.0
CU,CU2503.XSGE,2025-02-14 00:52:00,night,2025-02-13,night_2025-02-13,77480.0,77480.0,77470.0,77480.0,31.0,12009250.0,179773.0
CU,CU2503.XSGE,2025-02-14 00:53:00,night,2025-02-13,night_2025-02-13,77470.0,77470.0,77460.0,77470.0,18.0,6972200.0,179765.0
CU,CU2503.XSGE,2025-02-14 00:54:00,night,2025-02-13,night_2025-02-13,77480.0,77480.0,77470.0,77480.0,16.0,6198300.0,179759.0
CU,CU2503.XSGE,2025-02-14 00:55:00,night,2025-02-13,night_2025-02-13,77480.0,77500.0,77480.0,77500.0,13.0,5037000.0,179750.0
CU,CU2503.XSGE,2025-02-14 00:56:00,night,2025-02-13,night_2025-02-13,77510.0,77510.0,77450.0,77470.0,68.0,26339600.0,179718.0
CU,CU2503.XSGE,2025-02-14 00:57:00,night,2025-02-13,night_2025-02-13,77460.0,77460.0,77450.0,77450.0,18.0,6971050.0,179714.0
CU,CU2503.XSGE,2025-02-14 00:58:00,night,2025-02-13,night_2025-02-13,77460.0,77470.0,77460.0,77470.0,36.0,13942500.0,179705.0
CU,CU2503.XSGE,2025-02-14 00:59:00,night,2025-02-13,night_2025-02-13,77460.0,77470.0,77450.0,77460.0,79.0,30596000.0,179685.0
CU,CU2503.XSGE,2025-02-14 01:00:00,night,2025-02-13,night_2025-02-13,77460.0,77470.0,77440.0,77450.0,130.0,50345800.0,179685.0
CU,CU2503.XSGE,2025-02-14 09:01:00,day,2025-02-14,day_2025-02-14,77510.0,77550.0,77500.0,77530.0,430.0,166663350.0,179702.0
CU,CU2503.XSGE,2025-02-14 09:02:00,day,2025-02-14,day_2025-02-14,77520.0,77580.0,77520.0,77580.0,347.0,134568750.0,179702.0
CU,CU2503.XSGE,2025-02-14 09:03:00,day,2025-02-14,day_2025-02-14,77580.0,77630.0,77570.0,77600.0,313.0,121447950.0,179700.0
CU,CU2503.XSGE,2025-02-14 09:04:00,day,2025-02-14,day_2025-02-14,77600.0,77620.0,77550.0,77550.0,188.0,72939250.0,179686.0
CU,CU2503.XSGE,2025-02-14 09:05:00,day,2025-02-14,day_2025-02-14,77550.0,77600.0,77540.0,77600.0,199.0,77182600.0,179660.0
CU,CU2503.XSGE,2025-02-14 09:06:00,day,2025-02-14,day_2025-02-14,77600.0,77600.0,77560.0,77570.0,231.0,89613500.0,179660.0
CU,CU2503.XSGE,2025-02-14 09:07:00,day,2025-02-14,day_2025-02-14,77580.0,77600.0,77560.0,77600.0,323.0,125287100.0,179618.0
CU,CU2503.XSGE,2025-02-14 09:08:00,day,2025-02-14,day_2025-02-14,77600.0,77620.0,77590.0,77610.0,327.0,126877800.0,179582.0
CU,CU2503.XSGE,2025-02-14 09:09:00,day,2025-02-14,day_2025-02-14,77620.0,77680.0,77620.0,77670.0,569.0,220916750.0,179674.0
CU,CU2503.XSGE,2025-02-14 09:10:00,day,2025-02-14,day_2025-02-14,77680.0,77680.0,77640.0,77640.0,373.0,144824300.0,179618.0
CU,CU2503.XSGE,2025-02-14 09:11:00,day,2025-02-14,day_2025-02-14,77650.0,77730.0,77640.0,77730.0,711.0,276183500.0,179618.0
CU,CU2503.XSGE,2025-02-14 09:12:00,day,2025-02-14,day_2025-02-14,77730.0,77770.0,77720.0,77730.0,472.0,183462800.0,179555.0
CU,CU2503.XSGE,2025-02-14 09:13:00,day,2025-02-14,day_2025-02-14,77730.0,77730.0,77660.0,77690.0,327.0,127024900.0,179587.0
CU,CU2503.XSGE,2025-02-14 09:14:00,day,2025-02-14,day_2025-02-14,77670.0,77700.0,77650.0,77650.0,376.0,146036750.0,179523.0
CU,CU2503.XSGE,2025-02-14 09:15:00,day,2025-02-14,day_2025-02-14,77650.0,77650.0,77610.0,77630.0,229.0,88883900.0,179546.0
CU,CU2503.XSGE,2025-02-14 09:16:00,day,2025-02-14,day_2025-02-14,77630.0,77670.0,77630.0,77660.0,240.0,93177050.0,179559.0
CU,CU2503.XSGE,2025-02-14 09:17:00,day,2025-02-14,day_2025-02-14,77650.0,77670.0,77630.0,77640.0,122.0,47367200.0,179557.0
CU,CU2503.XSGE,2025-02-14 09:18:00,day,2025-02-14,day_2025-02-14,77650.0,77650.0,77620.0,77640.0,145.0,56283600.0,179583.0
CU,CU2503.XSGE,2025-02-14 09:19:00,day,2025-02-14,day_2025-02-14,77650.0,77680.0,77630.0,77650.0,265.0,102895050.0,179689.0
CU,CU2503.XSGE,2025-02-14 09:20:00,day,2025-02-14,day_2025-02-14,77660.0,77690.0,77640.0,77690.0,154.0,59801750.0,179682.0
CU,CU2503.XSGE,2025-02-14 09:21:00,day,2025-02-14,day_2025-02-14,77690.0,77730.0,77680.0,77710.0,191.0,74208050.0,179671.0
CU,CU2503.XSGE,2025-02-14 09:22:00,day,2025-02-14,day_2025-02-14,77720.0,77720.0,77700.0,77700.0,158.0,61392150.0,179633.0
CU,CU2503.XSGE,2025-02-14 09:23:00,day,2025-02-14,day_2025-02-14,77700.0,77700.0,77670.0,77690.0,69.0,26802700.0,179609.0
CU,CU2503.XSGE,2025-02-14 09:24:00,day,2025-02-14,day_2025-02-14,77700.0,77700.0,77670.0,77670.0,176.0,68361050.0,179570.0
CU,CU2503.XSGE,2025-02-14 09:25:00,day,2025-02-14,day_2025-02-14,77670.0,77670.0,77660.0,77660.0,117.0,45433550.0,179531.0
CU,CU2503.XSGE,2025-02-14 09:26:00,day,2025-02-14,day_2025-02-14,77660.0,77660.0,77620.0,77620.0,265.0,102874850.0,179578.0
CU,CU2503.XSGE,2025-02-14 09:27:00,day,2025-02-14,day_2025-02-14,77640.0,77640.0,77620.0,77630.0,134.0,52015850.0,179603.0
CU,CU2503.XSGE,2025-02-14 09:28:00,day,2025-02-14,day_2025-02-14,77630.0,77650.0,77620.0,77630.0,64.0,24842850.0,179577.0
CU,CU2503.XSGE,2025-02-14 09:29:00,day,2025-02-14,day_2025-02-14,77620.0,77630.0,77580.0,77590.0,155.0,60135000.0,179580.0
CU,CU2503.XSGE,2025-02-14 09:30:00,day,2025-02-14,day_2025-02-14,77600.0,77660.0,77590.0,77650.0,219.0,85014850.0,179570.0
CU,CU2503.XSGE,2025-02-14 09:31:00,day,2025-02-14,day_2025-02-14,77660.0,77680.0,77640.0,77650.0,195.0,75720200.0,179564.0
CU,CU2503.XSGE,2025-02-14 09:32:00,day,2025-02-14,day_2025-02-14,77630.0,77660.0,77630.0,77640.0,222.0,86182350.0,179481.0
CU,CU2503.XSGE,2025-02-14 09:33:00,day,2025-02-14,day_2025-02-14,77640.0,77680.0,77640.0,77670.0,293.0,113788350.0,179495.0
CU,CU2503.XSGE,2025-02-14 09:34:00,day,2025-02-14,day_2025-02-14,77670.0,77680.0,77630.0,77650.0,143.0,55525950.0,179486.0
CU,CU2503.XSGE,2025-02-14 09:35:00,day,2025-02-14,day_2025-02-14,77650.0,77650.0,77600.0,77620.0,104.0,40363000.0,179465.0
CU,CU2503.XSGE,2025-02-14 09:36:00,day,2025-02-14,day_2025-02-14,77620.0,77620.0,77560.0,77600.0,260.0,100863750.0,179367.0
CU,CU2503.XSGE,2025-02-14 09:37:00,day,2025-02-14,day_2025-02-14,77590.0,77600.0,77580.0,77600.0,142.0,55089750.0,179304.0
CU,CU2503.XSGE,2025-02-14 09:38:00,day,2025-02-14,day_2025-02-14,77600.0,77620.0,77580.0,77610.0,118.0,45785450.0,179292.0
CU,CU2503.XSGE,2025-02-14 09:39:00,day,2025-02-14,day_2025-02-14,77620.0,77640.0,77610.0,77630.0,168.0,65205900.0,179232.0
CU,CU2503.XSGE,2025-02-14 09:40:00,day,2025-02-14,day_2025-02-14,77630.0,77650.0,77620.0,77630.0,191.0,74142200.0,179255.0
CU,CU2503.XSGE,2025-02-14 09:41:00,day,2025-02-14,day_2025-02-14,77640.0,77640.0,77610.0,77630.0,117.0,45412700.0,179193.0
CU,CU2503.XSGE,2025-02-14 09:42:00,day,2025-02-14,day_2025-02-14,77620.0,77640.0,77610.0,77620.0,113.0,43861200.0,179183.0
CU,CU2503.XSGE,2025-02-14 09:43:00,day,2025-02-14,day_2025-02-14,77620.0,77670.0,77620.0,77660.0,236.0,91625650.0,179220.0
CU,CU2503.XSGE,2025-02-14 09:44:00,day,2025-02-14,day_2025-02-14,77660.0,77670.0,77660.0,77670.0,97.0,37667600.0,179175.0
CU,CU2503.XSGE,2025-02-14 09:45:00,day,2025-02-14,day_2025-02-14,77660.0,77710.0,77660.0,77690.0,370.0,143723800.0,179139.0
CU,CU2503.XSGE,2025-02-14 09:46:00,day,2025-02-14,day_2025-02-14,77700.0,77700.0,77660.0,77670.0,81.0,31458900.0,179134.0
CU,CU2503.XSGE,2025-02-14 09:47:00,day,2025-02-14,day_2025-02-14,77680.0,77680.0,77670.0,77680.0,73.0,28351650.0,179112.0
CU,CU2503.XSGE,2025-02-14 09:48:00,day,2025-02-14,day_2025-02-14,77680.0,77700.0,77680.0,77680.0,90.0,34960300.0,179107.0
CU,CU2503.XSGE,2025-02-14 09:49:00,day,2025-02-14,day_2025-02-14,77690.0,77700.0,77650.0,77660.0,176.0,68352050.0,179137.0
CU,CU2503.XSGE,2025-02-14 09:50:00,day,2025-02-14,day_2025-02-14,77660.0,77670.0,77650.0,77670.0,45.0,17474150.0,179130.0
CU,CU2503.XSGE,2025-02-14 09:51:00,day,2025-02-14,day_2025-02-14,77680.0,77690.0,77660.0,77670.0,111.0,43110700.0,179167.0
CU,CU2503.XSGE,2025-02-14 09:52:00,day,2025-02-14,day_2025-02-14,77680.0,77680.0,77650.0,77650.0,208.0,80769450.0,179133.0
CU,CU2503.XSGE,2025-02-14 09:53:00,day,2025-02-14,day_2025-02-14,77650.0,77660.0,77640.0,77640.0,45.0,17470750.0,179109.0
CU,CU2503.XSGE,2025-02-14 09:54:00,day,2025-02-14,day_2025-02-14,77640.0,77650.0,77610.0,77630.0,138.0,53566650.0,179101.0
CU,CU2503.XSGE,2025-02-14 09:55:00,day,2025-02-14,day_2025-02-14,77640.0,77660.0,77630.0,77650.0,136.0,52798600.0,179093.0
CU,CU2503.XSGE,2025-02-14 09:56:00,day,2025-02-14,day_2025-02-14,77660.0,77690.0,77650.0,77690.0,103.0,40001150.0,179092.0
CU,CU2503.XSGE,2025-02-14 09:57:00,day,2025-02-14,day_2025-02-14,77680.0,77710.0,77680.0,77700.0,303.0,117711950.0,179144.0
CU,CU2503.XSGE,2025-02-14 09:58:00,day,2025-02-14,day_2025-02-14,77710.0,77720.0,77700.0,77700.0,93.0,36135100.0,179147.0
CU,CU2503.XSGE,2025-02-14 09:59:00,day,2025-02-14,day_2025-02-14,77700.0,77710.0,77680.0,77690.0,94.0,36518450.0,179196.0
CU,CU2503.XSGE,2025-02-14 10:00:00,day,2025-02-14,day_2025-02-14,77690.0,77710.0,77690.0,77700.0,141.0,54777900.0,179199.0
CU,CU2503.XSGE,2025-02-14 10:01:00,day,2025-02-14,day_2025-02-14,77710.0,77730.0,77700.0,77720.0,369.0,143384450.0,179126.0
CU,CU2503.XSGE,2025-02-14 10:02:00,day,2025-02-14,day_2025-02-14,77730.0,77730.0,77690.0,77690.0,252.0,97908150.0,179128.0
CU,CU2503.XSGE,2025-02-14 10:03:00,day,2025-02-14,day_2025-02-14,77690.0,77700.0,77660.0,77660.0,167.0,64857400.0,179092.0
CU,CU2503.XSGE,2025-02-14 10:04:00,day,2025-02-14,day_2025-02-14,77660.0,77660.0,77630.0,77640.0,203.0,78806650.0,179152.0
CU,CU2503.XSGE,2025-02-14 10:05:00,day,2025-02-14,day_2025-02-14,77640.0,77650.0,77640.0,77640.0,35.0,13588150.0,179141.0
CU,CU2503.XSGE,2025-02-14 10:06:00,day,2025-02-14,day_2025-02-14,77650.0,77700.0,77640.0,77700.0,240.0,93200600.0,179060.0
CU,CU2503.XSGE,2025-02-14 10:07:00,day,2025-02-14,day_2025-02-14,77700.0,77700.0,77650.0,77680.0,155.0,60200750.0,179065.0
CU,CU2503.XSGE,2025-02-14 10:08:00,day,2025-02-14,day_2025-02-14,77680.0,77690.0,77660.0,77670.0,165.0,64080700.0,179026.0
CU,CU2503.XSGE,2025-02-14 10:09:00,day,2025-02-14,day_2025-02-14,77680.0,77720.0,77680.0,77720.0,254.0,98683750.0,179007.0
CU,CU2503.XSGE,2025-02-14 10:10:00,day,2025-02-14,day_2025-02-14,77710.0,77780.0,77710.0,77780.0,703.0,273297300.0,178956.0
CU,CU2503.XSGE,2025-02-14 10:11:00,day,2025-02-14,day_2025-02-14,77780.0,77780.0,77740.0,77760.0,293.0,113920800.0,179044.0
CU,CU2503.XSGE,2025-02-14 10:12:00,day,2025-02-14,day_2025-02-14,77760.0,77770.0,77750.0,77770.0,405.0,157463000.0,179178.0
CU,CU2503.XSGE,2025-02-14 10:13:00,day,2025-02-14,day_2025-02-14,77760.0,77770.0,77740.0,77760.0,174.0,67653700.0,179204.0
CU,CU2503.XSGE,2025-02-14 10:14:00,day,2025-02-14,day_2025-02-14,77770.0,77810.0,77760.0,77780.0,329.0,127964700.0,179216.0
CU,CU2503.XSGE,2025-02-14 10:15:00,day,2025-02-14,day_2025-02-14,77790.0,77820.0,77790.0,77820.0,238.0,92590900.0,179190.0
CU,CU2503.XSGE,2025-02-14 10:31:00,day,2025-02-14,day_2025-02-14,77790.0,77820.0,77770.0,77780.0,537.0,208884400.0,179296.0
CU,CU2503.XSGE,2025-02-14 10:32:00,day,2025-02-14,day_2025-02-14,77780.0,77800.0,77760.0,77770.0,174.0,67667150.0,179251.0
CU,CU2503.XSGE,2025-02-14 10:33:00,day,2025-02-14,day_2025-02-14,77770.0,77790.0,77770.0,77780.0,122.0,47445200.0,179287.0
CU,CU2503.XSGE,2025-02-14 10:34:00,day,2025-02-14,day_2025-02-14,77770.0,77780.0,77750.0,77770.0,214.0,83210900.0,179334.0
CU,CU2503.XSGE,2025-02-14 10:35:00,day,2025-02-14,day_2025-02-14,77760.0,77770.0,77740.0,77770.0,351.0,136454800.0,179459.0
CU,CU2503.XSGE,2025-02-14 10:36:00,day,2025-02-14,day_2025-02-14,77770.0,77780.0,77750.0,77760.0,172.0,66876000.0,179503.0
CU,CU2503.XSGE,2025-02-14 10:37:00,day,2025-02-14,day_2025-02-14,77760.0,77780.0,77740.0,77780.0,219.0,85153100.0,179539.0
CU,CU2503.XSGE,2025-02-14 10:38:00,day,2025-02-14,day_2025-02-14,77780.0,77780.0,77760.0,77770.0,91.0,35385300.0,179560.0
CU,CU2503.XSGE,2025-02-14 10:39:00,day,2025-02-14,day_2025-02-14,77770.0,77790.0,77740.0,77770.0,234.0,90981200.0,179590.0
CU,CU2503.XSGE,2025-02-14 10:40:00,day,2025-02-14,day_2025-02-14,77770.0,77780.0,77760.0,77780.0,221.0,85934200.0,179630.0
CU,CU2503.XSGE,2025-02-14 10:41:00,day,2025-02-14,day_2025-02-14,77770.0,77780.0,77750.0,77750.0,531.0,206452650.0,179963.0
CU,CU2503.XSGE,2025-02-14 10:42:00,day,2025-02-14,day_2025-02-14,77740.0,77740.0,77720.0,77740.0,258.0,100278150.0,179963.0
CU,CU2503.XSGE,2025-02-14 10:43:00,day,2025-02-14,day_2025-02-14,77740.0,77770.0,77740.0,77750.0,156.0,60646600.0,180017.0
CU,CU2503.XSGE,2025-02-14 10:44:00,day,2025-02-14,day_2025-02-14,77760.0,77770.0,77750.0,77770.0,182.0,70761050.0,180000.0
CU,CU2503.XSGE,2025-02-14 10:45:00,day,2025-02-14,day_2025-02-14,77770.0,77780.0,77760.0,77760.0,151.0,58716000.0,179941.0
CU,CU2503.XSGE,2025-02-14 10:46:00,day,2025-02-14,day_2025-02-14,77760.0,77800.0,77760.0,77790.0,407.0,158287600.0,179983.0
CU,CU2503.XSGE,2025-02-14 10:47:00,day,2025-02-14,day_2025-02-14,77800.0,77830.0,77800.0,77810.0,311.0,120989650.0,180107.0
CU,CU2503.XSGE,2025-02-14 10:48:00,day,2025-02-14,day_2025-02-14,77820.0,77830.0,77810.0,77820.0,97.0,37743150.0,180138.0
CU,CU2503.XSGE,2025-02-14 10:49:00,day,2025-02-14,day_2025-02-14,77820.0,77880.0,77820.0,77870.0,983.0,382644200.0,179802.0
CU,CU2503.XSGE,2025-02-14 10:50:00,day,2025-02-14,day_2025-02-14,77870.0,78020.0,77860.0,77960.0,1374.0,535629650.0,180036.0
CU,CU2503.XSGE,2025-02-14 10:51:00,day,2025-02-14,day_2025-02-14,77980.0,78020.0,77970.0,78000.0,629.0,245311600.0,180289.0
CU,CU2503.XSGE,2025-02-14 10:52:00,day,2025-02-14,day_2025-02-14,77990.0,78030.0,77970.0,78030.0,382.0,148980100.0,180414.0
CU,CU2503.XSGE,2025-02-14 10:53:00,day,2025-02-14,day_2025-02-14,78040.0,78090.0,78030.0,78090.0,561.0,218957400.0,180437.0
CU,CU2503.XSGE,2025-02-14 10:54:00,day,2025-02-14,day_2025-02-14,78100.0,78100.0,78050.0,78090.0,489.0,190907900.0,180405.0
CU,CU2503.XSGE,2025-02-14 10:55:00,day,2025-02-14,day_2025-02-14,78100.0,78110.0,78060.0,78080.0,465.0,181547850.0,180426.0
CU,CU2503.XSGE,2025-02-14 10:56:00,day,2025-02-14,day_2025-02-14,78080.0,78080.0,78020.0,78070.0,712.0,277853400.0,180486.0
CU,CU2503.XSGE,2025-02-14 10:57:00,day,2025-02-14,day_2025-02-14,78060.0,78080.0,78020.0,78060.0,580.0,226371700.0,180773.0
CU,CU2503.XSGE,2025-02-14 10:58:00,day,2025-02-14,day_2025-02-14,78060.0,78070.0,78040.0,78040.0,189.0,73759550.0,180841.0
CU,CU2503.XSGE,2025-02-14 10:59:00,day,2025-02-14,day_2025-02-14,78030.0,78060.0,78030.0,78050.0,155.0,60486050.0,180843.0
CU,CU2503.XSGE,2025-02-14 11:00:00,day,2025-02-14,day_2025-02-14,78050.0,78060.0,78030.0,78060.0,183.0,71417750.0,180916.0
CU,CU2503.XSGE,2025-02-14 11:01:00,day,2025-02-14,day_2025-02-14,78070.0,78150.0,78070.0,78130.0,1498.0,585005750.0,181419.0
CU,CU2503.XSGE,2025-02-14 11:02:00,day,2025-02-14,day_2025-02-14,78120.0,78180.0,78120.0,78150.0,648.0,253207300.0,181571.0
CU,CU2503.XSGE,2025-02-14 11:03:00,day,2025-02-14,day_2025-02-14,78140.0,78170.0,78130.0,78140.0,449.0,175445300.0,181725.0
CU,CU2503.XSGE,2025-02-14 11:04:00,day,2025-02-14,day_2025-02-14,78140.0,78160.0,78140.0,78150.0,212.0,82838100.0,181773.0
CU,CU2503.XSGE,2025-02-14 11:05:00,day,2025-02-14,day_2025-02-14,78140.0,78170.0,78110.0,78170.0,346.0,135183150.0,181818.0
CU,CU2503.XSGE,2025-02-14 11:06:00,day,2025-02-14,day_2025-02-14,78160.0,78190.0,78150.0,78190.0,602.0,235308250.0,181957.0
CU,CU2503.XSGE,2025-02-14 11:07:00,day,2025-02-14,day_2025-02-14,78190.0,78250.0,78170.0,78250.0,953.0,372671550.0,182172.0
CU,CU2503.XSGE,2025-02-14 11:08:00,day,2025-02-14,day_2025-02-14,78230.0,78310.0,78220.0,78280.0,1059.0,414413950.0,182396.0
CU,CU2503.XSGE,2025-02-14 11:09:00,day,2025-02-14,day_2025-02-14,78290.0,78290.0,78240.0,78240.0,460.0,180003800.0,182350.0
CU,CU2503.XSGE,2025-02-14 11:10:00,day,2025-02-14,day_2025-02-14,78260.0,78260.0,78210.0,78230.0,389.0,152155500.0,182378.0
CU,CU2503.XSGE,2025-02-14 11:11:00,day,2025-02-14,day_2025-02-14,78230.0,78310.0,78220.0,78310.0,333.0,130317300.0,182496.0
CU,CU2503.XSGE,2025-02-14 11:12:00,day,2025-02-14,day_2025-02-14,78300.0,78320.0,78280.0,78320.0,467.0,182837400.0,182615.0
CU,CU2503.XSGE,2025-02-14 11:13:00,day,2025-02-14,day_2025-02-14,78320.0,78330.0,78270.0,78270.0,290.0,113550350.0,182718.0
CU,CU2503.XSGE,2025-02-14 11:14:00,day,2025-02-14,day_2025-02-14,78260.0,78300.0,78240.0,78300.0,569.0,222657550.0,182775.0
CU,CU2503.XSGE,2025-02-14 11:15:00,day,2025-02-14,day_2025-02-14,78280.0,78300.0,78230.0,78240.0,319.0,124831700.0,182743.0
CU,CU2503.XSGE,2025-02-14 11:16:00,day,2025-02-14,day_2025-02-14,78240.0,78270.0,78240.0,78260.0,316.0,123639850.0,182879.0
CU,CU2503.XSGE,2025-02-14 11:17:00,day,2025-02-14,day_2025-02-14,78260.0,78260.0,78210.0,78220.0,307.0,120088150.0,182930.0
CU,CU2503.XSGE,2025-02-14 11:18:00,day,2025-02-14,day_2025-02-14,78220.0,78230.0,78170.0,78170.0,275.0,107521650.0,182911.0
CU,CU2503.XSGE,2025-02-14 11:19:00,day,2025-02-14,day_2025-02-14,78180.0,78190.0,78170.0,78180.0,249.0,97331950.0,182934.0
CU,CU2503.XSGE,2025-02-14 11:20:00,day,2025-02-14,day_2025-02-14,78180.0,78190.0,78160.0,78160.0,172.0,67232250.0,182904.0
CU,CU2503.XSGE,2025-02-14 11:21:00,day,2025-02-14,day_2025-02-14,78160.0,78180.0,78130.0,78130.0,387.0,151225150.0,182745.0
CU,CU2503.XSGE,2025-02-14 11:22:00,day,2025-02-14,day_2025-02-14,78140.0,78140.0,78110.0,78130.0,504.0,196868950.0,182577.0
CU,CU2503.XSGE,2025-02-14 11:23:00,day,2025-02-14,day_2025-02-14,78130.0,78160.0,78130.0,78160.0,190.0,74244900.0,182627.0
CU,CU2503.XSGE,2025-02-14 11:24:00,day,2025-02-14,day_2025-02-14,78160.0,78170.0,78150.0,78170.0,204.0,79721550.0,182704.0
CU,CU2503.XSGE,2025-02-14 11:25:00,day,2025-02-14,day_2025-02-14,78160.0,78160.0,78120.0,78120.0,193.0,75407900.0,182709.0
CU,CU2503.XSGE,2025-02-14 11:26:00,day,2025-02-14,day_2025-02-14,78130.0,78190.0,78130.0,78190.0,178.0,69554800.0,182753.0
CU,CU2503.XSGE,2025-02-14 11:27:00,day,2025-02-14,day_2025-02-14,78190.0,78200.0,78170.0,78190.0,232.0,90689150.0,182867.0
CU,CU2503.XSGE,2025-02-14 11:28:00,day,2025-02-14,day_2025-02-14,78190.0,78190.0,78150.0,78160.0,142.0,55503300.0,182867.0
CU,CU2503.XSGE,2025-02-14 11:29:00,day,2025-02-14,day_2025-02-14,78160.0,78180.0,78140.0,78170.0,239.0,93398950.0,182944.0
CU,CU2503.XSGE,2025-02-14 11:30:00,day,2025-02-14,day_2025-02-14,78150.0,78150.0,78070.0,78080.0,437.0,170647250.0,182921.0
CU,CU2503.XSGE,2025-02-14 13:31:00,day,2025-02-14,day_2025-02-14,78110.0,78200.0,78100.0,78190.0,610.0,238383200.0,182975.0
CU,CU2503.XSGE,2025-02-14 13:32:00,day,2025-02-14,day_2025-02-14,78180.0,78200.0,78170.0,78190.0,325.0,127059500.0,182972.0
CU,CU2503.XSGE,2025-02-14 13:33:00,day,2025-02-14,day_2025-02-14,78190.0,78200.0,78170.0,78180.0,363.0,141903350.0,183105.0
CU,CU2503.XSGE,2025-02-14 13:34:00,day,2025-02-14,day_2025-02-14,78190.0,78230.0,78190.0,78190.0,460.0,179877600.0,183192.0
CU,CU2503.XSGE,2025-02-14 13:35:00,day,2025-02-14,day_2025-02-14,78200.0,78230.0,78200.0,78200.0,114.0,44580550.0,183211.0
CU,CU2503.XSGE,2025-02-14 13:36:00,day,2025-02-14,day_2025-02-14,78210.0,78210.0,78170.0,78180.0,168.0,65677150.0,183254.0
CU,CU2503.XSGE,2025-02-14 13:37:00,day,2025-02-14,day_2025-02-14,78200.0,78210.0,78170.0,78180.0,95.0,37138250.0,183276.0
CU,CU2503.XSGE,2025-02-14 13:38:00,day,2025-02-14,day_2025-02-14,78180.0,78190.0,78160.0,78160.0,163.0,63714750.0,183372.0
CU,CU2503.XSGE,2025-02-14 13:39:00,day,2025-02-14,day_2025-02-14,78160.0,78160.0,78110.0,78120.0,260.0,101570250.0,183366.0
CU,CU2503.XSGE,2025-02-14 13:40:00,day,2025-02-14,day_2025-02-14,78120.0,78120.0,78090.0,78090.0,208.0,81226750.0,183376.0
CU,CU2503.XSGE,2025-02-14 13:41:00,day,2025-02-14,day_2025-02-14,78090.0,78120.0,78080.0,78110.0,172.0,67167150.0,183370.0
CU,CU2503.XSGE,2025-02-14 13:42:00,day,2025-02-14,day_2025-02-14,78120.0,78130.0,78100.0,78130.0,206.0,80461700.0,183412.0
CU,CU2503.XSGE,2025-02-14 13:43:00,day,2025-02-14,day_2025-02-14,78120.0,78130.0,78110.0,78120.0,99.0,38669650.0,183413.0
CU,CU2503.XSGE,2025-02-14 13:44:00,day,2025-02-14,day_2025-02-14,78120.0,78130.0,78110.0,78120.0,142.0,55463700.0,183384.0
CU,CU2503.XSGE,2025-02-14 13:45:00,day,2025-02-14,day_2025-02-14,78110.0,78140.0,78110.0,78120.0,129.0,50390650.0,183428.0
CU,CU2503.XSGE,2025-02-14 13:46:00,day,2025-02-14,day_2025-02-14,78130.0,78180.0,78120.0,78180.0,370.0,144568700.0,183420.0
CU,CU2503.XSGE,2025-02-14 13:47:00,day,2025-02-14,day_2025-02-14,78180.0,78190.0,78150.0,78160.0,130.0,50809900.0,183414.0
CU,CU2503.XSGE,2025-02-14 13:48:00,day,2025-02-14,day_2025-02-14,78160.0,78170.0,78070.0,78120.0,451.0,176144350.0,183381.0
CU,CU2503.XSGE,2025-02-14 13:49:00,day,2025-02-14,day_2025-02-14,78120.0,78120.0,78080.0,78080.0,152.0,59350350.0,183323.0
CU,CU2503.XSGE,2025-02-14 13:50:00,day,2025-02-14,day_2025-02-14,78090.0,78110.0,78080.0,78100.0,217.0,84739350.0,183375.0
CU,CU2503.XSGE,2025-02-14 13:51:00,day,2025-02-14,day_2025-02-14,78100.0,78110.0,78080.0,78110.0,252.0,98398000.0,183312.0
CU,CU2503.XSGE,2025-02-14 13:52:00,day,2025-02-14,day_2025-02-14,78110.0,78160.0,78110.0,78150.0,429.0,167601800.0,183362.0
CU,CU2503.XSGE,2025-02-14 13:53:00,day,2025-02-14,day_2025-02-14,78140.0,78170.0,78140.0,78150.0,359.0,140285500.0,183311.0
CU,CU2503.XSGE,2025-02-14 13:54:00,day,2025-02-14,day_2025-02-14,78150.0,78160.0,78140.0,78140.0,67.0,26180300.0,183319.0
CU,CU2503.XSGE,2025-02-14 13:55:00,day,2025-02-14,day_2025-02-14,78150.0,78150.0,78130.0,78150.0,410.0,160189150.0,183342.0
CU,CU2503.XSGE,2025-02-14 13:56:00,day,2025-02-14,day_2025-02-14,78150.0,78160.0,78140.0,78150.0,235.0,91827550.0,183460.0
CU,CU2503.XSGE,2025-02-14 13:57:00,day,2025-02-14,day_2025-02-14,78140.0,78160.0,78130.0,78140.0,134.0,52356100.0,183496.0
CU,CU2503.XSGE,2025-02-14 13:58:00,day,2025-02-14,day_2025-02-14,78140.0,78200.0,78140.0,78200.0,319.0,124684250.0,183570.0
CU,CU2503.XSGE,2025-02-14 13:59:00,day,2025-02-14,day_2025-02-14,78190.0,78220.0,78180.0,78190.0,364.0,142329550.0,183700.0
CU,CU2503.XSGE,2025-02-14 14:00:00,day,2025-02-14,day_2025-02-14,78190.0,78190.0,78170.0,78170.0,119.0,46518300.0,183710.0
CU,CU2503.XSGE,2025-02-14 14:01:00,day,2025-02-14,day_2025-02-14,78180.0,78190.0,78160.0,78170.0,127.0,49640300.0,183711.0
CU,CU2503.XSGE,2025-02-14 14:02:00,day,2025-02-14,day_2025-02-14,78180.0,78180.0,78160.0,78180.0,130.0,50815050.0,183680.0
CU,CU2503.XSGE,2025-02-14 14:03:00,day,2025-02-14,day_2025-02-14,78170.0,78190.0,78150.0,78160.0,180.0,70348650.0,183713.0
CU,CU2503.XSGE,2025-02-14 14:04:00,day,2025-02-14,day_2025-02-14,78150.0,78150.0,78120.0,78120.0,160.0,62505650.0,183729.0
CU,CU2503.XSGE,2025-02-14 14:05:00,day,2025-02-14,day_2025-02-14,78130.0,78130.0,78100.0,78120.0,139.0,54288100.0,183735.0
CU,CU2503.XSGE,2025-02-14 14:06:00,day,2025-02-14,day_2025-02-14,78130.0,78160.0,78120.0,78140.0,183.0,71495400.0,183723.0
CU,CU2503.XSGE,2025-02-14 14:07:00,day,2025-02-14,day_2025-02-14,78140.0,78190.0,78130.0,78190.0,178.0,69561300.0,183752.0
CU,CU2503.XSGE,2025-02-14 14:08:00,day,2025-02-14,day_2025-02-14,78180.0,78210.0,78180.0,78190.0,340.0,132930800.0,183829.0
CU,CU2503.XSGE,2025-02-14 14:09:00,day,2025-02-14,day_2025-02-14,78190.0,78220.0,78190.0,78190.0,327.0,127864450.0,183728.0
CU,CU2503.XSGE,2025-02-14 14:10:00,day,2025-02-14,day_2025-02-14,78190.0,78250.0,78190.0,78250.0,211.0,82527450.0,183669.0
CU,CU2503.XSGE,2025-02-14 14:11:00,day,2025-02-14,day_2025-02-14,78250.0,78270.0,78240.0,78270.0,156.0,61038750.0,183698.0
CU,CU2503.XSGE,2025-02-14 14:12:00,day,2025-02-14,day_2025-02-14,78260.0,78300.0,78260.0,78300.0,319.0,124852200.0,183726.0
CU,CU2503.XSGE,2025-02-14 14:13:00,day,2025-02-14,day_2025-02-14,78300.0,78300.0,78280.0,78300.0,201.0,78684300.0,183748.0
CU,CU2503.XSGE,2025-02-14 14:14:00,day,2025-02-14,day_2025-02-14,78300.0,78300.0,78280.0,78280.0,357.0,139755550.0,183638.0
CU,CU2503.XSGE,2025-02-14 14:15:00,day,2025-02-14,day_2025-02-14,78290.0,78300.0,78260.0,78260.0,114.0,44622450.0,183623.0
CU,CU2503.XSGE,2025-02-14 14:16:00,day,2025-02-14,day_2025-02-14,78260.0,78280.0,78250.0,78270.0,207.0,81002950.0,183612.0
CU,CU2503.XSGE,2025-02-14 14:17:00,day,2025-02-14,day_2025-02-14,78270.0,78320.0,78250.0,78320.0,291.0,113904250.0,183689.0
CU,CU2503.XSGE,2025-02-14 14:18:00,day,2025-02-14,day_2025-02-14,78320.0,78320.0,78270.0,78270.0,203.0,79472750.0,183713.0
CU,CU2503.XSGE,2025-02-14 14:19:00,day,2025-02-14,day_2025-02-14,78270.0,78290.0,78250.0,78270.0,128.0,50096750.0,183697.0
CU,CU2503.XSGE,2025-02-14 14:20:00,day,2025-02-14,day_2025-02-14,78250.0,78280.0,78230.0,78280.0,227.0,88821800.0,183680.0
CU,CU2503.XSGE,2025-02-14 14:21:00,day,2025-02-14,day_2025-02-14,78280.0,78280.0,78240.0,78240.0,130.0,50864600.0,183741.0
CU,CU2503.XSGE,2025-02-14 14:22:00,day,2025-02-14,day_2025-02-14,78230.0,78240.0,78210.0,78210.0,247.0,96607550.0,183727.0
CU,CU2503.XSGE,2025-02-14 14:23:00,day,2025-02-14,day_2025-02-14,78210.0,78240.0,78200.0,78230.0,114.0,44586650.0,183735.0
CU,CU2503.XSGE,2025-02-14 14:24:00,day,2025-02-14,day_2025-02-14,78240.0,78250.0,78190.0,78190.0,237.0,92692250.0,183743.0
CU,CU2503.XSGE,2025-02-14 14:25:00,day,2025-02-14,day_2025-02-14,78190.0,78210.0,78180.0,78180.0,162.0,63340450.0,183713.0
CU,CU2503.XSGE,2025-02-14 14:26:00,day,2025-02-14,day_2025-02-14,78190.0,78200.0,78130.0,78140.0,292.0,114131300.0,183609.0
CU,CU2503.XSGE,2025-02-14 14:27:00,day,2025-02-14,day_2025-02-14,78130.0,78150.0,78120.0,78130.0,130.0,50784700.0,183580.0
CU,CU2503.XSGE,2025-02-14 14:28:00,day,2025-02-14,day_2025-02-14,78140.0,78150.0,78120.0,78130.0,127.0,49617000.0,183593.0
CU,CU2503.XSGE,2025-02-14 14:29:00,day,2025-02-14,day_2025-02-14,78120.0,78120.0,78090.0,78100.0,260.0,101535250.0,183630.0
CU,CU2503.XSGE,2025-02-14 14:30:00,day,2025-02-14,day_2025-02-14,78110.0,78110.0,78040.0,78090.0,371.0,144821250.0,183605.0
CU,CU2503.XSGE,2025-02-14 14:31:00,day,2025-02-14,day_2025-02-14,78080.0,78120.0,78070.0,78110.0,236.0,92161200.0,183550.0
CU,CU2503.XSGE,2025-02-14 14:32:00,day,2025-02-14,day_2025-02-14,78110.0,78150.0,78110.0,78140.0,215.0,83997300.0,183494.0
CU,CU2503.XSGE,2025-02-14 14:33:00,day,2025-02-14,day_2025-02-14,78150.0,78190.0,78140.0,78160.0,278.0,108645800.0,183513.0
CU,CU2503.XSGE,2025-02-14 14:34:00,day,2025-02-14,day_2025-02-14,78160.0,78170.0,78150.0,78150.0,61.0,23838050.0,183488.0
CU,CU2503.XSGE,2025-02-14 14:35:00,day,2025-02-14,day_2025-02-14,78150.0,78160.0,78150.0,78150.0,50.0,19539600.0,183503.0
CU,CU2503.XSGE,2025-02-14 14:36:00,day,2025-02-14,day_2025-02-14,78160.0,78160.0,78110.0,78130.0,265.0,103514000.0,183452.0
CU,CU2503.XSGE,2025-02-14 14:37:00,day,2025-02-14,day_2025-02-14,78150.0,78200.0,78150.0,78180.0,237.0,92644150.0,183475.0
CU,CU2503.XSGE,2025-02-14 14:38:00,day,2025-02-14,day_2025-02-14,78180.0,78200.0,78180.0,78180.0,112.0,43785800.0,183485.0
CU,CU2503.XSGE,2025-02-14 14:39:00,day,2025-02-14,day_2025-02-14,78190.0,78200.0,78170.0,78200.0,101.0,39479900.0,183443.0
CU,CU2503.XSGE,2025-02-14 14:40:00,day,2025-02-14,day_2025-02-14,78190.0,78210.0,78180.0,78210.0,81.0,31671100.0,183456.0
CU,CU2503.XSGE,2025-02-14 14:41:00,day,2025-02-14,day_2025-02-14,78210.0,78230.0,78190.0,78230.0,165.0,64524800.0,183458.0
CU,CU2503.XSGE,2025-02-14 14:42:00,day,2025-02-14,day_2025-02-14,78230.0,78260.0,78220.0,78250.0,126.0,49291750.0,183458.0
CU,CU2503.XSGE,2025-02-14 14:43:00,day,2025-02-14,day_2025-02-14,78260.0,78260.0,78230.0,78230.0,200.0,78245100.0,183444.0
CU,CU2503.XSGE,2025-02-14 14:44:00,day,2025-02-14,day_2025-02-14,78230.0,78260.0,78230.0,78240.0,107.0,41861300.0,183419.0
CU,CU2503.XSGE,2025-02-14 14:45:00,day,2025-02-14,day_2025-02-14,78230.0,78260.0,78220.0,78230.0,148.0,57899050.0,183426.0
CU,CU2503.XSGE,2025-02-14 14:46:00,day,2025-02-14,day_2025-02-14,78240.0,78260.0,78220.0,78230.0,228.0,89193000.0,183492.0
CU,CU2503.XSGE,2025-02-14 14:47:00,day,2025-02-14,day_2025-02-14,78230.0,78250.0,78220.0,78240.0,174.0,68061700.0,183504.0
CU,CU2503.XSGE,2025-02-14 14:48:00,day,2025-02-14,day_2025-02-14,78240.0,78250.0,78230.0,78240.0,116.0,45380000.0,183457.0
CU,CU2503.XSGE,2025-02-14 14:49:00,day,2025-02-14,day_2025-02-14,78250.0,78260.0,78240.0,78240.0,292.0,114240200.0,183567.0
CU,CU2503.XSGE,2025-02-14 14:50:00,day,2025-02-14,day_2025-02-14,78230.0,78240.0,78220.0,78220.0,191.0,74712200.0,183585.0
CU,CU2503.XSGE,2025-02-14 14:51:00,day,2025-02-14,day_2025-02-14,78210.0,78230.0,78170.0,78170.0,289.0,112997750.0,183626.0
CU,CU2503.XSGE,2025-02-14 14:52:00,day,2025-02-14,day_2025-02-14,78170.0,78190.0,78130.0,78150.0,306.0,119558500.0,183561.0
CU,CU2503.XSGE,2025-02-14 14:53:00,day,2025-02-14,day_2025-02-14,78150.0,78150.0,78130.0,78130.0,94.0,36726600.0,183527.0
CU,CU2503.XSGE,2025-02-14 14:54:00,day,2025-02-14,day_2025-02-14,78130.0,78150.0,78110.0,78110.0,253.0,98835300.0,183475.0
CU,CU2503.XSGE,2025-02-14 14:55:00,day,2025-02-14,day_2025-02-14,78120.0,78130.0,78100.0,78120.0,239.0,93344650.0,183440.0
CU,CU2503.XSGE,2025-02-14 14:56:00,day,2025-02-14,day_2025-02-14,78120.0,78120.0,78100.0,78110.0,254.0,99199900.0,183435.0
CU,CU2503.XSGE,2025-02-14 14:57:00,day,2025-02-14,day_2025-02-14,78110.0,78120.0,78080.0,78100.0,301.0,117548400.0,183467.0
CU,CU2503.XSGE,2025-02-14 14:58:00,day,2025-02-14,day_2025-02-14,78100.0,78120.0,78080.0,78080.0,428.0,167128950.0,183385.0
CU,CU2503.XSGE,2025-02-14 14:59:00,day,2025-02-14,day_2025-02-14,78080.0,78090.0,78070.0,78080.0,373.0,145626500.0,183433.0
CU,CU2503.XSGE,2025-02-14 15:00:00,day,2025-02-14,day_2025-02-14,78080.0,78100.0,78070.0,78090.0,417.0,162770300.0,183412.0
RB,RB2505.XSGE,2025-02-07 21:01:00,night,2025-02-07,night_2025-02-07,3355.0,3356.0,3351.0,3356.0,13501.0,452859020.0,1829045.0
RB,RB2505.XSGE,2025-02-07 21:02:00,night,2025-02-07,night_2025-02-07,3356.0,3359.0,3354.0,3359.0,10013.0,336103810.0,1829283.0
RB,RB2505.XSGE,2025-02-07 21:03:00,night,2025-02-07,night_2025-02-07,3359.0,3363.0,3359.0,3362.0,16928.0,568956940.0,1832111.0
RB,RB2505.XSGE,2025-02-07 21:04:00,night,2025-02-07,night_2025-02-07,3362.0,3363.0,3360.0,3361.0,7958.0,267490120.0,1832468.0
RB,RB2505.XSGE,2025-02-07 21:05:00,night,2025-02-07,night_2025-02-07,3361.0,3365.0,3361.0,3364.0,8625.0,290064120.0,1833649.0
RB,RB2505.XSGE,2025-02-07 21:06:00,night,2025-02-07,night_2025-02-07,3364.0,3366.0,3363.0,3364.0,11383.0,383012460.0,1836224.0
RB,RB2505.XSGE,2025-02-07 21:07:00,night,2025-02-07,night_2025-02-07,3363.0,3364.0,3360.0,3361.0,5859.0,196948350.0,1836898.0
RB,RB2505.XSGE,2025-02-07 21:08:00,night,2025-02-07,night_2025-02-07,3360.0,3366.0,3360.0,3364.0,12378.0,416263320.0,1840537.0
RB,RB2505.XSGE,2025-02-07 21:09:00,night,2025-02-07,night_2025-02-07,3364.0,3368.0,3364.0,3368.0,12956.0,436125230.0,1842520.0
RB,RB2505.XSGE,2025-02-07 21:10:00,night,2025-02-07,night_2025-02-07,3368.0,3368.0,3365.0,3367.0,5877.0,197858510.0,1842481.0
RB,RB2505.XSGE,2025-02-07 21:11:00,night,2025-02-07,night_2025-02-07,3366.0,3368.0,3366.0,3366.0,4589.0,154497410.0,1842840.0
RB,RB2505.XSGE,2025-02-07 21:12:00,night,2025-02-07,night_2025-02-07,3367.0,3368.0,3366.0,3366.0,4929.0,165965880.0,1843851.0
RB,RB2505.XSGE,2025-02-07 21:13:00,night,2025-02-07,night_2025-02-07,3366.0,3368.0,3366.0,3368.0,2803.0,94386790.0,1844544.0
RB,RB2505.XSGE,2025-02-07 21:14:00,night,2025-02-07,night_2025-02-07,3367.0,3368.0,3366.0,3366.0,2404.0,80943690.0,1844579.0
RB,RB2505.XSGE,2025-02-07 21:15:00,night,2025-02-07,night_2025-02-07,3366.0,3368.0,3366.0,3367.0,4691.0,157947750.0,1845470.0
RB,RB2505.XSGE,2025-02-07 21:16:00,night,2025-02-07,night_2025-02-07,3367.0,3368.0,3366.0,3367.0,3368.0,113409630.0,1845761.0
RB,RB2505.XSGE,2025-02-07 21:17:00,night,2025-02-07,night_2025-02-07,3368.0,3368.0,3366.0,3367.0,3455.0,116333170.0,1847194.0
RB,RB2505.XSGE,2025-02-07 21:18:00,night,2025-02-07,night_2025-02-07,3366.0,3368.0,3365.0,3367.0,5207.0,175290630.0,1848789.0
RB,RB2505.XSGE,2025-02-07 21:19:00,night,2025-02-07,night_2025-02-07,3368.0,3368.0,3366.0,3367.0,2396.0,80663560.0,1848868.0
RB,RB2505.XSGE,2025-02-07 21:20:00,night,2025-02-07,night_2025-02-07,3366.0,3367.0,3366.0,3367.0,959.0,32283380.0,1848955.0
RB,RB2505.XSGE,2025-02-07 21:21:00,night,2025-02-07,night_2025-02-07,3366.0,3367.0,3365.0,3365.0,2127.0,71592020.0,1849259.0
RB,RB2505.XSGE,2025-02-07 21:22:00,night,2025-02-07,night_2025-02-07,3365.0,3366.0,3363.0,3363.0,4987.0,167790130.0,1849359.0
RB,RB2505.XSGE,2025-02-07 21:23:00,night,2025-02-07,night_2025-02-07,3364.0,3366.0,3363.0,3365.0,3544.0,119244450.0,1849083.0
RB,RB2505.XSGE,2025-02-07 21:24:00,night,2025-02-07,night_2025-02-07,3366.0,3366.0,3365.0,3366.0,764.0,25710750.0,1849078.0
RB,RB2505.XSGE,2025-02-07 21:25:00,night,2025-02-07,night_2025-02-07,3365.0,3366.0,3363.0,3364.0,1617.0,54398780.0,1848812.0
RB,RB2505.XSGE,2025-02-07 21:26:00,night,2025-02-07,night_2025-02-07,3363.0,3365.0,3363.0,3365.0,1568.0,52749360.0,1849000.0
RB,RB2505.XSGE,2025-02-07 21:27:00,night,2025-02-07,night_2025-02-07,3364.0,3365.0,3363.0,3364.0,2027.0,68188420.0,1849168.0
RB,RB2505.XSGE,2025-02-07 21:28:00,night,2025-02-07,night_2025-02-07,3364.0,3365.0,3364.0,3364.0,748.0,25165410.0,1849126.0
RB,RB2505.XSGE,2025-02-07 21:29:00,night,2025-02-07,night_2025-02-07,3364.0,3365.0,3364.0,3365.0,744.0,25033640.0,1848827.0
RB,RB2505.XSGE,2025-02-07 21:30:00,night,2025-02-07,night_2025-02-07,3365.0,3365.0,3364.0,3365.0,777.0,26143170.0,1848738.0
RB,RB2505.XSGE,2025-02-07 21:31:00,night,2025-02-07,night_2025-02-07,3365.0,3367.0,3364.0,3366.0,6800.0,228880060.0,1850521.0
RB,RB2505.XSGE,2025-02-07 21:32:00,night,2025-02-07,night_2025-02-07,3366.0,3367.0,3364.0,3364.0,4432.0,149148400.0,1850146.0
RB,RB2505.XSGE,2025-02-07 21:33:00,night,2025-02-07,night_2025-02-07,3364.0,3367.0,3364.0,3367.0,2500.0,84140690.0,1850188.0
RB,RB2505.XSGE,2025-02-07 21:34:00,night,2025-02-07,night_2025-02-07,3366.0,3367.0,3365.0,3367.0,1763.0,59342140.0,1850112.0
RB,RB2505.XSGE,2025-02-07 21:35:00,night,2025-02-07,night_2025-02-07,3366.0,3367.0,3366.0,3366.0,1319.0,44400570.0,1850360.0
RB,RB2505.XSGE,2025-02-07 21:36:00,night,2025-02-07,night_2025-02-07,3366.0,3368.0,3366.0,3367.0,3150.0,106060950.0,1850484.0
RB,RB2505.XSGE,2025-02-07 21:37:00,night,2025-02-07,night_2025-02-07,3367.0,3368.0,3366.0,3368.0,2722.0,91654790.0,1851166.0
RB,RB2505.XSGE,2025-02-07 21:38:00,night,2025-02-07,night_2025-02-07,3368.0,3370.0,3367.0,3369.0,9624.0,324206100.0,1852818.0
RB,RB2505.XSGE,2025-02-07 21:39:00,night,2025-02-07,night_2025-02-07,3369.0,3370.0,3368.0,3369.0,3383.0,113979430.0,1853861.0
RB,RB2505.XSGE,2025-02-07 21:40:00,night,2025-02-07,night_2025-02-07,3370.0,3370.0,3368.0,3369.0,3420.0,115226790.0,1854483.0
RB,RB2505.XSGE,2025-02-07 21:41:00,night,2025-02-07,night_2025-02-07,3369.0,3372.0,3369.0,3370.0,8907.0,300247160.0,1855818.0
RB,RB2505.XSGE,2025-02-07 21:42:00,night,2025-02-07,night_2025-02-07,3370.0,3371.0,3369.0,3369.0,1915.0,64532360.0,1856027.0
RB,RB2505.XSGE,2025-02-07 21:43:00,night,2025-02-07,night_2025-02-07,3369.0,3371.0,3369.0,3369.0,2080.0,70093140.0,1856833.0
RB,RB2505.XSGE,2025-02-07 21:44:00,night,2025-02-07,night_2025-02-07,3370.0,3370.0,3368.0,3368.0,2501.0,84265640.0,1857302.0
RB,RB2505.XSGE,2025-02-07 21:45:00,night,2025-02-07,night_2025-02-07,3368.0,3370.0,3368.0,3370.0,1316.0,44338910.0,1857177.0
RB,RB2505.XSGE,2025-02-07 21:46:00,night,2025-02-07,night_2025-02-07,3370.0,3371.0,3369.0,3370.0,2688.0,90588220.0,1857759.0
RB,RB2505.XSGE,2025-02-07 21:47:00,night,2025-02-07,night_2025-02-07,3370.0,3371.0,3370.0,3371.0,2204.0,74289830.0,1857780.0
RB,RB2505.XSGE,2025-02-07 21:48:00,night,2025-02-07,night_2025-02-07,3371.0,3372.0,3370.0,3371.0,2552.0,86029260.0,1858479.0
RB,RB2505.XSGE,2025-02-07 21:49:00,night,2025-02-07,night_2025-02-07,3371.0,3373.0,3371.0,3373.0,3983.0,134315090.0,1859034.0
RB,RB2505.XSGE,2025-02-07 21:50:00,night,2025-02-07,night_2025-02-07,3372.0,3373.0,3371.0,3372.0,4096.0,138121340.0,1860045.0
RB,RB2505.XSGE,2025-02-07 21:51:00,night,2025-02-07,night_2025-02-07,3373.0,3374.0,3371.0,3371.0,4190.0,141318530.0,1861177.0
RB,RB2505.XSGE,2025-02-07 21:52:00,night,2025-02-07,night_2025-02-07,3372.0,3372.0,3370.0,3371.0,2973.0,100233250.0,1861197.0
RB,RB2505.XSGE,2025-02-07 21:53:00,night,2025-02-07,night_2025-02-07,3372.0,3372.0,3371.0,3371.0,1469.0,49523640.0,1861415.0
RB,RB2505.XSGE,2025-02-07 21:54:00,night,2025-02-07,night_2025-02-07,3372.0,3372.0,3371.0,3371.0,1455.0,49053780.0,1861637.0
RB,RB2505.XSGE,2025-02-07 21:55:00,night,2025-02-07,night_2025-02-07,3372.0,3372.0,3371.0,3372.0,863.0,29094960.0,1861767.0
RB,RB2505.XSGE,2025-02-07 21:56:00,night,2025-02-07,night_2025-02-07,3371.0,3372.0,3370.0,3370.0,1575.0,53095760.0,1862186.0
RB,RB2505.XSGE,2025-02-07 21:57:00,night,2025-02-07,night_2025-02-07,3371.0,3371.0,3370.0,3370.0,2687.0,90554110.0,1862738.0
RB,RB2505.XSGE,2025-02-07 21:58:00,night,2025-02-07,night_2025-02-07,3370.0,3371.0,3370.0,3370.0,1563.0,52677310.0,1862942.0
RB,RB2505.XSGE,2025-02-07 21:59:00,night,2025-02-07,night_2025-02-07,3370.0,3371.0,3370.0,3371.0,1096.0,36937870.0,1862878.0
RB,RB2505.XSGE,2025-02-07 22:00:00,night,2025-02-07,night_2025-02-07,3370.0,3371.0,3368.0,3368.0,4848.0,163338480.0,1861650.0
RB,RB2505.XSGE,2025-02-07 22:01:00,night,2025-02-07,night_2025-02-07,3368.0,3370.0,3368.0,3369.0,4377.0,147444650.0,1860447.0
RB,RB2505.XSGE,2025-02-07 22:02:00,night,2025-02-07,night_2025-02-07,3370.0,3370.0,3367.0,3368.0,4494.0,151350310.0,1859156.0
RB,RB2505.XSGE,2025-02-07 22:03:00,night,2025-02-07,night_2025-02-07,3367.0,3369.0,3367.0,3368.0,3872.0,130402830.0,1858698.0
RB,RB2505.XSGE,2025-02-07 22:04:00,night,2025-02-07,night_2025-02-07,3368.0,3368.0,3366.0,3367.0,2140.0,72057210.0,1857991.0
RB,RB2505.XSGE,2025-02-07 22:05:00,night,2025-02-07,night_2025-02-07,3366.0,3368.0,3366.0,3368.0,2083.0,70133400.0,1857566.0
RB,RB2505.XSGE,2025-02-07 22:06:00,night,2025-02-07,night_2025-02-07,3368.0,3368.0,3366.0,3367.0,2309.0,77750800.0,1856779.0
RB,RB2505.XSGE,2025-02-07 22:07:00,night,2025-02-07,night_2025-02-07,3367.0,3369.0,3367.0,3369.0,3244.0,109258990.0,1856622.0
RB,RB2505.XSGE,2025-02-07 22:08:00,night,2025-02-07,night_2025-02-07,3368.0,3372.0,3368.0,3372.0,5718.0,192687470.0,1857675.0
RB,RB2505.XSGE,2025-02-07 22:09:00,night,2025-02-07,night_2025-02-07,3372.0,3372.0,3369.0,3369.0,3767.0,126958260.0,1857705.0
RB,RB2505.XSGE,2025-02-07 22:10:00,night,2025-02-07,night_2025-02-07,3369.0,3370.0,3369.0,3369.0,1158.0,39021890.0,1857940.0
RB,RB2505.XSGE,2025-02-07 22:11:00,night,2025-02-07,night_2025-02-07,3370.0,3371.0,3369.0,3370.0,940.0,31675770.0,1857921.0
RB,RB2505.XSGE,2025-02-07 22:12:00,night,2025-02-07,night_2025-02-07,3370.0,3371.0,3370.0,3371.0,1170.0,39436730.0,1857838.0
RB,RB2505.XSGE,2025-02-07 22:13:00,night,2025-02-07,night_2025-02-07,3371.0,3371.0,3369.0,3370.0,1302.0,43878880.0,1858095.0
RB,RB2505.XSGE,2025-02-07 22:14:00,night,2025-02-07,night_2025-02-07,3370.0,3371.0,3370.0,3370.0,1164.0,39233390.0,1858133.0
RB,RB2505.XSGE,2025-02-07 22:15:00,night,2025-02-07,night_2025-02-07,3370.0,3371.0,3369.0,3370.0,1761.0,59345630.0,1857750.0
RB,RB2505.XSGE,2025-02-07 22:16:00,night,2025-02-07,night_2025-02-07,3370.0,3372.0,3370.0,3372.0,2092.0,70523190.0,1858068.0
RB,RB2505.XSGE,2025-02-07 22:17:00,night,2025-02-07,night_2025-02-07,3371.0,3372.0,3370.0,3372.0,1390.0,46856680.0,1858324.0
RB,RB2505.XSGE,2025-02-07 22:18:00,night,2025-02-07,night_2025-02-07,3372.0,3372.0,3371.0,3371.0,1274.0,42955160.0,1858728.0
RB,RB2505.XSGE,2025-02-07 22:19:00,night,2025-02-07,night_2025-02-07,3371.0,3372.0,3370.0,3370.0,834.0,28112750.0,1858992.0
RB,RB2505.XSGE,2025-02-07 22:20:00,night,2025-02-07,night_2025-02-07,3370.0,3371.0,3370.0,3371.0,624.0,21030650.0,1859242.0
RB,RB2505.XSGE,2025-02-07 22:21:00,night,2025-02-07,night_2025-02-07,3370.0,3371.0,3370.0,3371.0,638.0,21502480.0,1859211.0
RB,RB2505.XSGE,2025-02-07 22:22:00,night,2025-02-07,night_2025-02-07,3370.0,3372.0,3370.0,3372.0,1162.0,39167670.0,1858952.0
RB,RB2505.XSGE,2025-02-07 22:23:00,night,2025-02-07,night_2025-02-07,3371.0,3372.0,3370.0,3371.0,1171.0,39473250.0,1859080.0
RB,RB2505.XSGE,2025-02-07 22:24:00,night,2025-02-07,night_2025-02-07,3371.0,3371.0,3369.0,3369.0,1384.0,46636610.0,1859584.0
RB,RB2505.XSGE,2025-02-07 22:25:00,night,2025-02-07,night_2025-02-07,3369.0,3370.0,3369.0,3369.0,483.0,16275590.0,1859637.0
RB,RB2505.XSGE,2025-02-07 22:26:00,night,2025-02-07,night_2025-02-07,3369.0,3370.0,3369.0,3369.0,390.0,13141380.0,1859797.0
RB,RB2505.XSGE,2025-02-07 22:27:00,night,2025-02-07,night_2025-02-07,3370.0,3370.0,3369.0,3369.0,523.0,17623960.0,1860058.0
RB,RB2505.XSGE,2025-02-07 22:28:00,night,2025-02-07,night_2025-02-07,3370.0,3370.0,3369.0,3370.0,523.0,17623710.0,1860000.0
RB,RB2505.XSGE,2025-02-07 22:29:00,night,2025-02-07,night_2025-02-07,3370.0,3371.0,3369.0,3369.0,1074.0,36192990.0,1859895.0
RB,RB2505.XSGE,2025-02-07 22:30:00,night,2025-02-07,night_2025-02-07,3369.0,3370.0,3369.0,3369.0,699.0,23554240.0,1859741.0
RB,RB2505.XSGE,2025-02-07 22:31:00,night,2025-02-07,night_2025-02-07,3369.0,3370.0,3369.0,3370.0,1019.0,34334730.0,1859638.0
RB,RB2505.XSGE,2025-02-07 22:32:00,night,2025-02-07,night_2025-02-07,3369.0,3370.0,3368.0,3369.0,1977.0,66602070.0,1859134.0
RB,RB2505.XSGE,2025-02-07 22:33:00,night,2025-02-07,night_2025-02-07,3369.0,3370.0,3368.0,3369.0,1324.0,44607220.0,1858963.0
RB,RB2505.XSGE,2025-02-07 22:34:00,night,2025-02-07,night_2025-02-07,3369.0,3370.0,3369.0,3370.0,730.0,24596100.0,1859113.0
RB,RB2505.XSGE,2025-02-07 22:35:00,night,2025-02-07,night_2025-02-07,3370.0,3370.0,3368.0,3368.0,823.0,27728650.0,1859023.0
RB,RB2505.XSGE,2025-02-07 22:36:00,night,2025-02-07,night_2025-02-07,3369.0,3370.0,3368.0,3368.0,756.0,25467400.0,1859134.0
RB,RB2505.XSGE,2025-02-07 22:37:00,night,2025-02-07,night_2025-02-07,3369.0,3370.0,3368.0,3369.0,602.0,20280280.0,1859006.0
RB,RB2505.XSGE,2025-02-07 22:38:00,night,2025-02-07,night_2025-02-07,3369.0,3369.0,3368.0,3369.0,449.0,15126570.0,1858961.0
RB,RB2505.XSGE,2025-02-07 22:39:00,night,2025-02-07,night_2025-02-07,3369.0,3369.0,3368.0,3369.0,477.0,16068490.0,1858814.0
RB,RB2505.XSGE,2025-02-07 22:40:00,night,2025-02-07,night_2025-02-07,3369.0,3369.0,3367.0,3368.0,2398.0,80765310.0,1858593.0
RB,RB2505.XSGE,2025-02-07 22:41:00,night,2025-02-07,night_2025-02-07,3368.0,3369.0,3368.0,3368.0,924.0,31121280.0,1858265.0
RB,RB2505.XSGE,2025-02-07 22:42:00,night,2025-02-07,night_2025-02-07,3368.0,3369.0,3368.0,3369.0,434.0,14619230.0,1858150.0
RB,RB2505.XSGE,2025-02-07 22:43:00,night,2025-02-07,night_2025-02-07,3368.0,3369.0,3368.0,3368.0,643.0,21658230.0,1857867.0
RB,RB2505.XSGE,2025-02-07 22:44:00,night,2025-02-07,night_2025-02-07,3369.0,3370.0,3368.0,3370.0,1579.0,53197520.0,1857653.0
RB,RB2505.XSGE,2025-02-07 22:45:00,night,2025-02-07,night_2025-02-07,3370.0,3370.0,3368.0,3369.0,771.0,25975490.0,1857592.0
RB,RB2505.XSGE,2025-02-07 22:46:00,night,2025-02-07,night_2025-02-07,3369.0,3369.0,3368.0,3369.0,3299.0,111113930.0,1857474.0
RB,RB2505.XSGE,2025-02-07 22:47:00,night,2025-02-07,night_2025-02-07,3368.0,3369.0,3368.0,3368.0,380.0,12798910.0,1857494.0
RB,RB2505.XSGE,2025-02-07 22:48:00,night,2025-02-07,night_2025-02-07,3368.0,3370.0,3368.0,3368.0,1030.0,34698530.0,1857211.0
RB,RB2505.XSGE,2025-02-07 22:49:00,night,2025-02-07,night_2025-02-07,3369.0,3370.0,3368.0,3369.0,1078.0,36317630.0,1857118.0
RB,RB2505.XSGE,2025-02-07 22:50:00,night,2025-02-07,night_2025-02-07,3368.0,3370.0,3368.0,3368.0,883.0,29747310.0,1856708.0
RB,RB2505.XSGE,2025-02-07 22:51:00,night,2025-02-07,night_2025-02-07,3369.0,3370.0,3368.0,3370.0,1186.0,39959050.0,1856407.0
RB,RB2505.XSGE,2025-02-07 22:52:00,night,2025-02-07,night_2025-02-07,3369.0,3370.0,3369.0,3369.0,1302.0,43868770.0,1856489.0
RB,RB2505.XSGE,2025-02-07 22:53:00,night,2025-02-07,night_2025-02-07,3369.0,3370.0,3368.0,3369.0,1151.0,38776930.0,1856059.0
RB,RB2505.XSGE,2025-02-07 22:54:00,night,2025-02-07,night_2025-02-07,3370.0,3370.0,3368.0,3369.0,857.0,28869940.0,1855628.0
RB,RB2505.XSGE,2025-02-07 22:55:00,night,2025-02-07,night_2025-02-07,3369.0,3369.0,3368.0,3368.0,407.0,13709600.0,1855422.0
RB,RB2505.XSGE,2025-02-07 22:56:00,night,2025-02-07,night_2025-02-07,3368.0,3369.0,3368.0,3368.0,795.0,26777150.0,1854945.0
RB,RB2505.XSGE,2025-02-07 22:57:00,night,2025-02-07,night_2025-02-07,3368.0,3369.0,3368.0,3369.0,2173.0,73199900.0,1853666.0
RB,RB2505.XSGE,2025-02-07 22:58:00,night,2025-02-07,night_2025-02-07,3368.0,3369.0,3368.0,3369.0,869.0,29272140.0,1853203.0
RB,RB2505.XSGE,2025-02-07 22:59:00,night,2025-02-07,night_2025-02-07,3369.0,3369.0,3368.0,3368.0,4974.0,167542520.0,1851041.0
RB,RB2505.XSGE,2025-02-07 23:00:00,night,2025-02-07,night_2025-02-07,3369.0,3369.0,3365.0,3366.0,6595.0,222046040.0,1848313.0
RB,RB2505.XSGE,2025-02-10 09:01:00,day,2025-02-10,day_2025-02-10,3363.0,3363.0,3354.0,3359.0,58506.0,1964511270.0,1840780.0
RB,RB2505.XSGE,2025-02-10 09:02:00,day,2025-02-10,day_2025-02-10,3359.0,3365.0,3358.0,3365.0,18795.0,631697710.0,1843192.0
RB,RB2505.XSGE,2025-02-10 09:03:00,day,2025-02-10,day_2025-02-10,3365.0,3370.0,3365.0,3368.0,22771.0,766788130.0,1848291.0
RB,RB2505.XSGE,2025-02-10 09:04:00,day,2025-02-10,day_2025-02-10,3368.0,3369.0,3365.0,3369.0,8758.0,294856050.0,1851298.0
RB,RB2505.XSGE,2025-02-10 09:05:00,day,2025-02-10,day_2025-02-10,3369.0,3369.0,3365.0,3367.0,6173.0,207847260.0,1851692.0
RB,RB2505.XSGE,2025-02-10 09:06:00,day,2025-02-10,day_2025-02-10,3368.0,3368.0,3357.0,3357.0,15371.0,516668530.0,1853630.0
RB,RB2505.XSGE,2025-02-10 09:07:00,day,2025-02-10,day_2025-02-10,3357.0,3361.0,3356.0,3356.0,14798.0,496930750.0,1852929.0
RB,RB2505.XSGE,2025-02-10 09:08:00,day,2025-02-10,day_2025-02-10,3356.0,3356.0,3352.0,3354.0,18398.0,617110960.0,1852696.0
RB,RB2505.XSGE,2025-02-10 09:09:00,day,2025-02-10,day_2025-02-10,3353.0,3355.0,3351.0,3351.0,14104.0,472850690.0,1851058.0
RB,RB2505.XSGE,2025-02-10 09:10:00,day,2025-02-10,day_2025-02-10,3352.0,3355.0,3352.0,3353.0,8721.0,292482720.0,1851486.0
RB,RB2505.XSGE,2025-02-10 09:11:00,day,2025-02-10,day_2025-02-10,3353.0,3355.0,3352.0,3354.0,6470.0,216951020.0,1852457.0
RB,RB2505.XSGE,2025-02-10 09:12:00,day,2025-02-10,day_2025-02-10,3354.0,3355.0,3353.0,3353.0,4735.0,158819800.0,1852893.0
RB,RB2505.XSGE,2025-02-10 09:13:00,day,2025-02-10,day_2025-02-10,3353.0,3355.0,3352.0,3353.0,5288.0,177314960.0,1854061.0
RB,RB2505.XSGE,2025-02-10 09:14:00,day,2025-02-10,day_2025-02-10,3352.0,3355.0,3352.0,3354.0,4870.0,163311810.0,1854222.0
RB,RB2505.XSGE,2025-02-10 09:15:00,day,2025-02-10,day_2025-02-10,3353.0,3355.0,3353.0,3354.0,3600.0,120727690.0,1855223.0
RB,RB2505.XSGE,2025-02-10 09:16:00,day,2025-02-10,day_2025-02-10,3354.0,3356.0,3352.0,3355.0,5311.0,178124730.0,1856337.0
RB,RB2505.XSGE,2025-02-10 09:17:00,day,2025-02-10,day_2025-02-10,3356.0,3357.0,3355.0,3357.0,5845.0,196174040.0,1855543.0
RB,RB2505.XSGE,2025-02-10 09:18:00,day,2025-02-10,day_2025-02-10,3357.0,3358.0,3355.0,3355.0,4537.0,152279100.0,1855673.0
RB,RB2505.XSGE,2025-02-10 09:19:00,day,2025-02-10,day_2025-02-10,3355.0,3356.0,3354.0,3355.0,2681.0,89944470.0,1856129.0
RB,RB2505.XSGE,2025-02-10 09:20:00,day,2025-02-10,day_2025-02-10,3355.0,3355.0,3354.0,3354.0,1883.0,63170710.0,1856231.0
RB,RB2505.XSGE,2025-02-10 09:21:00,day,2025-02-10,day_2025-02-10,3354.0,3356.0,3354.0,3356.0,2341.0,78545010.0,1856274.0
RB,RB2505.XSGE,2025-02-10 09:22:00,day,2025-02-10,day_2025-02-10,3355.0,3357.0,3354.0,3356.0,2895.0,97145420.0,1856963.0
RB,RB2505.XSGE,2025-02-10 09:23:00,day,2025-02-10,day_2025-02-10,3357.0,3357.0,3355.0,3355.0,2970.0,99689240.0,1857156.0
RB,RB2505.XSGE,2025-02-10 09:24:00,day,2025-02-10,day_2025-02-10,3356.0,3364.0,3356.0,3364.0,11788.0,396117770.0,1858985.0
RB,RB2505.XSGE,2025-02-10 09:25:00,day,2025-02-10,day_2025-02-10,3364.0,3366.0,3360.0,3360.0,14376.0,483620930.0,1857347.0
RB,RB2505.XSGE,2025-02-10 09:26:00,day,2025-02-10,day_2025-02-10,3360.0,3364.0,3359.0,3363.0,4597.0,154534960.0,1857475.0
RB,RB2505.XSGE,2025-02-10 09:27:00,day,2025-02-10,day_2025-02-10,3363.0,3364.0,3361.0,3361.0,2335.0,78519360.0,1857585.0
RB,RB2505.XSGE,2025-02-10 09:28:00,day,2025-02-10,day_2025-02-10,3362.0,3362.0,3359.0,3360.0,3123.0,104946060.0,1858272.0
RB,RB2505.XSGE,2025-02-10 09:29:00,day,2025-02-10,day_2025-02-10,3360.0,3360.0,3357.0,3358.0,4364.0,146553990.0,1858154.0
RB,RB2505.XSGE,2025-02-10 09:30:00,day,2025-02-10,day_2025-02-10,3358.0,3360.0,3357.0,3358.0,2410.0,80936050.0,1857916.0
RB,RB2505.XSGE,2025-02-10 09:31:00,day,2025-02-10,day_2025-02-10,3359.0,3359.0,3357.0,3358.0,1996.0,67021840.0,1857979.0
RB,RB2505.XSGE,2025-02-10 09:32:00,day,2025-02-10,day_2025-02-10,3357.0,3357.0,3353.0,3353.0,10636.0,356757480.0,1858169.0
RB,RB2505.XSGE,2025-02-10 09:33:00,day,2025-02-10,day_2025-02-10,3354.0,3355.0,3352.0,3354.0,8441.0,283052890.0,1857443.0
RB,RB2505.XSGE,2025-02-10 09:34:00,day,2025-02-10,day_2025-02-10,3355.0,3355.0,3353.0,3355.0,3552.0,119142940.0,1857335.0
RB,RB2505.XSGE,2025-02-10 09:35:00,day,2025-02-10,day_2025-02-10,3355.0,3356.0,3353.0,3353.0,4130.0,138537160.0,1857910.0
RB,RB2505.XSGE,2025-02-10 09:36:00,day,2025-02-10,day_2025-02-10,3354.0,3355.0,3353.0,3353.0,4026.0,135021510.0,1857824.0
RB,RB2505.XSGE,2025-02-10 09:37:00,day,2025-02-10,day_2025-02-10,3354.0,3354.0,3352.0,3353.0,2918.0,97851380.0,1857590.0
RB,RB2505.XSGE,2025-02-10 09:38:00,day,2025-02-10,day_2025-02-10,3354.0,3355.0,3353.0,3354.0,2841.0,95295800.0,1858738.0
RB,RB2505.XSGE,2025-02-10 09:39:00,day,2025-02-10,day_2025-02-10,3355.0,3355.0,3352.0,3352.0,4759.0,159601220.0,1860091.0
RB,RB2505.XSGE,2025-02-10 09:40:00,day,2025-02-10,day_2025-02-10,3353.0,3355.0,3352.0,3354.0,4458.0,149498080.0,1860464.0
RB,RB2505.XSGE,2025-02-10 09:41:00,day,2025-02-10,day_2025-02-10,3354.0,3354.0,3351.0,3351.0,10585.0,354778270.0,1862958.0
RB,RB2505.XSGE,2025-02-10 09:42:00,day,2025-02-10,day_2025-02-10,3351.0,3353.0,3351.0,3352.0,4118.0,138034230.0,1863553.0
RB,RB2505.XSGE,2025-02-10 09:43:00,day,2025-02-10,day_2025-02-10,3353.0,3354.0,3351.0,3352.0,3409.0,114281150.0,1864426.0
RB,RB2505.XSGE,2025-02-10 09:44:00,day,2025-02-10,day_2025-02-10,3352.0,3353.0,3351.0,3352.0,3252.0,108999910.0,1864429.0
RB,RB2505.XSGE,2025-02-10 09:45:00,day,2025-02-10,day_2025-02-10,3352.0,3353.0,3345.0,3346.0,25091.0,840077840.0,1866402.0
RB,RB2505.XSGE,2025-02-10 09:46:00,day,2025-02-10,day_2025-02-10,3346.0,3346.0,3338.0,3341.0,39823.0,1330866740.0,1859546.0
RB,RB2505.XSGE,2025-02-10 09:47:00,day,2025-02-10,day_2025-02-10,3342.0,3345.0,3341.0,3343.0,11580.0,387135320.0,1858615.0
RB,RB2505.XSGE,2025-02-10 09:48:00,day,2025-02-10,day_2025-02-10,3344.0,3347.0,3343.0,3346.0,9696.0,324401860.0,1859442.0
RB,RB2505.XSGE,2025-02-10 09:49:00,day,2025-02-10,day_2025-02-10,3346.0,3346.0,3343.0,3344.0,5166.0,172762030.0,1860787.0
RB,RB2505.XSGE,2025-02-10 09:50:00,day,2025-02-10,day_2025-02-10,3344.0,3344.0,3340.0,3341.0,11334.0,378782090.0,1859994.0
RB,RB2505.XSGE,2025-02-10 09:51:00,day,2025-02-10,day_2025-02-10,3341.0,3345.0,3340.0,3344.0,7724.0,258191560.0,1861184.0
RB,RB2505.XSGE,2025-02-10 09:52:00,day,2025-02-10,day_2025-02-10,3345.0,3346.0,3344.0,3346.0,4365.0,146007320.0,1862155.0
RB,RB2505.XSGE,2025-02-10 09:53:00,day,2025-02-10,day_2025-02-10,3345.0,3346.0,3344.0,3345.0,2713.0,90756530.0,1862507.0
RB,RB2505.XSGE,2025-02-10 09:54:00,day,2025-02-10,day_2025-02-10,3345.0,3346.0,3344.0,3345.0,2103.0,70345700.0,1862772.0
RB,RB2505.XSGE,2025-02-10 09:55:00,day,2025-02-10,day_2025-02-10,3345.0,3346.0,3344.0,3345.0,2359.0,78913740.0,1863126.0
RB,RB2505.XSGE,2025-02-10 09:56:00,day,2025-02-10,day_2025-02-10,3346.0,3348.0,3344.0,3348.0,7800.0,260988350.0,1861227.0
RB,RB2505.XSGE,2025-02-10 09:57:00,day,2025-02-10,day_2025-02-10,3348.0,3348.0,3347.0,3347.0,2968.0,99357300.0,1861514.0
RB,RB2505.XSGE,2025-02-10 09:58:00,day,2025-02-10,day_2025-02-10,3347.0,3347.0,3345.0,3345.0,2038.0,68190180.0,1862015.0
RB,RB2505.XSGE,2025-02-10 09:59:00,day,2025-02-10,day_2025-02-10,3346.0,3346.0,3342.0,3344.0,5656.0,189126590.0,1863629.0
RB,RB2505.XSGE,2025-02-10 10:00:00,day,2025-02-10,day_2025-02-10,3344.0,3345.0,3343.0,3343.0,2845.0,95144400.0,1862928.0
RB,RB2505.XSGE,2025-02-10 10:01:00,day,2025-02-10,day_2025-02-10,3344.0,3344.0,3341.0,3342.0,9122.0,304878950.0,1864633.0
RB,RB2505.XSGE,2025-02-10 10:02:00,day,2025-02-10,day_2025-02-10,3342.0,3344.0,3341.0,3343.0,3790.0,126687480.0,1865131.0
RB,RB2505.XSGE,2025-02-10 10:03:00,day,2025-02-10,day_2025-02-10,3343.0,3345.0,3342.0,3345.0,3544.0,118521670.0,1865646.0
RB,RB2505.XSGE,2025-02-10 10:04:00,day,2025-02-10,day_2025-02-10,3344.0,3346.0,3343.0,3343.0,3779.0,126386510.0,1865954.0
RB,RB2505.XSGE,2025-02-10 10:05:00,day,2025-02-10,day_2025-02-10,3344.0,3346.0,3343.0,3345.0,2389.0,79909480.0,1867343.0
RB,RB2505.XSGE,2025-02-10 10:06:00,day,2025-02-10,day_2025-02-10,3345.0,3347.0,3345.0,3346.0,3550.0,118790000.0,1868121.0
RB,RB2505.XSGE,2025-02-10 10:07:00,day,2025-02-10,day_2025-02-10,3347.0,3347.0,3345.0,3345.0,2607.0,87237640.0,1867839.0
RB,RB2505.XSGE,2025-02-10 10:08:00,day,2025-02-10,day_2025-02-10,3346.0,3346.0,3344.0,3344.0,2655.0,88803680.0,1868407.0
RB,RB2505.XSGE,2025-02-10 10:09:00,day,2025-02-10,day_2025-02-10,3343.0,3344.0,3343.0,3344.0,1359.0,45438100.0,1868470.0
RB,RB2505.XSGE,2025-02-10 10:10:00,day,2025-02-10,day_2025-02-10,3344.0,3344.0,3342.0,3343.0,3330.0,111315260.0,1869639.0
RB,RB2505.XSGE,2025-02-10 10:11:00,day,2025-02-10,day_2025-02-10,3343.0,3343.0,3342.0,3343.0,1963.0,65612190.0,1870007.0
RB,RB2505.XSGE,2025-02-10 10:12:00,day,2025-02-10,day_2025-02-10,3343.0,3344.0,3342.0,3342.0,3155.0,105461330.0,1870235.0
RB,RB2505.XSGE,2025-02-10 10:13:00,day,2025-02-10,day_2025-02-10,3342.0,3342.0,3334.0,3335.0,30354.0,1013157320.0,1867898.0
RB,RB2505.XSGE,2025-02-10 10:14:00,day,2025-02-10,day_2025-02-10,3335.0,3335.0,3332.0,3334.0,19832.0,661053260.0,1865124.0
RB,RB2505.XSGE,2025-02-10 10:15:00,day,2025-02-10,day_2025-02-10,3334.0,3334.0,3331.0,3332.0,18767.0,625441860.0,1863811.0
RB,RB2505.XSGE,2025-02-10 10:31:00,day,2025-02-10,day_2025-02-10,3332.0,3333.0,3325.0,3328.0,47027.0,1565127270.0,1862023.0
RB,RB2505.XSGE,2025-02-10 10:32:00,day,2025-02-10,day_2025-02-10,3327.0,3328.0,3323.0,3327.0,23915.0,795368810.0,1864524.0
RB,RB2505.XSGE,2025-02-10 10:33:00,day,2025-02-10,day_2025-02-10,3327.0,3327.0,3324.0,3325.0,21313.0,708753030.0,1866426.0
RB,RB2505.XSGE,2025-02-10 10:34:00,day,2025-02-10,day_2025-02-10,3326.0,3326.0,3323.0,3324.0,12673.0,421277010.0,1868809.0
RB,RB2505.XSGE,2025-02-10 10:35:00,day,2025-02-10,day_2025-02-10,3324.0,3326.0,3322.0,3324.0,10578.0,351593210.0,1869722.0
RB,RB2505.XSGE,2025-02-10 10:36:00,day,2025-02-10,day_2025-02-10,3323.0,3325.0,3322.0,3323.0,12744.0,423488720.0,1872223.0
RB,RB2505.XSGE,2025-02-10 10:37:00,day,2025-02-10,day_2025-02-10,3324.0,3325.0,3323.0,3324.0,8327.0,276804320.0,1873309.0
RB,RB2505.XSGE,2025-02-10 10:38:00,day,2025-02-10,day_2025-02-10,3324.0,3326.0,3323.0,3325.0,10438.0,347001360.0,1873871.0
RB,RB2505.XSGE,2025-02-10 10:39:00,day,2025-02-10,day_2025-02-10,3325.0,3325.0,3323.0,3324.0,6835.0,227196330.0,1874928.0
RB,RB2505.XSGE,2025-02-10 10:40:00,day,2025-02-10,day_2025-02-10,3325.0,3326.0,3324.0,3325.0,6040.0,200828420.0,1875008.0
RB,RB2505.XSGE,2025-02-10 10:41:00,day,2025-02-10,day_2025-02-10,3325.0,3326.0,3324.0,3325.0,4141.0,137676840.0,1874925.0
RB,RB2505.XSGE,2025-02-10 10:42:00,day,2025-02-10,day_2025-02-10,3325.0,3325.0,3323.0,3323.0,6470.0,215037670.0,1874166.0
RB,RB2505.XSGE,2025-02-10 10:43:00,day,2025-02-10,day_2025-02-10,3323.0,3325.0,3323.0,3324.0,5354.0,177954180.0,1875096.0
RB,RB2505.XSGE,2025-02-10 10:44:00,day,2025-02-10,day_2025-02-10,3324.0,3325.0,3322.0,3322.0,7794.0,258977750.0,1875611.0
RB,RB2505.XSGE,2025-02-10 10:45:00,day,2025-02-10,day_2025-02-10,3323.0,3325.0,3322.0,3325.0,6546.0,217546760.0,1875881.0
RB,RB2505.XSGE,2025-02-10 10:46:00,day,2025-02-10,day_2025-02-10,3324.0,3324.0,3318.0,3319.0,34769.0,1154471390.0,1871793.0
RB,RB2505.XSGE,2025-02-10 10:47:00,day,2025-02-10,day_2025-02-10,3319.0,3321.0,3318.0,3320.0,10889.0,361433510.0,1871946.0
RB,RB2505.XSGE,2025-02-10 10:48:00,day,2025-02-10,day_2025-02-10,3320.0,3320.0,3316.0,3317.0,13453.0,446405220.0,1873077.0
RB,RB2505.XSGE,2025-02-10 10:49:00,day,2025-02-10,day_2025-02-10,3317.0,3317.0,3313.0,3314.0,28117.0,931971990.0,1871055.0
RB,RB2505.XSGE,2025-02-10 10:50:00,day,2025-02-10,day_2025-02-10,3314.0,3316.0,3313.0,3315.0,16859.0,558801030.0,1873095.0
RB,RB2505.XSGE,2025-02-10 10:51:00,day,2025-02-10,day_2025-02-10,3314.0,3315.0,3312.0,3315.0,12949.0,429064750.0,1874153.0
RB,RB2505.XSGE,2025-02-10 10:52:00,day,2025-02-10,day_2025-02-10,3315.0,3317.0,3314.0,3317.0,10825.0,358958440.0,1874827.0
RB,RB2505.XSGE,2025-02-10 10:53:00,day,2025-02-10,day_2025-02-10,3317.0,3319.0,3315.0,3319.0,9985.0,331241540.0,1874200.0
RB,RB2505.XSGE,2025-02-10 10:54:00,day,2025-02-10,day_2025-02-10,3318.0,3319.0,3317.0,3318.0,7228.0,239812810.0,1875713.0
RB,RB2505.XSGE,2025-02-10 10:55:00,day,2025-02-10,day_2025-02-10,3317.0,3320.0,3317.0,3319.0,7215.0,239418630.0,1874495.0
RB,RB2505.XSGE,2025-02-10 10:56:00,day,2025-02-10,day_2025-02-10,3319.0,3320.0,3318.0,3318.0,6926.0,229849230.0,1875318.0
RB,RB2505.XSGE,2025-02-10 10:57:00,day,2025-02-10,day_2025-02-10,3318.0,3319.0,3317.0,3317.0,4943.0,164013130.0,1874653.0
RB,RB2505.XSGE,2025-02-10 10:58:00,day,2025-02-10,day_2025-02-10,3317.0,3319.0,3316.0,3319.0,5019.0,166511920.0,1874677.0
RB,RB2505.XSGE,2025-02-10 10:59:00,day,2025-02-10,day_2025-02-10,3319.0,3319.0,3318.0,3318.0,4446.0,147530150.0,1874476.0
RB,RB2505.XSGE,2025-02-10 11:00:00,day,2025-02-10,day_2025-02-10,3318.0,3319.0,3317.0,3319.0,2939.0,97527080.0,1874750.0
RB,RB2505.XSGE,2025-02-10 11:01:00,day,2025-02-10,day_2025-02-10,3319.0,3319.0,3317.0,3318.0,5678.0,188387340.0,1874976.0
RB,RB2505.XSGE,2025-02-10 11:02:00,day,2025-02-10,day_2025-02-10,3318.0,3318.0,3315.0,3316.0,5887.0,195255810.0,1876464.0
RB,RB2505.XSGE,2025-02-10 11:03:00,day,2025-02-10,day_2025-02-10,3315.0,3317.0,3315.0,3317.0,4749.0,157465720.0,1876291.0
RB,RB2505.XSGE,2025-02-10 11:04:00,day,2025-02-10,day_2025-02-10,3317.0,3318.0,3316.0,3318.0,2498.0,82854380.0,1877154.0
RB,RB2505.XSGE,2025-02-10 11:05:00,day,2025-02-10,day_2025-02-10,3317.0,3318.0,3316.0,3318.0,4560.0,151264550.0,1877731.0
RB,RB2505.XSGE,2025-02-10 11:06:00,day,2025-02-10,day_2025-02-10,3317.0,3321.0,3317.0,3321.0,7662.0,254309480.0,1878280.0
RB,RB2505.XSGE,2025-02-10 11:07:00,day,2025-02-10,day_2025-02-10,3321.0,3323.0,3319.0,3323.0,8660.0,287620570.0,1878467.0
RB,RB2505.XSGE,2025-02-10 11:08:00,day,2025-02-10,day_2025-02-10,3323.0,3323.0,3320.0,3321.0,7442.0,247192450.0,1879887.0
RB,RB2505.XSGE,2025-02-10 11:09:00,day,2025-02-10,day_2025-02-10,3321.0,3322.0,3320.0,3321.0,7032.0,233505180.0,1879894.0
RB,RB2505.XSGE,2025-02-10 11:10:00,day,2025-02-10,day_2025-02-10,3320.0,3321.0,3320.0,3321.0,2219.0,73682030.0,1879709.0
RB,RB2505.XSGE,2025-02-10 11:11:00,day,2025-02-10,day_2025-02-10,3321.0,3321.0,3319.0,3321.0,4041.0,134155560.0,1880222.0
RB,RB2505.XSGE,2025-02-10 11:12:00,day,2025-02-10,day_2025-02-10,3320.0,3321.0,3319.0,3320.0,2775.0,92127870.0,1880142.0
RB,RB2505.XSGE,2025-02-10 11:13:00,day,2025-02-10,day_2025-02-10,3320.0,3321.0,3319.0,3319.0,3188.0,105843990.0,1880585.0
RB,RB2505.XSGE,2025-02-10 11:14:00,day,2025-02-10,day_2025-02-10,3320.0,3320.0,3316.0,3317.0,5909.0,196039410.0,1881673.0
RB,RB2505.XSGE,2025-02-10 11:15:00,day,2025-02-10,day_2025-02-10,3317.0,3319.0,3315.0,3315.0,12257.0,406455210.0,1882844.0
RB,RB2505.XSGE,2025-02-10 11:16:00,day,2025-02-10,day_2025-02-10,3314.0,3316.0,3313.0,3316.0,7270.0,240969710.0,1883768.0
RB,RB2505.XSGE,2025-02-10 11:17:00,day,2025-02-10,day_2025-02-10,3315.0,3318.0,3315.0,3317.0,3978.0,131930570.0,1883694.0
RB,RB2505.XSGE,2025-02-10 11:18:00,day,2025-02-10,day_2025-02-10,3317.0,3318.0,3316.0,3317.0,2797.0,92767730.0,1883949.0
RB,RB2505.XSGE,2025-02-10 11:19:00,day,2025-02-10,day_2025-02-10,3318.0,3319.0,3317.0,3319.0,4255.0,141181960.0,1883098.0
RB,RB2505.XSGE,2025-02-10 11:20:00,day,2025-02-10,day_2025-02-10,3319.0,3321.0,3319.0,3320.0,3872.0,128556090.0,1883741.0
RB,RB2505.XSGE,2025-02-10 11:21:00,day,2025-02-10,day_2025-02-10,3320.0,3323.0,3320.0,3322.0,4826.0,160299900.0,1883834.0
RB,RB2505.XSGE,2025-02-10 11:22:00,day,2025-02-10,day_2025-02-10,3322.0,3323.0,3320.0,3321.0,3322.0,110339380.0,1884191.0
RB,RB2505.XSGE,2025-02-10 11:23:00,day,2025-02-10,day_2025-02-10,3321.0,3323.0,3320.0,3323.0,3529.0,117236840.0,1885192.0
RB,RB2505.XSGE,2025-02-10 11:24:00,day,2025-02-10,day_2025-02-10,3322.0,3323.0,3321.0,3322.0,3299.0,109588880.0,1885357.0
RB,RB2505.XSGE,2025-02-10 11:25:00,day,2025-02-10,day_2025-02-10,3323.0,3323.0,3321.0,3321.0,2594.0,86179520.0,1885712.0
RB,RB2505.XSGE,2025-02-10 11:26:00,day,2025-02-10,day_2025-02-10,3321.0,3323.0,3321.0,3322.0,3107.0,103208520.0,1887038.0
RB,RB2505.XSGE,2025-02-10 11:27:00,day,2025-02-10,day_2025-02-10,3322.0,3324.0,3321.0,3324.0,4897.0,162709870.0,1887777.0
RB,RB2505.XSGE,2025-02-10 11:28:00,day,2025-02-10,day_2025-02-10,3324.0,3326.0,3322.0,3326.0,8388.0,278849310.0,1884726.0
RB,RB2505.XSGE,2025-02-10 11:29:00,day,2025-02-10,day_2025-02-10,3325.0,3325.0,3322.0,3322.0,4699.0,156180850.0,1883612.0
RB,RB2505.XSGE,2025-02-10 11:30:00,day,2025-02-10,day_2025-02-10,3322.0,3323.0,3318.0,3318.0,7627.0,253220520.0,1882858.0
RB,RB2505.XSGE,2025-02-10 13:31:00,day,2025-02-10,day_2025-02-10,3320.0,3322.0,3319.0,3320.0,9733.0,323152410.0,1882763.0
RB,RB2505.XSGE,2025-02-10 13:32:00,day,2025-02-10,day_2025-02-10,3320.0,3322.0,3319.0,3322.0,4619.0,153361050.0,1884747.0
RB,RB2505.XSGE,2025-02-10 13:33:00,day,2025-02-10,day_2025-02-10,3322.0,3323.0,3321.0,3322.0,4929.0,163722570.0,1886313.0
RB,RB2505.XSGE,2025-02-10 13:34:00,day,2025-02-10,day_2025-02-10,3322.0,3322.0,3319.0,3321.0,4372.0,145161380.0,1887465.0
RB,RB2505.XSGE,2025-02-10 13:35:00,day,2025-02-10,day_2025-02-10,3320.0,3321.0,3318.0,3318.0,3154.0,104684550.0,1888151.0
RB,RB2505.XSGE,2025-02-10 13:36:00,day,2025-02-10,day_2025-02-10,3318.0,3321.0,3318.0,3320.0,3576.0,118725290.0,1888874.0
RB,RB2505.XSGE,2025-02-10 13:37:00,day,2025-02-10,day_2025-02-10,3320.0,3321.0,3319.0,3319.0,1740.0,57764350.0,1888997.0
RB,RB2505.XSGE,2025-02-10 13:38:00,day,2025-02-10,day_2025-02-10,3319.0,3320.0,3319.0,3320.0,542.0,17991460.0,1889176.0
RB,RB2505.XSGE,2025-02-10 13:39:00,day,2025-02-10,day_2025-02-10,3320.0,3321.0,3319.0,3320.0,3559.0,118159760.0,1890789.0
RB,RB2505.XSGE,2025-02-10 13:40:00,day,2025-02-10,day_2025-02-10,3320.0,3320.0,3318.0,3319.0,3759.0,124762730.0,1892090.0
RB,RB2505.XSGE,2025-02-10 13:41:00,day,2025-02-10,day_2025-02-10,3319.0,3320.0,3318.0,3320.0,2635.0,87455760.0,1891960.0
RB,RB2505.XSGE,2025-02-10 13:42:00,day,2025-02-10,day_2025-02-10,3319.0,3320.0,3318.0,3318.0,2172.0,72080630.0,1891770.0
RB,RB2505.XSGE,2025-02-10 13:43:00,day,2025-02-10,day_2025-02-10,3319.0,3319.0,3316.0,3318.0,5433.0,180233670.0,1892285.0
RB,RB2505.XSGE,2025-02-10 13:44:00,day,2025-02-10,day_2025-02-10,3318.0,3318.0,3316.0,3318.0,2067.0,68563690.0,1891686.0
RB,RB2505.XSGE,2025-02-10 13:45:00,day,2025-02-10,day_2025-02-10,3318.0,3319.0,3317.0,3319.0,2386.0,79167730.0,1892542.0
RB,RB2505.XSGE,2025-02-10 13:46:00,day,2025-02-10,day_2025-02-10,3319.0,3319.0,3318.0,3318.0,1167.0,38726330.0,1892545.0
RB,RB2505.XSGE,2025-02-10 13:47:00,day,2025-02-10,day_2025-02-10,3319.0,3319.0,3318.0,3319.0,1242.0,41216270.0,1892615.0
RB,RB2505.XSGE,2025-02-10 13:48:00,day,2025-02-10,day_2025-02-10,3319.0,3319.0,3318.0,3318.0,2160.0,71682280.0,1892623.0
RB,RB2505.XSGE,2025-02-10 13:49:00,day,2025-02-10,day_2025-02-10,3318.0,3319.0,3318.0,3318.0,1189.0,39454590.0,1892651.0
RB,RB2505.XSGE,2025-02-10 13:50:00,day,2025-02-10,day_2025-02-10,3319.0,3319.0,3317.0,3317.0,1472.0,48837830.0,1893224.0
RB,RB2505.XSGE,2025-02-10 13:51:00,day,2025-02-10,day_2025-02-10,3317.0,3318.0,3316.0,3316.0,4062.0,134729570.0,1895403.0
RB,RB2505.XSGE,2025-02-10 13:52:00,day,2025-02-10,day_2025-02-10,3316.0,3317.0,3315.0,3316.0,4556.0,151075900.0,1896202.0
RB,RB2505.XSGE,2025-02-10 13:53:00,day,2025-02-10,day_2025-02-10,3316.0,3319.0,3315.0,3319.0,6030.0,200003440.0,1896571.0
RB,RB2505.XSGE,2025-02-10 13:54:00,day,2025-02-10,day_2025-02-10,3319.0,3319.0,3316.0,3318.0,2331.0,77326060.0,1896244.0
RB,RB2505.XSGE,2025-02-10 13:55:00,day,2025-02-10,day_2025-02-10,3317.0,3318.0,3316.0,3316.0,2018.0,66931650.0,1896211.0
RB,RB2505.XSGE,2025-02-10 13:56:00,day,2025-02-10,day_2025-02-10,3316.0,3318.0,3316.0,3318.0,1814.0,60169410.0,1895937.0
RB,RB2505.XSGE,2025-02-10 13:57:00,day,2025-02-10,day_2025-02-10,3316.0,3317.0,3315.0,3316.0,4971.0,164811270.0,1896070.0
RB,RB2505.XSGE,2025-02-10 13:58:00,day,2025-02-10,day_2025-02-10,3316.0,3316.0,3314.0,3315.0,4276.0,141749960.0,1896718.0
RB,RB2505.XSGE,2025-02-10 13:59:00,day,2025-02-10,day_2025-02-10,3315.0,3316.0,3314.0,3314.0,2816.0,93355210.0,1896819.0
RB,RB2505.XSGE,2025-02-10 14:00:00,day,2025-02-10,day_2025-02-10,3315.0,3316.0,3314.0,3315.0,2483.0,82306390.0,1897171.0
RB,RB2505.XSGE,2025-02-10 14:01:00,day,2025-02-10,day_2025-02-10,3316.0,3316.0,3314.0,3315.0,3637.0,120570620.0,1897193.0
RB,RB2505.XSGE,2025-02-10 14:02:00,day,2025-02-10,day_2025-02-10,3315.0,3315.0,3313.0,3314.0,4180.0,138530510.0,1897895.0
RB,RB2505.XSGE,2025-02-10 14:03:00,day,2025-02-10,day_2025-02-10,3313.0,3314.0,3312.0,3313.0,6852.0,226998550.0,1899403.0
RB,RB2505.XSGE,2025-02-10 14:04:00,day,2025-02-10,day_2025-02-10,3313.0,3316.0,3312.0,3316.0,6165.0,204305730.0,1898558.0
RB,RB2505.XSGE,2025-02-10 14:05:00,day,2025-02-10,day_2025-02-10,3315.0,3317.0,3315.0,3317.0,4198.0,139188830.0,1897648.0
RB,RB2505.XSGE,2025-02-10 14:06:00,day,2025-02-10,day_2025-02-10,3317.0,3319.0,3316.0,3318.0,7861.0,260800260.0,1897171.0
RB,RB2505.XSGE,2025-02-10 14:07:00,day,2025-02-10,day_2025-02-10,3318.0,3319.0,3317.0,3319.0,3772.0,125153870.0,1896765.0
RB,RB2505.XSGE,2025-02-10 14:08:00,day,2025-02-10,day_2025-02-10,3318.0,3320.0,3318.0,3320.0,3908.0,129718430.0,1896468.0
RB,RB2505.XSGE,2025-02-10 14:09:00,day,2025-02-10,day_2025-02-10,3320.0,3321.0,3319.0,3321.0,4279.0,142058820.0,1896761.0
RB,RB2505.XSGE,2025-02-10 14:10:00,day,2025-02-10,day_2025-02-10,3320.0,3321.0,3319.0,3319.0,1866.0,61948880.0,1896715.0
RB,RB2505.XSGE,2025-02-10 14:11:00,day,2025-02-10,day_2025-02-10,3320.0,3320.0,3318.0,3318.0,2820.0,93601720.0,1897065.0
RB,RB2505.XSGE,2025-02-10 14:12:00,day,2025-02-10,day_2025-02-10,3318.0,3320.0,3318.0,3318.0,1696.0,56291980.0,1897136.0
RB,RB2505.XSGE,2025-02-10 14:13:00,day,2025-02-10,day_2025-02-10,3319.0,3319.0,3317.0,3318.0,1786.0,59254630.0,1897595.0
RB,RB2505.XSGE,2025-02-10 14:14:00,day,2025-02-10,day_2025-02-10,3318.0,3318.0,3317.0,3318.0,1266.0,41998620.0,1897676.0
RB,RB2505.XSGE,2025-02-10 14:15:00,day,2025-02-10,day_2025-02-10,3318.0,3320.0,3317.0,3320.0,1781.0,59104140.0,1897996.0
RB,RB2505.XSGE,2025-02-10 14:16:00,day,2025-02-10,day_2025-02-10,3320.0,3320.0,3319.0,3320.0,2407.0,79906380.0,1898094.0
RB,RB2505.XSGE,2025-02-10 14:17:00,day,2025-02-10,day_2025-02-10,3319.0,3320.0,3319.0,3320.0,885.0,29379860.0,1898136.0
RB,RB2505.XSGE,2025-02-10 14:18:00,day,2025-02-10,day_2025-02-10,3320.0,3320.0,3319.0,3319.0,1507.0,50021390.0,1898312.0
RB,RB2505.XSGE,2025-02-10 14:19:00,day,2025-02-10,day_2025-02-10,3320.0,3322.0,3318.0,3321.0,4457.0,147987750.0,1898477.0
RB,RB2505.XSGE,2025-02-10 14:20:00,day,2025-02-10,day_2025-02-10,3322.0,3324.0,3321.0,3324.0,7822.0,259923170.0,1896650.0
RB,RB2505.XSGE,2025-02-10 14:21:00,day,2025-02-10,day_2025-02-10,3324.0,3326.0,3323.0,3326.0,7007.0,232965720.0,1895533.0
RB,RB2505.XSGE,2025-02-10 14:22:00,day,2025-02-10,day_2025-02-10,3325.0,3326.0,3323.0,3324.0,6984.0,232161030.0,1895335.0
RB,RB2505.XSGE,2025-02-10 14:23:00,day,2025-02-10,day_2025-02-10,3324.0,3324.0,3322.0,3323.0,2817.0,93614000.0,1895592.0
RB,RB2505.XSGE,2025-02-10 14:24:00,day,2025-02-10,day_2025-02-10,3324.0,3324.0,3323.0,3324.0,1106.0,36759940.0,1895502.0
RB,RB2505.XSGE,2025-02-10 14:25:00,day,2025-02-10,day_2025-02-10,3324.0,3325.0,3322.0,3323.0,3838.0,127554260.0,1895927.0
RB,RB2505.XSGE,2025-02-10 14:26:00,day,2025-02-10,day_2025-02-10,3323.0,3326.0,3323.0,3325.0,3784.0,125815230.0,1895767.0
RB,RB2505.XSGE,2025-02-10 14:27:00,day,2025-02-10,day_2025-02-10,3326.0,3326.0,3324.0,3325.0,2228.0,74074450.0,1895873.0
RB,RB2505.XSGE,2025-02-10 14:28:00,day,2025-02-10,day_2025-02-10,3324.0,3327.0,3324.0,3326.0,7344.0,244267370.0,1894973.0
RB,RB2505.XSGE,2025-02-10 14:29:00,day,2025-02-10,day_2025-02-10,3326.0,3328.0,3325.0,3328.0,5770.0,191946490.0,1892772.0
RB,RB2505.XSGE,2025-02-10 14:30:00,day,2025-02-10,day_2025-02-10,3328.0,3328.0,3326.0,3328.0,3557.0,118341170.0,1892781.0
RB,RB2505.XSGE,2025-02-10 14:31:00,day,2025-02-10,day_2025-02-10,3327.0,3328.0,3326.0,3326.0,3957.0,131660790.0,1892587.0
RB,RB2505.XSGE,2025-02-10 14:32:00,day,2025-02-10,day_2025-02-10,3327.0,3328.0,3325.0,3328.0,5558.0,184910130.0,1891291.0
RB,RB2505.XSGE,2025-02-10 14:33:00,day,2025-02-10,day_2025-02-10,3327.0,3328.0,3326.0,3327.0,4361.0,145087840.0,1890402.0
RB,RB2505.XSGE,2025-02-10 14:34:00,day,2025-02-10,day_2025-02-10,3327.0,3330.0,3327.0,3330.0,9025.0,300428870.0,1888504.0
RB,RB2505.XSGE,2025-02-10 14:35:00,day,2025-02-10,day_2025-02-10,3329.0,3331.0,3328.0,3329.0,7539.0,251020410.0,1888711.0
RB,RB2505.XSGE,2025-02-10 14:36:00,day,2025-02-10,day_2025-02-10,3329.0,3329.0,3327.0,3328.0,2760.0,91859360.0,1888609.0
RB,RB2505.XSGE,2025-02-10 14:37:00,day,2025-02-10,day_2025-02-10,3329.0,3330.0,3328.0,3330.0,4203.0,139923400.0,1888448.0
RB,RB2505.XSGE,2025-02-10 14:38:00,day,2025-02-10,day_2025-02-10,3329.0,3330.0,3327.0,3327.0,2797.0,93083080.0,1888694.0
RB,RB2505.XSGE,2025-02-10 14:39:00,day,2025-02-10,day_2025-02-10,3327.0,3329.0,3326.0,3328.0,5452.0,181405690.0,1889071.0
RB,RB2505.XSGE,2025-02-10 14:40:00,day,2025-02-10,day_2025-02-10,3328.0,3329.0,3328.0,3329.0,1743.0,58019840.0,1888850.0
RB,RB2505.XSGE,2025-02-10 14:41:00,day,2025-02-10,day_2025-02-10,3329.0,3329.0,3327.0,3328.0,1368.0,45528780.0,1888666.0
RB,RB2505.XSGE,2025-02-10 14:42:00,day,2025-02-10,day_2025-02-10,3327.0,3329.0,3327.0,3327.0,1968.0,65493800.0,1887947.0
RB,RB2505.XSGE,2025-02-10 14:43:00,day,2025-02-10,day_2025-02-10,3327.0,3328.0,3327.0,3328.0,769.0,25588580.0,1887904.0
RB,RB2505.XSGE,2025-02-10 14:44:00,day,2025-02-10,day_2025-02-10,3328.0,3328.0,3326.0,3327.0,3348.0,111384030.0,1887849.0
RB,RB2505.XSGE,2025-02-10 14:45:00,day,2025-02-10,day_2025-02-10,3327.0,3329.0,3327.0,3328.0,2688.0,89459570.0,1887877.0
RB,RB2505.XSGE,2025-02-10 14:46:00,day,2025-02-10,day_2025-02-10,3329.0,3329.0,3328.0,3329.0,2370.0,78884160.0,1887270.0
RB,RB2505.XSGE,2025-02-10 14:47:00,day,2025-02-10,day_2025-02-10,3329.0,3336.0,3328.0,3333.0,18450.0,614810690.0,1879602.0
RB,RB2505.XSGE,2025-02-10 14:48:00,day,2025-02-10,day_2025-02-10,3332.0,3335.0,3332.0,3333.0,8899.0,296651090.0,1876440.0
RB,RB2505.XSGE,2025-02-10 14:49:00,day,2025-02-10,day_2025-02-10,3333.0,3335.0,3332.0,3334.0,7378.0,245960620.0,1874180.0
RB,RB2505.XSGE,2025-02-10 14:50:00,day,2025-02-10,day_2025-02-10,3333.0,3334.0,3332.0,3333.0,5258.0,175236690.0,1872891.0
RB,RB2505.XSGE,2025-02-10 14:51:00,day,2025-02-10,day_2025-02-10,3333.0,3334.0,3332.0,3334.0,3407.0,113563210.0,1872057.0
RB,RB2505.XSGE,2025-02-10 14:52:00,day,2025-02-10,day_2025-02-10,3333.0,3334.0,3333.0,3333.0,4986.0,166204860.0,1871208.0
RB,RB2505.XSGE,2025-02-10 14:53:00,day,2025-02-10,day_2025-02-10,3334.0,3337.0,3333.0,3337.0,9853.0,328629810.0,1868145.0
RB,RB2505.XSGE,2025-02-10 14:54:00,day,2025-02-10,day_2025-02-10,3337.0,3337.0,3335.0,3335.0,5483.0,182897060.0,1865943.0
RB,RB2505.XSGE,2025-02-10 14:55:00,day,2025-02-10,day_2025-02-10,3334.0,3335.0,3334.0,3335.0,4029.0,134344930.0,1863805.0
RB,RB2505.XSGE,2025-02-10 14:56:00,day,2025-02-10,day_2025-02-10,3334.0,3336.0,3332.0,3332.0,7218.0,240677220.0,1862532.0
RB,RB2505.XSGE,2025-02-10 14:57:00,day,2025-02-10,day_2025-02-10,3332.0,3334.0,3332.0,3333.0,5559.0,185280220.0,1861463.0
RB,RB2505.XSGE,2025-02-10 14:58:00,day,2025-02-10,day_2025-02-10,3334.0,3335.0,3333.0,3334.0,4662.0,155418540.0,1860630.0
RB,RB2505.XSGE,2025-02-10 14:59:00,day,2025-02-10,day_2025-02-10,3333.0,3334.0,3332.0,3333.0,7493.0,249713550.0,1860155.0
RB,RB2505.XSGE,2025-02-10 15:00:00,day,2025-02-10,day_2025-02-10,3332.0,3333.0,3331.0,3331.0,10173.0,338989620.0,1856963.0
RB,RB2505.XSGE,2025-02-10 21:01:00,night,2025-02-10,night_2025-02-10,3339.0,3339.0,3334.0,3337.0,29460.0,983097940.0,1851278.0
RB,RB2505.XSGE,2025-02-10 21:02:00,night,2025-02-10,night_2025-02-10,3338.0,3338.0,3335.0,3336.0,10006.0,333842330.0,1851049.0
RB,RB2505.XSGE,2025-02-10 21:03:00,night,2025-02-10,night_2025-02-10,3336.0,3338.0,3334.0,3337.0,11201.0,373719990.0,1849403.0
RB,RB2505.XSGE,2025-02-10 21:04:00,night,2025-02-10,night_2025-02-10,3338.0,3338.0,3335.0,3336.0,7559.0,252214840.0,1848681.0
RB,RB2505.XSGE,2025-02-10 21:05:00,night,2025-02-10,night_2025-02-10,3336.0,3337.0,3334.0,3336.0,6761.0,225512580.0,1846995.0
RB,RB2505.XSGE,2025-02-10 21:06:00,night,2025-02-10,night_2025-02-10,3335.0,3338.0,3334.0,3337.0,13823.0,461212600.0,1843239.0
RB,RB2505.XSGE,2025-02-10 21:07:00,night,2025-02-10,night_2025-02-10,3337.0,3339.0,3335.0,3336.0,11323.0,377895440.0,1841886.0
RB,RB2505.XSGE,2025-02-10 21:08:00,night,2025-02-10,night_2025-02-10,3336.0,3337.0,3336.0,3337.0,3342.0,111499240.0,1842140.0
RB,RB2505.XSGE,2025-02-10 21:09:00,night,2025-02-10,night_2025-02-10,3337.0,3338.0,3336.0,3337.0,4865.0,162347740.0,1840732.0
RB,RB2505.XSGE,2025-02-10 21:10:00,night,2025-02-10,night_2025-02-10,3338.0,3338.0,3335.0,3336.0,5828.0,194428900.0,1839438.0
RB,RB2505.XSGE,2025-02-10 21:11:00,night,2025-02-10,night_2025-02-10,3336.0,3336.0,3334.0,3335.0,8185.0,272959140.0,1839126.0
RB,RB2505.XSGE,2025-02-10 21:12:00,night,2025-02-10,night_2025-02-10,3335.0,3336.0,3335.0,3336.0,3937.0,131329010.0,1838508.0
RB,RB2505.XSGE,2025-02-10 21:13:00,night,2025-02-10,night_2025-02-10,3336.0,3337.0,3335.0,3335.0,3278.0,109360480.0,1837092.0
RB,RB2505.XSGE,2025-02-10 21:14:00,night,2025-02-10,night_2025-02-10,3336.0,3337.0,3335.0,3337.0,3313.0,110522450.0,1836391.0
RB,RB2505.XSGE,2025-02-10 21:15:00,night,2025-02-10,night_2025-02-10,3336.0,3337.0,3334.0,3334.0,5114.0,170551600.0,1835927.0
RB,RB2505.XSGE,2025-02-10 21:16:00,night,2025-02-10,night_2025-02-10,3335.0,3336.0,3334.0,3335.0,2291.0,76409920.0,1835774.0
RB,RB2505.XSGE,2025-02-10 21:17:00,night,2025-02-10,night_2025-02-10,3335.0,3336.0,3332.0,3332.0,7492.0,249743270.0,1834278.0
RB,RB2505.XSGE,2025-02-10 21:18:00,night,2025-02-10,night_2025-02-10,3332.0,3334.0,3331.0,3332.0,8231.0,274255400.0,1833008.0
RB,RB2505.XSGE,2025-02-10 21:19:00,night,2025-02-10,night_2025-02-10,3332.0,3332.0,3330.0,3330.0,8209.0,273424970.0,1831949.0
RB,RB2505.XSGE,2025-02-10 21:20:00,night,2025-02-10,night_2025-02-10,3330.0,3333.0,3330.0,3332.0,9551.0,318143590.0,1834596.0
RB,RB2505.XSGE,2025-02-10 21:21:00,night,2025-02-10,night_2025-02-10,3333.0,3333.0,3331.0,3332.0,2153.0,71743950.0,1834884.0
RB,RB2505.XSGE,2025-02-10 21:22:00,night,2025-02-10,night_2025-02-10,3332.0,3333.0,3328.0,3328.0,7503.0,249864930.0,1834572.0
RB,RB2505.XSGE,2025-02-10 21:23:00,night,2025-02-10,night_2025-02-10,3329.0,3329.0,3326.0,3326.0,7703.0,256301160.0,1835153.0
RB,RB2505.XSGE,2025-02-10 21:24:00,night,2025-02-10,night_2025-02-10,3326.0,3328.0,3323.0,3325.0,11351.0,377487130.0,1834916.0
RB,RB2505.XSGE,2025-02-10 21:25:00,night,2025-02-10,night_2025-02-10,3325.0,3326.0,3324.0,3326.0,4289.0,142622240.0,1833808.0
RB,RB2505.XSGE,2025-02-10 21:26:00,night,2025-02-10,night_2025-02-10,3325.0,3328.0,3325.0,3326.0,9799.0,325947140.0,1833548.0
RB,RB2505.XSGE,2025-02-10 21:27:00,night,2025-02-10,night_2025-02-10,3327.0,3328.0,3326.0,3327.0,4115.0,136908940.0,1834705.0
RB,RB2505.XSGE,2025-02-10 21:28:00,night,2025-02-10,night_2025-02-10,3328.0,3328.0,3327.0,3327.0,1866.0,62090590.0,1834702.0
RB,RB2505.XSGE,2025-02-10 21:29:00,night,2025-02-10,night_2025-02-10,3327.0,3328.0,3326.0,3326.0,2843.0,94581420.0,1834074.0
RB,RB2505.XSGE,2025-02-10 21:30:00,night,2025-02-10,night_2025-02-10,3326.0,3327.0,3325.0,3326.0,3392.0,112820890.0,1834165.0
RB,RB2505.XSGE,2025-02-10 21:31:00,night,2025-02-10,night_2025-02-10,3326.0,3328.0,3326.0,3328.0,2613.0,86935930.0,1834247.0
RB,RB2505.XSGE,2025-02-10 21:32:00,night,2025-02-10,night_2025-02-10,3328.0,3328.0,3325.0,3327.0,3866.0,128599250.0,1834850.0
RB,RB2505.XSGE,2025-02-10 21:33:00,night,2025-02-10,night_2025-02-10,3326.0,3327.0,3325.0,3326.0,1863.0,61957100.0,1835336.0
RB,RB2505.XSGE,2025-02-10 21:34:00,night,2025-02-10,night_2025-02-10,3326.0,3326.0,3324.0,3325.0,5896.0,196010810.0,1835268.0
RB,RB2505.XSGE,2025-02-10 21:35:00,night,2025-02-10,night_2025-02-10,3324.0,3326.0,3322.0,3322.0,6814.0,226474500.0,1836375.0
RB,RB2505.XSGE,2025-02-10 21:36:00,night,2025-02-10,night_2025-02-10,3322.0,3325.0,3322.0,3325.0,4500.0,149576990.0,1838437.0
RB,RB2505.XSGE,2025-02-10 21:37:00,night,2025-02-10,night_2025-02-10,3325.0,3326.0,3324.0,3326.0,3213.0,106849960.0,1838922.0
RB,RB2505.XSGE,2025-02-10 21:38:00,night,2025-02-10,night_2025-02-10,3326.0,3327.0,3325.0,3326.0,2491.0,82848060.0,1839230.0
RB,RB2505.XSGE,2025-02-10 21:39:00,night,2025-02-10,night_2025-02-10,3326.0,3328.0,3326.0,3328.0,3157.0,105037970.0,1838952.0
RB,RB2505.XSGE,2025-02-10 21:40:00,night,2025-02-10,night_2025-02-10,3328.0,3328.0,3327.0,3328.0,1250.0,41595810.0,1839111.0
RB,RB2505.XSGE,2025-02-10 21:41:00,night,2025-02-10,night_2025-02-10,3328.0,3328.0,3327.0,3328.0,1991.0,66256630.0,1839623.0
RB,RB2505.XSGE,2025-02-10 21:42:00,night,2025-02-10,night_2025-02-10,3327.0,3329.0,3327.0,3329.0,3386.0,112685650.0,1840073.0
RB,RB2505.XSGE,2025-02-10 21:43:00,night,2025-02-10,night_2025-02-10,3329.0,3331.0,3329.0,3330.0,4857.0,161735620.0,1839067.0
RB,RB2505.XSGE,2025-02-10 21:44:00,night,2025-02-10,night_2025-02-10,3330.0,3330.0,3328.0,3330.0,4366.0,145354420.0,1839320.0
RB,RB2505.XSGE,2025-02-10 21:45:00,night,2025-02-10,night_2025-02-10,3330.0,3330.0,3328.0,3328.0,1330.0,44274410.0,1839356.0
RB,RB2505.XSGE,2025-02-10 21:46:00,night,2025-02-10,night_2025-02-10,3329.0,3330.0,3328.0,3329.0,1354.0,45079770.0,1839526.0
RB,RB2505.XSGE,2025-02-10 21:47:00,night,2025-02-10,night_2025-02-10,3329.0,3331.0,3329.0,3330.0,2146.0,71458900.0,1839715.0
RB,RB2505.XSGE,2025-02-10 21:48:00,night,2025-02-10,night_2025-02-10,3330.0,3330.0,3328.0,3329.0,1637.0,54497810.0,1839610.0
RB,RB2505.XSGE,2025-02-10 21:49:00,night,2025-02-10,night_2025-02-10,3329.0,3329.0,3328.0,3328.0,713.0,23730020.0,1839932.0
RB,RB2505.XSGE,2025-02-10 21:50:00,night,2025-02-10,night_2025-02-10,3328.0,3329.0,3327.0,3328.0,1791.0,59602270.0,1841085.0
RB,RB2505.XSGE,2025-02-10 21:51:00,night,2025-02-10,night_2025-02-10,3327.0,3328.0,3327.0,3327.0,732.0,24355720.0,1841121.0
RB,RB2505.XSGE,2025-02-10 21:52:00,night,2025-02-10,night_2025-02-10,3328.0,3328.0,3326.0,3327.0,2610.0,86829700.0,1842183.0
RB,RB2505.XSGE,2025-02-10 21:53:00,night,2025-02-10,night_2025-02-10,3327.0,3327.0,3326.0,3326.0,1020.0,33930240.0,1842414.0
RB,RB2505.XSGE,2025-02-10 21:54:00,night,2025-02-10,night_2025-02-10,3326.0,3328.0,3326.0,3327.0,1438.0,47839480.0,1842742.0
RB,RB2505.XSGE,2025-02-10 21:55:00,night,2025-02-10,night_2025-02-10,3328.0,3329.0,3327.0,3329.0,1613.0,53686120.0,1842713.0
RB,RB2505.XSGE,2025-02-10 21:56:00,night,2025-02-10,night_2025-02-10,3329.0,3329.0,3328.0,3328.0,489.0,16276640.0,1842611.0
RB,RB2505.XSGE,2025-02-10 21:57:00,night,2025-02-10,night_2025-02-10,3329.0,3329.0,3328.0,3329.0,867.0,28857430.0,1843063.0
RB,RB2505.XSGE,2025-02-10 21:58:00,night,2025-02-10,night_2025-02-10,3328.0,3329.0,3327.0,3328.0,2098.0,69814990.0,1843432.0
RB,RB2505.XSGE,2025-02-10 21:59:00,night,2025-02-10,night_2025-02-10,3327.0,3328.0,3327.0,3328.0,529.0,17601280.0,1843398.0
RB,RB2505.XSGE,2025-02-10 22:00:00,night,2025-02-10,night_2025-02-10,3327.0,3328.0,3327.0,3327.0,365.0,12144800.0,1843397.0
RB,RB2505.XSGE,2025-02-10 22:01:00,night,2025-02-10,night_2025-02-10,3327.0,3328.0,3327.0,3328.0,384.0,12777350.0,1843436.0
RB,RB2505.XSGE,2025-02-10 22:02:00,night,2025-02-10,night_2025-02-10,3327.0,3328.0,3327.0,3327.0,783.0,26051890.0,1843682.0
RB,RB2505.XSGE,2025-02-10 22:03:00,night,2025-02-10,night_2025-02-10,3328.0,3328.0,3326.0,3326.0,1005.0,33436210.0,1843884.0
RB,RB2505.XSGE,2025-02-10 22:04:00,night,2025-02-10,night_2025-02-10,3326.0,3327.0,3326.0,3326.0,1261.0,41945350.0,1844127.0
RB,RB2505.XSGE,2025-02-10 22:05:00,night,2025-02-10,night_2025-02-10,3326.0,3327.0,3326.0,3326.0,1078.0,35858910.0,1844369.0
RB,RB2505.XSGE,2025-02-10 22:06:00,night,2025-02-10,night_2025-02-10,3326.0,3328.0,3326.0,3328.0,1468.0,48843120.0,1844835.0
RB,RB2505.XSGE,2025-02-10 22:07:00,night,2025-02-10,night_2025-02-10,3327.0,3328.0,3326.0,3326.0,997.0,33170240.0,1844851.0
RB,RB2505.XSGE,2025-02-10 22:08:00,night,2025-02-10,night_2025-02-10,3327.0,3327.0,3326.0,3327.0,508.0,16898150.0,1844858.0
RB,RB2505.XSGE,2025-02-10 22:09:00,night,2025-02-10,night_2025-02-10,3326.0,3327.0,3326.0,3326.0,685.0,22784000.0,1844830.0
RB,RB2505.XSGE,2025-02-10 22:10:00,night,2025-02-10,night_2025-02-10,3326.0,3327.0,3326.0,3326.0,561.0,18660670.0,1844877.0
RB,RB2505.XSGE,2025-02-10 22:11:00,night,2025-02-10,night_2025-02-10,3326.0,3328.0,3326.0,3328.0,1004.0,33400090.0,1845020.0
RB,RB2505.XSGE,2025-02-10 22:12:00,night,2025-02-10,night_2025-02-10,3328.0,3328.0,3327.0,3328.0,459.0,15272810.0,1845086.0
RB,RB2505.XSGE,2025-02-10 22:13:00,night,2025-02-10,night_2025-02-10,3328.0,3328.0,3326.0,3326.0,699.0,23256060.0,1844961.0
RB,RB2505.XSGE,2025-02-10 22:14:00,night,2025-02-10,night_2025-02-10,3327.0,3327.0,3326.0,3326.0,576.0,19162400.0,1845130.0
RB,RB2505.XSGE,2025-02-10 22:15:00,night,2025-02-10,night_2025-02-10,3327.0,3327.0,3326.0,3327.0,350.0,11642980.0,1844944.0
RB,RB2505.XSGE,2025-02-10 22:16:00,night,2025-02-10,night_2025-02-10,3326.0,3328.0,3326.0,3327.0,986.0,32804470.0,1844864.0
RB,RB2505.XSGE,2025-02-10 22:17:00,night,2025-02-10,night_2025-02-10,3326.0,3327.0,3326.0,3326.0,420.0,13971960.0,1844720.0
RB,RB2505.XSGE,2025-02-10 22:18:00,night,2025-02-10,night_2025-02-10,3327.0,3327.0,3326.0,3326.0,558.0,18562160.0,1844623.0
RB,RB2505.XSGE,2025-02-10 22:19:00,night,2025-02-10,night_2025-02-10,3326.0,3327.0,3326.0,3327.0,460.0,15301400.0,1844621.0
RB,RB2505.XSGE,2025-02-10 22:20:00,night,2025-02-10,night_2025-02-10,3326.0,3328.0,3326.0,3327.0,1175.0,39090230.0,1844247.0
RB,RB2505.XSGE,2025-02-10 22:21:00,night,2025-02-10,night_2025-02-10,3328.0,3328.0,3326.0,3327.0,1837.0,61116950.0,1843938.0
RB,RB2505.XSGE,2025-02-10 22:22:00,night,2025-02-10,night_2025-02-10,3327.0,3328.0,3326.0,3327.0,683.0,22721680.0,1843774.0
RB,RB2505.XSGE,2025-02-10 22:23:00,night,2025-02-10,night_2025-02-10,3327.0,3327.0,3326.0,3326.0,421.0,14005420.0,1843613.0
RB,RB2505.XSGE,2025-02-10 22:24:00,night,2025-02-10,night_2025-02-10,3327.0,3327.0,3324.0,3325.0,4957.0,164829790.0,1843496.0
RB,RB2505.XSGE,2025-02-10 22:25:00,night,2025-02-10,night_2025-02-10,3325.0,3327.0,3325.0,3326.0,1468.0,48823140.0,1843245.0
RB,RB2505.XSGE,2025-02-10 22:26:00,night,2025-02-10,night_2025-02-10,3327.0,3327.0,3326.0,3327.0,318.0,10578180.0,1843200.0
RB,RB2505.XSGE,2025-02-10 22:27:00,night,2025-02-10,night_2025-02-10,3327.0,3327.0,3326.0,3327.0,413.0,13737360.0,1843059.0
RB,RB2505.XSGE,2025-02-10 22:28:00,night,2025-02-10,night_2025-02-10,3326.0,3327.0,3325.0,3326.0,1723.0,57304850.0,1842602.0
RB,RB2505.XSGE,2025-02-10 22:29:00,night,2025-02-10,night_2025-02-10,3327.0,3327.0,3325.0,3325.0,702.0,23346370.0,1842398.0
RB,RB2505.XSGE,2025-02-10 22:30:00,night,2025-02-10,night_2025-02-10,3325.0,3326.0,3325.0,3326.0,740.0,24606900.0,1842263.0
RB,RB2505.XSGE,2025-02-10 22:31:00,night,2025-02-10,night_2025-02-10,3326.0,3326.0,3324.0,3325.0,1228.0,40831920.0,1842174.0
RB,RB2505.XSGE,2025-02-10 22:32:00,night,2025-02-10,night_2025-02-10,3324.0,3326.0,3324.0,3324.0,1867.0,62071520.0,1842132.0
RB,RB2505.XSGE,2025-02-10 22:33:00,night,2025-02-10,night_2025-02-10,3324.0,3325.0,3324.0,3324.0,678.0,22538120.0,1842167.0
RB,RB2505.XSGE,2025-02-10 22:34:00,night,2025-02-10,night_2025-02-10,3324.0,3326.0,3324.0,3325.0,1887.0,62741870.0,1842140.0
RB,RB2505.XSGE,2025-02-10 22:35:00,night,2025-02-10,night_2025-02-10,3326.0,3326.0,3325.0,3325.0,863.0,28697380.0,1842098.0
RB,RB2505.XSGE,2025-02-10 22:36:00,night,2025-02-10,night_2025-02-10,3325.0,3325.0,3324.0,3324.0,1212.0,40296860.0,1841843.0
RB,RB2505.XSGE,2025-02-10 22:37:00,night,2025-02-10,night_2025-02-10,3325.0,3325.0,3324.0,3325.0,1034.0,34376100.0,1841519.0
RB,RB2505.XSGE,2025-02-10 22:38:00,night,2025-02-10,night_2025-02-10,3324.0,3326.0,3324.0,3325.0,2124.0,70623270.0,1841432.0
RB,RB2505.XSGE,2025-02-10 22:39:00,night,2025-02-10,night_2025-02-10,3325.0,3326.0,3325.0,3325.0,370.0,12304320.0,1841550.0
RB,RB2505.XSGE,2025-02-10 22:40:00,night,2025-02-10,night_2025-02-10,3326.0,3328.0,3325.0,3328.0,2533.0,84266820.0,1842114.0
RB,RB2505.XSGE,2025-02-10 22:41:00,night,2025-02-10,night_2025-02-10,3328.0,3328.0,3327.0,3328.0,833.0,27719700.0,1841797.0
RB,RB2505.XSGE,2025-02-10 22:42:00,night,2025-02-10,night_2025-02-10,3328.0,3328.0,3326.0,3326.0,1237.0,41156060.0,1841424.0
RB,RB2505.XSGE,2025-02-10 22:43:00,night,2025-02-10,night_2025-02-10,3327.0,3327.0,3326.0,3327.0,334.0,11110670.0,1841266.0
RB,RB2505.XSGE,2025-02-10 22:44:00,night,2025-02-10,night_2025-02-10,3326.0,3327.0,3326.0,3326.0,459.0,15268250.0,1841206.0
RB,RB2505.XSGE,2025-02-10 22:45:00,night,2025-02-10,night_2025-02-10,3327.0,3327.0,3326.0,3326.0,1322.0,43981330.0,1841009.0
RB,RB2505.XSGE,2025-02-10 22:46:00,night,2025-02-10,night_2025-02-10,3327.0,3327.0,3325.0,3326.0,1402.0,46635270.0,1840856.0
RB,RB2505.XSGE,2025-02-10 22:47:00,night,2025-02-10,night_2025-02-10,3327.0,3327.0,3326.0,3326.0,287.0,9546870.0,1840852.0
RB,RB2505.XSGE,2025-02-10 22:48:00,night,2025-02-10,night_2025-02-10,3326.0,3328.0,3326.0,3328.0,1012.0,33671380.0,1840883.0
RB,RB2505.XSGE,2025-02-10 22:49:00,night,2025-02-10,night_2025-02-10,3328.0,3328.0,3327.0,3328.0,563.0,18732850.0,1840776.0
RB,RB2505.XSGE,2025-02-10 22:50:00,night,2025-02-10,night_2025-02-10,3328.0,3328.0,3326.0,3326.0,1539.0,51193440.0,1840787.0
RB,RB2505.XSGE,2025-02-10 22:51:00,night,2025-02-10,night_2025-02-10,3326.0,3326.0,3325.0,3325.0,496.0,16494720.0,1840738.0
RB,RB2505.XSGE,2025-02-10 22:52:00,night,2025-02-10,night_2025-02-10,3325.0,3327.0,3325.0,3326.0,1157.0,38480240.0,1840840.0
RB,RB2505.XSGE,2025-02-10 22:53:00,night,2025-02-10,night_2025-02-10,3327.0,3327.0,3325.0,3327.0,2061.0,68559670.0,1839920.0
RB,RB2505.XSGE,2025-02-10 22:54:00,night,2025-02-10,night_2025-02-10,3327.0,3327.0,3326.0,3326.0,676.0,22485210.0,1839710.0
RB,RB2505.XSGE,2025-02-10 22:55:00,night,2025-02-10,night_2025-02-10,3326.0,3327.0,3326.0,3326.0,361.0,12008420.0,1839541.0
RB,RB2505.XSGE,2025-02-10 22:56:00,night,2025-02-10,night_2025-02-10,3326.0,3328.0,3326.0,3327.0,1174.0,39061320.0,1839359.0
RB,RB2505.XSGE,2025-02-10 22:57:00,night,2025-02-10,night_2025-02-10,3327.0,3327.0,3326.0,3327.0,1881.0,62575840.0,1838569.0
RB,RB2505.XSGE,2025-02-10 22:58:00,night,2025-02-10,night_2025-02-10,3327.0,3327.0,3325.0,3325.0,2356.0,78356000.0,1837906.0
RB,RB2505.XSGE,2025-02-10 22:59:00,night,2025-02-10,night_2025-02-10,3325.0,3326.0,3325.0,3326.0,1645.0,54705250.0,1837590.0
RB,RB2505.XSGE,2025-02-10 23:00:00,night,2025-02-10,night_2025-02-10,3325.0,3327.0,3325.0,3326.0,3667.0,121951860.0,1836546.0
RB,RB2505.XSGE,2025-02-11 09:01:00,day,2025-02-11,day_2025-02-11,3324.0,3324.0,3317.0,3318.0,22659.0,752355490.0,1834064.0
RB,RB2505.XSGE,2025-02-11 09:02:00,day,2025-02-11,day_2025-02-11,3318.0,3318.0,3315.0,3317.0,13086.0,433997340.0,1833898.0
RB,RB2505.XSGE,2025-02-11 09:03:00,day,2025-02-11,day_2025-02-11,3317.0,3320.0,3316.0,3320.0,7674.0,254651740.0,1833707.0
RB,RB2505.XSGE,2025-02-11 09:04:00,day,2025-02-11,day_2025-02-11,3320.0,3320.0,3314.0,3314.0,11820.0,392011920.0,1837519.0
RB,RB2505.XSGE,2025-02-11 09:05:00,day,2025-02-11,day_2025-02-11,3315.0,3317.0,3313.0,3315.0,10739.0,355975990.0,1837229.0
RB,RB2505.XSGE,2025-02-11 09:06:00,day,2025-02-11,day_2025-02-11,3316.0,3317.0,3313.0,3315.0,7575.0,251100600.0,1838700.0
RB,RB2505.XSGE,2025-02-11 09:07:00,day,2025-02-11,day_2025-02-11,3316.0,3317.0,3315.0,3317.0,3180.0,105451670.0,1840105.0
RB,RB2505.XSGE,2025-02-11 09:08:00,day,2025-02-11,day_2025-02-11,3317.0,3317.0,3312.0,3314.0,12624.0,418379330.0,1841809.0
RB,RB2505.XSGE,2025-02-11 09:09:00,day,2025-02-11,day_2025-02-11,3313.0,3316.0,3313.0,3315.0,4344.0,143997880.0,1841923.0
RB,RB2505.XSGE,2025-02-11 09:10:00,day,2025-02-11,day_2025-02-11,3315.0,3316.0,3314.0,3315.0,2961.0,98160380.0,1841735.0
RB,RB2505.XSGE,2025-02-11 09:11:00,day,2025-02-11,day_2025-02-11,3316.0,3317.0,3315.0,3316.0,6394.0,211999370.0,1840879.0
RB,RB2505.XSGE,2025-02-11 09:12:00,day,2025-02-11,day_2025-02-11,3315.0,3318.0,3315.0,3317.0,6375.0,211463660.0,1841935.0
RB,RB2505.XSGE,2025-02-11 09:13:00,day,2025-02-11,day_2025-02-11,3317.0,3317.0,3316.0,3317.0,1601.0,53099930.0,1842070.0
RB,RB2505.XSGE,2025-02-11 09:14:00,day,2025-02-11,day_2025-02-11,3317.0,3317.0,3315.0,3315.0,2067.0,68543180.0,1842751.0
RB,RB2505.XSGE,2025-02-11 09:15:00,day,2025-02-11,day_2025-02-11,3316.0,3318.0,3315.0,3316.0,2551.0,84603390.0,1843518.0
RB,RB2505.XSGE,2025-02-11 09:16:00,day,2025-02-11,day_2025-02-11,3316.0,3318.0,3315.0,3317.0,3703.0,122806210.0,1844513.0
RB,RB2505.XSGE,2025-02-11 09:17:00,day,2025-02-11,day_2025-02-11,3316.0,3317.0,3315.0,3316.0,2428.0,80508660.0,1844706.0
RB,RB2505.XSGE,2025-02-11 09:18:00,day,2025-02-11,day_2025-02-11,3315.0,3317.0,3315.0,3316.0,2401.0,79621690.0,1845087.0
RB,RB2505.XSGE,2025-02-11 09:19:00,day,2025-02-11,day_2025-02-11,3316.0,3316.0,3311.0,3313.0,16540.0,547965230.0,1845833.0
RB,RB2505.XSGE,2025-02-11 09:20:00,day,2025-02-11,day_2025-02-11,3313.0,3314.0,3312.0,3312.0,5579.0,184834520.0,1846141.0
RB,RB2505.XSGE,2025-02-11 09:21:00,day,2025-02-11,day_2025-02-11,3312.0,3313.0,3311.0,3312.0,6781.0,224579370.0,1846205.0
RB,RB2505.XSGE,2025-02-11 09:22:00,day,2025-02-11,day_2025-02-11,3311.0,3312.0,3309.0,3310.0,21444.0,709827980.0,1847359.0
RB,RB2505.XSGE,2025-02-11 09:23:00,day,2025-02-11,day_2025-02-11,3311.0,3312.0,3310.0,3312.0,5750.0,190392950.0,1848273.0
RB,RB2505.XSGE,2025-02-11 09:24:00,day,2025-02-11,day_2025-02-11,3312.0,3312.0,3310.0,3310.0,4860.0,160916950.0,1848175.0
RB,RB2505.XSGE,2025-02-11 09:25:00,day,2025-02-11,day_2025-02-11,3311.0,3311.0,3308.0,3309.0,8642.0,285997150.0,1848239.0
RB,RB2505.XSGE,2025-02-11 09:26:00,day,2025-02-11,day_2025-02-11,3310.0,3311.0,3309.0,3311.0,3894.0,128877540.0,1849091.0
RB,RB2505.XSGE,2025-02-11 09:27:00,day,2025-02-11,day_2025-02-11,3311.0,3311.0,3310.0,3311.0,2447.0,81010590.0,1849900.0
RB,RB2505.XSGE,2025-02-11 09:28:00,day,2025-02-11,day_2025-02-11,3311.0,3312.0,3310.0,3312.0,3745.0,124011100.0,1850823.0
RB,RB2505.XSGE,2025-02-11 09:29:00,day,2025-02-11,day_2025-02-11,3312.0,3312.0,3310.0,3311.0,3804.0,125972040.0,1851908.0
RB,RB2505.XSGE,2025-02-11 09:30:00,day,2025-02-11,day_2025-02-11,3311.0,3312.0,3310.0,3311.0,2444.0,80914090.0,1852419.0
RB,RB2505.XSGE,2025-02-11 09:31:00,day,2025-02-11,day_2025-02-11,3311.0,3313.0,3310.0,3313.0,4711.0,156013460.0,1854068.0
RB,RB2505.XSGE,2025-02-11 09:32:00,day,2025-02-11,day_2025-02-11,3313.0,3313.0,3312.0,3313.0,2836.0,93940680.0,1854860.0
RB,RB2505.XSGE,2025-02-11 09:33:00,day,2025-02-11,day_2025-02-11,3313.0,3313.0,3312.0,3313.0,2513.0,83250000.0,1854877.0
RB,RB2505.XSGE,2025-02-11 09:34:00,day,2025-02-11,day_2025-02-11,3313.0,3313.0,3312.0,3312.0,1555.0,51509150.0,1854929.0
RB,RB2505.XSGE,2025-02-11 09:35:00,day,2025-02-11,day_2025-02-11,3312.0,3313.0,3311.0,3312.0,4372.0,144797810.0,1856652.0
RB,RB2505.XSGE,2025-02-11 09:36:00,day,2025-02-11,day_2025-02-11,3312.0,3312.0,3311.0,3312.0,4251.0,140771350.0,1857751.0
RB,RB2505.XSGE,2025-02-11 09:37:00,day,2025-02-11,day_2025-02-11,3311.0,3312.0,3310.0,3311.0,1762.0,58330370.0,1857343.0
RB,RB2505.XSGE,2025-02-11 09:38:00,day,2025-02-11,day_2025-02-11,3311.0,3312.0,3310.0,3312.0,1615.0,53472930.0,1857510.0
RB,RB2505.XSGE,2025-02-11 09:39:00,day,2025-02-11,day_2025-02-11,3311.0,3313.0,3311.0,3313.0,2129.0,70508340.0,1857695.0
RB,RB2505.XSGE,2025-02-11 09:40:00,day,2025-02-11,day_2025-02-11,3313.0,3314.0,3311.0,3314.0,4434.0,146900620.0,1858300.0
RB,RB2505.XSGE,2025-02-11 09:41:00,day,2025-02-11,day_2025-02-11,3314.0,3314.0,3311.0,3311.0,4791.0,158696510.0,1858185.0
RB,RB2505.XSGE,2025-02-11 09:42:00,day,2025-02-11,day_2025-02-11,3311.0,3315.0,3311.0,3314.0,4230.0,140167570.0,1858189.0
RB,RB2505.XSGE,2025-02-11 09:43:00,day,2025-02-11,day_2025-02-11,3314.0,3317.0,3314.0,3317.0,6955.0,230632250.0,1856899.0
RB,RB2505.XSGE,2025-02-11 09:44:00,day,2025-02-11,day_2025-02-11,3317.0,3317.0,3315.0,3317.0,3445.0,114249380.0,1856986.0
RB,RB2505.XSGE,2025-02-11 09:45:00,day,2025-02-11,day_2025-02-11,3317.0,3318.0,3316.0,3317.0,4806.0,159418460.0,1856923.0
RB,RB2505.XSGE,2025-02-11 09:46:00,day,2025-02-11,day_2025-02-11,3316.0,3317.0,3315.0,3315.0,2313.0,76694060.0,1856895.0
RB,RB2505.XSGE,2025-02-11 09:47:00,day,2025-02-11,day_2025-02-11,3315.0,3316.0,3313.0,3313.0,2630.0,87177180.0,1856988.0
RB,RB2505.XSGE,2025-02-11 09:48:00,day,2025-02-11,day_2025-02-11,3313.0,3314.0,3312.0,3312.0,2657.0,88027480.0,1857004.0
RB,RB2505.XSGE,2025-02-11 09:49:00,day,2025-02-11,day_2025-02-11,3312.0,3314.0,3312.0,3313.0,3094.0,102494210.0,1857103.0
RB,RB2505.XSGE,2025-02-11 09:50:00,day,2025-02-11,day_2025-02-11,3313.0,3315.0,3313.0,3314.0,2868.0,95045260.0,1858000.0
RB,RB2505.XSGE,2025-02-11 09:51:00,day,2025-02-11,day_2025-02-11,3314.0,3315.0,3312.0,3314.0,2452.0,81248860.0,1857993.0
RB,RB2505.XSGE,2025-02-11 09:52:00,day,2025-02-11,day_2025-02-11,3315.0,3316.0,3314.0,3315.0,2274.0,75376680.0,1858243.0
RB,RB2505.XSGE,2025-02-11 09:53:00,day,2025-02-11,day_2025-02-11,3316.0,3322.0,3315.0,3319.0,15371.0,510225710.0,1854847.0
RB,RB2505.XSGE,2025-02-11 09:54:00,day,2025-02-11,day_2025-02-11,3319.0,3322.0,3319.0,3321.0,7102.0,235863940.0,1855413.0
RB,RB2505.XSGE,2025-02-11 09:55:00,day,2025-02-11,day_2025-02-11,3322.0,3323.0,3321.0,3321.0,5130.0,170413130.0,1855896.0
RB,RB2505.XSGE,2025-02-11 09:56:00,day,2025-02-11,day_2025-02-11,3322.0,3324.0,3321.0,3321.0,10406.0,345768650.0,1854112.0
RB,RB2505.XSGE,2025-02-11 09:57:00,day,2025-02-11,day_2025-02-11,3321.0,3323.0,3321.0,3322.0,2275.0,75576410.0,1853547.0
RB,RB2505.XSGE,2025-02-11 09:58:00,day,2025-02-11,day_2025-02-11,3323.0,3323.0,3319.0,3319.0,6318.0,209779960.0,1854303.0
RB,RB2505.XSGE,2025-02-11 09:59:00,day,2025-02-11,day_2025-02-11,3319.0,3322.0,3319.0,3321.0,3244.0,107709440.0,1853993.0
RB,RB2505.XSGE,2025-02-11 10:00:00,day,2025-02-11,day_2025-02-11,3320.0,3324.0,3320.0,3322.0,5775.0,191874430.0,1853980.0
RB,RB2505.XSGE,2025-02-11 10:01:00,day,2025-02-11,day_2025-02-11,3322.0,3329.0,3322.0,3329.0,12595.0,418790980.0,1852916.0
RB,RB2505.XSGE,2025-02-11 10:02:00,day,2025-02-11,day_2025-02-11,3328.0,3328.0,3325.0,3326.0,9131.0,303734100.0,1852456.0
RB,RB2505.XSGE,2025-02-11 10:03:00,day,2025-02-11,day_2025-02-11,3326.0,3328.0,3325.0,3328.0,4443.0,147805960.0,1852290.0
RB,RB2505.XSGE,2025-02-11 10:04:00,day,2025-02-11,day_2025-02-11,3328.0,3328.0,3325.0,3326.0,3089.0,102757070.0,1852179.0
RB,RB2505.XSGE,2025-02-11 10:05:00,day,2025-02-11,day_2025-02-11,3325.0,3327.0,3325.0,3327.0,3095.0,102934340.0,1852143.0
RB,RB2505.XSGE,2025-02-11 10:06:00,day,2025-02-11,day_2025-02-11,3326.0,3327.0,3325.0,3325.0,1984.0,65981960.0,1851812.0
RB,RB2505.XSGE,2025-02-11 10:07:00,day,2025-02-11,day_2025-02-11,3325.0,3327.0,3325.0,3327.0,3553.0,118189610.0,1851515.0
RB,RB2505.XSGE,2025-02-11 10:08:00,day,2025-02-11,day_2025-02-11,3326.0,3327.0,3325.0,3326.0,2300.0,76496450.0,1851228.0
RB,RB2505.XSGE,2025-02-11 10:09:00,day,2025-02-11,day_2025-02-11,3325.0,3326.0,3325.0,3325.0,1368.0,45494210.0,1851287.0
RB,RB2505.XSGE,2025-02-11 10:10:00,day,2025-02-11,day_2025-02-11,3325.0,3326.0,3324.0,3325.0,2560.0,85119600.0,1850822.0
RB,RB2505.XSGE,2025-02-11 10:11:00,day,2025-02-11,day_2025-02-11,3325.0,3327.0,3325.0,3326.0,2957.0,98362410.0,1850233.0
RB,RB2505.XSGE,2025-02-11 10:12:00,day,2025-02-11,day_2025-02-11,3326.0,3326.0,3325.0,3326.0,1685.0,56036440.0,1850009.0
RB,RB2505.XSGE,2025-02-11 10:13:00,day,2025-02-11,day_2025-02-11,3326.0,3326.0,3325.0,3325.0,2171.0,72195510.0,1850584.0
RB,RB2505.XSGE,2025-02-11 10:14:00,day,2025-02-11,day_2025-02-11,3326.0,3326.0,3320.0,3320.0,5765.0,191501780.0,1849661.0
RB,RB2505.XSGE,2025-02-11 10:15:00,day,2025-02-11,day_2025-02-11,3320.0,3321.0,3317.0,3318.0,7265.0,241087990.0,1849271.0
RB,RB2505.XSGE,2025-02-11 10:31:00,day,2025-02-11,day_2025-02-11,3318.0,3318.0,3315.0,3317.0,7959.0,263961340.0,1848738.0
RB,RB2505.XSGE,2025-02-11 10:32:00,day,2025-02-11,day_2025-02-11,3317.0,3317.0,3313.0,3315.0,6543.0,216878550.0,1850136.0
RB,RB2505.XSGE,2025-02-11 10:33:00,day,2025-02-11,day_2025-02-11,3314.0,3315.0,3310.0,3310.0,16271.0,538809100.0,1852295.0
RB,RB2505.XSGE,2025-02-11 10:34:00,day,2025-02-11,day_2025-02-11,3310.0,3311.0,3296.0,3299.0,96925.0,3201589860.0,1855044.0
RB,RB2505.XSGE,2025-02-11 10:35:00,day,2025-02-11,day_2025-02-11,3300.0,3300.0,3294.0,3297.0,32685.0,1077652040.0,1857396.0
RB,RB2505.XSGE,2025-02-11 10:36:00,day,2025-02-11,day_2025-02-11,3298.0,3301.0,3297.0,3298.0,22480.0,741655910.0,1860623.0
RB,RB2505.XSGE,2025-02-11 10:37:00,day,2025-02-11,day_2025-02-11,3299.0,3299.0,3294.0,3296.0,22251.0,733336550.0,1865585.0
RB,RB2505.XSGE,2025-02-11 10:38:00,day,2025-02-11,day_2025-02-11,3296.0,3297.0,3294.0,3296.0,11858.0,390814660.0,1866376.0
RB,RB2505.XSGE,2025-02-11 10:39:00,day,2025-02-11,day_2025-02-11,3296.0,3298.0,3295.0,3298.0,10202.0,336282160.0,1866479.0
RB,RB2505.XSGE,2025-02-11 10:40:00,day,2025-02-11,day_2025-02-11,3297.0,3301.0,3297.0,3300.0,13798.0,455240830.0,1867960.0
RB,RB2505.XSGE,2025-02-11 10:41:00,day,2025-02-11,day_2025-02-11,3300.0,3302.0,3299.0,3302.0,9983.0,329517760.0,1867823.0
RB,RB2505.XSGE,2025-02-11 10:42:00,day,2025-02-11,day_2025-02-11,3302.0,3303.0,3298.0,3298.0,10952.0,361530240.0,1869158.0
RB,RB2505.XSGE,2025-02-11 10:43:00,day,2025-02-11,day_2025-02-11,3298.0,3302.0,3297.0,3301.0,6866.0,226529350.0,1871106.0
RB,RB2505.XSGE,2025-02-11 10:44:00,day,2025-02-11,day_2025-02-11,3302.0,3302.0,3299.0,3299.0,5864.0,193544260.0,1872865.0
RB,RB2505.XSGE,2025-02-11 10:45:00,day,2025-02-11,day_2025-02-11,3300.0,3301.0,3299.0,3300.0,4400.0,145193130.0,1873189.0
RB,RB2505.XSGE,2025-02-11 10:46:00,day,2025-02-11,day_2025-02-11,3299.0,3299.0,3297.0,3297.0,9280.0,306033200.0,1875500.0
RB,RB2505.XSGE,2025-02-11 10:47:00,day,2025-02-11,day_2025-02-11,3297.0,3300.0,3297.0,3300.0,5924.0,195370800.0,1877161.0
RB,RB2505.XSGE,2025-02-11 10:48:00,day,2025-02-11,day_2025-02-11,3300.0,3300.0,3298.0,3299.0,4014.0,132430580.0,1878739.0
RB,RB2505.XSGE,2025-02-11 10:49:00,day,2025-02-11,day_2025-02-11,3299.0,3299.0,3298.0,3299.0,3535.0,116596670.0,1878898.0
RB,RB2505.XSGE,2025-02-11 10:50:00,day,2025-02-11,day_2025-02-11,3299.0,3301.0,3298.0,3300.0,3524.0,116274760.0,1879729.0
RB,RB2505.XSGE,2025-02-11 10:51:00,day,2025-02-11,day_2025-02-11,3300.0,3301.0,3299.0,3300.0,3524.0,116293220.0,1879307.0
RB,RB2505.XSGE,2025-02-11 10:52:00,day,2025-02-11,day_2025-02-11,3299.0,3300.0,3297.0,3298.0,5972.0,196992570.0,1880626.0
RB,RB2505.XSGE,2025-02-11 10:53:00,day,2025-02-11,day_2025-02-11,3297.0,3299.0,3297.0,3297.0,3800.0,125319370.0,1880413.0
RB,RB2505.XSGE,2025-02-11 10:54:00,day,2025-02-11,day_2025-02-11,3298.0,3298.0,3294.0,3294.0,12301.0,405367210.0,1882268.0
RB,RB2505.XSGE,2025-02-11 10:55:00,day,2025-02-11,day_2025-02-11,3294.0,3295.0,3291.0,3292.0,21693.0,714206790.0,1881709.0
RB,RB2505.XSGE,2025-02-11 10:56:00,day,2025-02-11,day_2025-02-11,3293.0,3294.0,3289.0,3290.0,25847.0,850494540.0,1886278.0
RB,RB2505.XSGE,2025-02-11 10:57:00,day,2025-02-11,day_2025-02-11,3289.0,3290.0,3286.0,3287.0,18352.0,603456070.0,1889091.0
RB,RB2505.XSGE,2025-02-11 10:58:00,day,2025-02-11,day_2025-02-11,3287.0,3288.0,3286.0,3287.0,13336.0,438306690.0,1893141.0
RB,RB2505.XSGE,2025-02-11 10:59:00,day,2025-02-11,day_2025-02-11,3287.0,3287.0,3283.0,3284.0,18764.0,616386660.0,1891649.0
RB,RB2505.XSGE,2025-02-11 11:00:00,day,2025-02-11,day_2025-02-11,3284.0,3287.0,3283.0,3284.0,12482.0,410084860.0,1893641.0
RB,RB2505.XSGE,2025-02-11 11:01:00,day,2025-02-11,day_2025-02-11,3285.0,3285.0,3282.0,3283.0,17221.0,565370780.0,1895248.0
RB,RB2505.XSGE,2025-02-11 11:02:00,day,2025-02-11,day_2025-02-11,3283.0,3287.0,3282.0,3287.0,11636.0,382222060.0,1897661.0
RB,RB2505.XSGE,2025-02-11 11:03:00,day,2025-02-11,day_2025-02-11,3287.0,3287.0,3284.0,3285.0,8070.0,265110050.0,1899280.0
RB,RB2505.XSGE,2025-02-11 11:04:00,day,2025-02-11,day_2025-02-11,3285.0,3285.0,3281.0,3282.0,13190.0,432945410.0,1900196.0
RB,RB2505.XSGE,2025-02-11 11:05:00,day,2025-02-11,day_2025-02-11,3282.0,3284.0,3282.0,3282.0,8208.0,269453520.0,1900673.0
RB,RB2505.XSGE,2025-02-11 11:06:00,day,2025-02-11,day_2025-02-11,3282.0,3284.0,3281.0,3284.0,6474.0,212501580.0,1901238.0
RB,RB2505.XSGE,2025-02-11 11:07:00,day,2025-02-11,day_2025-02-11,3283.0,3286.0,3282.0,3285.0,6413.0,210603920.0,1901748.0
RB,RB2505.XSGE,2025-02-11 11:08:00,day,2025-02-11,day_2025-02-11,3286.0,3286.0,3283.0,3284.0,5031.0,165253750.0,1902640.0
RB,RB2505.XSGE,2025-02-11 11:09:00,day,2025-02-11,day_2025-02-11,3284.0,3284.0,3283.0,3283.0,3437.0,112851740.0,1902408.0
RB,RB2505.XSGE,2025-02-11 11:10:00,day,2025-02-11,day_2025-02-11,3283.0,3285.0,3283.0,3284.0,3845.0,126291430.0,1902649.0
RB,RB2505.XSGE,2025-02-11 11:11:00,day,2025-02-11,day_2025-02-11,3285.0,3285.0,3283.0,3285.0,3120.0,102473810.0,1903214.0
RB,RB2505.XSGE,2025-02-11 11:12:00,day,2025-02-11,day_2025-02-11,3285.0,3285.0,3283.0,3284.0,3886.0,127620820.0,1904677.0
RB,RB2505.XSGE,2025-02-11 11:13:00,day,2025-02-11,day_2025-02-11,3283.0,3287.0,3283.0,3287.0,4836.0,158873100.0,1905474.0
RB,RB2505.XSGE,2025-02-11 11:14:00,day,2025-02-11,day_2025-02-11,3287.0,3287.0,3285.0,3286.0,4536.0,149050510.0,1906037.0
RB,RB2505.XSGE,2025-02-11 11:15:00,day,2025-02-11,day_2025-02-11,3286.0,3286.0,3282.0,3283.0,7146.0,234637410.0,1907936.0
RB,RB2505.XSGE,2025-02-11 11:16:00,day,2025-02-11,day_2025-02-11,3283.0,3283.0,3280.0,3281.0,15257.0,500635020.0,1909995.0
RB,RB2505.XSGE,2025-02-11 11:17:00,day,2025-02-11,day_2025-02-11,3281.0,3283.0,3281.0,3282.0,5873.0,192758000.0,1910563.0
RB,RB2505.XSGE,2025-02-11 11:18:00,day,2025-02-11,day_2025-02-11,3282.0,3283.0,3281.0,3283.0,3901.0,128018900.0,1912163.0
RB,RB2505.XSGE,2025-02-11 11:19:00,day,2025-02-11,day_2025-02-11,3282.0,3284.0,3281.0,3284.0,3305.0,108485420.0,1912434.0
RB,RB2505.XSGE,2025-02-11 11:20:00,day,2025-02-11,day_2025-02-11,3283.0,3286.0,3283.0,3286.0,4771.0,156714430.0,1912107.0
RB,RB2505.XSGE,2025-02-11 11:21:00,day,2025-02-11,day_2025-02-11,3286.0,3286.0,3284.0,3286.0,4557.0,149690410.0,1912747.0
RB,RB2505.XSGE,2025-02-11 11:22:00,day,2025-02-11,day_2025-02-11,3285.0,3287.0,3283.0,3284.0,5814.0,191009660.0,1912990.0
RB,RB2505.XSGE,2025-02-11 11:23:00,day,2025-02-11,day_2025-02-11,3284.0,3284.0,3282.0,3282.0,5036.0,165334480.0,1914427.0
RB,RB2505.XSGE,2025-02-11 11:24:00,day,2025-02-11,day_2025-02-11,3282.0,3285.0,3281.0,3285.0,7553.0,247980050.0,1916258.0
RB,RB2505.XSGE,2025-02-11 11:25:00,day,2025-02-11,day_2025-02-11,3285.0,3286.0,3284.0,3286.0,3786.0,124365970.0,1916620.0
RB,RB2505.XSGE,2025-02-11 11:26:00,day,2025-02-11,day_2025-02-11,3286.0,3286.0,3284.0,3285.0,3277.0,107649370.0,1916949.0
RB,RB2505.XSGE,2025-02-11 11:27:00,day,2025-02-11,day_2025-02-11,3285.0,3285.0,3283.0,3284.0,3671.0,120562670.0,1917871.0
RB,RB2505.XSGE,2025-02-11 11:28:00,day,2025-02-11,day_2025-02-11,3285.0,3286.0,3284.0,3285.0,2670.0,87706530.0,1918621.0
RB,RB2505.XSGE,2025-02-11 11:29:00,day,2025-02-11,day_2025-02-11,3286.0,3289.0,3285.0,3288.0,11192.0,367970350.0,1917248.0
RB,RB2505.XSGE,2025-02-11 11:30:00,day,2025-02-11,day_2025-02-11,3289.0,3291.0,3288.0,3290.0,9836.0,323578880.0,1915770.0
RB,RB2505.XSGE,2025-02-11 13:31:00,day,2025-02-11,day_2025-02-11,3291.0,3293.0,3288.0,3289.0,15927.0,524116430.0,1917147.0
RB,RB2505.XSGE,2025-02-11 13:32:00,day,2025-02-11,day_2025-02-11,3289.0,3290.0,3287.0,3287.0,6124.0,201389550.0,1917571.0
RB,RB2505.XSGE,2025-02-11 13:33:00,day,2025-02-11,day_2025-02-11,3287.0,3288.0,3287.0,3287.0,3930.0,129208840.0,1917769.0
RB,RB2505.XSGE,2025-02-11 13:34:00,day,2025-02-11,day_2025-02-11,3287.0,3288.0,3286.0,3287.0,3405.0,111932580.0,1918753.0
RB,RB2505.XSGE,2025-02-11 13:35:00,day,2025-02-11,day_2025-02-11,3287.0,3287.0,3285.0,3285.0,4277.0,140532640.0,1920201.0
RB,RB2505.XSGE,2025-02-11 13:36:00,day,2025-02-11,day_2025-02-11,3285.0,3287.0,3285.0,3286.0,2550.0,83790290.0,1921148.0
RB,RB2505.XSGE,2025-02-11 13:37:00,day,2025-02-11,day_2025-02-11,3286.0,3287.0,3286.0,3287.0,1309.0,43021970.0,1921384.0
RB,RB2505.XSGE,2025-02-11 13:38:00,day,2025-02-11,day_2025-02-11,3286.0,3288.0,3286.0,3287.0,2218.0,72897560.0,1922391.0
RB,RB2505.XSGE,2025-02-11 13:39:00,day,2025-02-11,day_2025-02-11,3287.0,3287.0,3284.0,3285.0,5651.0,185629000.0,1924102.0
RB,RB2505.XSGE,2025-02-11 13:40:00,day,2025-02-11,day_2025-02-11,3285.0,3285.0,3283.0,3284.0,3368.0,110594260.0,1924952.0
RB,RB2505.XSGE,2025-02-11 13:41:00,day,2025-02-11,day_2025-02-11,3284.0,3285.0,3283.0,3283.0,3204.0,105212610.0,1924978.0
RB,RB2505.XSGE,2025-02-11 13:42:00,day,2025-02-11,day_2025-02-11,3284.0,3285.0,3283.0,3285.0,1542.0,50646280.0,1925799.0
RB,RB2505.XSGE,2025-02-11 13:43:00,day,2025-02-11,day_2025-02-11,3285.0,3285.0,3284.0,3284.0,2023.0,66453110.0,1926310.0
RB,RB2505.XSGE,2025-02-11 13:44:00,day,2025-02-11,day_2025-02-11,3285.0,3285.0,3283.0,3283.0,4287.0,140789990.0,1927972.0
RB,RB2505.XSGE,2025-02-11 13:45:00,day,2025-02-11,day_2025-02-11,3284.0,3284.0,3283.0,3284.0,1970.0,64680760.0,1928440.0
RB,RB2505.XSGE,2025-02-11 13:46:00,day,2025-02-11,day_2025-02-11,3283.0,3284.0,3282.0,3284.0,2847.0,93469590.0,1928385.0
RB,RB2505.XSGE,2025-02-11 13:47:00,day,2025-02-11,day_2025-02-11,3284.0,3284.0,3282.0,3283.0,2033.0,66743820.0,1928576.0
RB,RB2505.XSGE,2025-02-11 13:48:00,day,2025-02-11,day_2025-02-11,3282.0,3283.0,3282.0,3282.0,1803.0,59184520.0,1928562.0
RB,RB2505.XSGE,2025-02-11 13:49:00,day,2025-02-11,day_2025-02-11,3282.0,3283.0,3282.0,3283.0,2475.0,81237600.0,1929129.0
RB,RB2505.XSGE,2025-02-11 13:50:00,day,2025-02-11,day_2025-02-11,3283.0,3283.0,3282.0,3282.0,1481.0,48613280.0,1929707.0
RB,RB2505.XSGE,2025-02-11 13:51:00,day,2025-02-11,day_2025-02-11,3283.0,3284.0,3282.0,3282.0,3453.0,113362980.0,1929944.0
RB,RB2505.XSGE,2025-02-11 13:52:00,day,2025-02-11,day_2025-02-11,3282.0,3283.0,3281.0,3282.0,5599.0,183773100.0,1931953.0
RB,RB2505.XSGE,2025-02-11 13:53:00,day,2025-02-11,day_2025-02-11,3282.0,3283.0,3281.0,3281.0,7122.0,233695290.0,1933671.0
RB,RB2505.XSGE,2025-02-11 13:54:00,day,2025-02-11,day_2025-02-11,3281.0,3282.0,3281.0,3281.0,2124.0,69698060.0,1934098.0
RB,RB2505.XSGE,2025-02-11 13:55:00,day,2025-02-11,day_2025-02-11,3281.0,3283.0,3281.0,3282.0,5266.0,172804720.0,1936323.0
RB,RB2505.XSGE,2025-02-11 13:56:00,day,2025-02-11,day_2025-02-11,3282.0,3284.0,3282.0,3283.0,2827.0,92804280.0,1936489.0
RB,RB2505.XSGE,2025-02-11 13:57:00,day,2025-02-11,day_2025-02-11,3284.0,3285.0,3282.0,3285.0,3505.0,115092180.0,1937629.0
RB,RB2505.XSGE,2025-02-11 13:58:00,day,2025-02-11,day_2025-02-11,3285.0,3285.0,3283.0,3283.0,3593.0,117988100.0,1938600.0
RB,RB2505.XSGE,2025-02-11 13:59:00,day,2025-02-11,day_2025-02-11,3284.0,3284.0,3282.0,3284.0,3209.0,105348650.0,1939789.0
RB,RB2505.XSGE,2025-02-11 14:00:00,day,2025-02-11,day_2025-02-11,3283.0,3284.0,3283.0,3283.0,717.0,23542630.0,1939911.0
RB,RB2505.XSGE,2025-02-11 14:01:00,day,2025-02-11,day_2025-02-11,3284.0,3284.0,3280.0,3281.0,17118.0,561642870.0,1939618.0
RB,RB2505.XSGE,2025-02-11 14:02:00,day,2025-02-11,day_2025-02-11,3281.0,3282.0,3280.0,3281.0,3827.0,125542600.0,1941346.0
RB,RB2505.XSGE,2025-02-11 14:03:00,day,2025-02-11,day_2025-02-11,3281.0,3281.0,3278.0,3278.0,14038.0,460292440.0,1941838.0
RB,RB2505.XSGE,2025-02-11 14:04:00,day,2025-02-11,day_2025-02-11,3278.0,3279.0,3278.0,3278.0,3495.0,114578740.0,1943049.0
RB,RB2505.XSGE,2025-02-11 14:05:00,day,2025-02-11,day_2025-02-11,3278.0,3279.0,3276.0,3277.0,6058.0,198545730.0,1942694.0
RB,RB2505.XSGE,2025-02-11 14:06:00,day,2025-02-11,day_2025-02-11,3277.0,3279.0,3276.0,3276.0,6496.0,212895850.0,1944164.0
RB,RB2505.XSGE,2025-02-11 14:07:00,day,2025-02-11,day_2025-02-11,3276.0,3280.0,3276.0,3280.0,6658.0,218311560.0,1946160.0
RB,RB2505.XSGE,2025-02-11 14:08:00,day,2025-02-11,day_2025-02-11,3280.0,3280.0,3278.0,3279.0,3316.0,108724410.0,1946754.0
RB,RB2505.XSGE,2025-02-11 14:09:00,day,2025-02-11,day_2025-02-11,3278.0,3278.0,3277.0,3278.0,2497.0,81844950.0,1947123.0
RB,RB2505.XSGE,2025-02-11 14:10:00,day,2025-02-11,day_2025-02-11,3278.0,3279.0,3277.0,3279.0,2509.0,82236710.0,1947885.0
RB,RB2505.XSGE,2025-02-11 14:11:00,day,2025-02-11,day_2025-02-11,3278.0,3280.0,3278.0,3279.0,2383.0,78131050.0,1948245.0
RB,RB2505.XSGE,2025-02-11 14:12:00,day,2025-02-11,day_2025-02-11,3280.0,3281.0,3279.0,3281.0,4214.0,138226560.0,1949005.0
RB,RB2505.XSGE,2025-02-11 14:13:00,day,2025-02-11,day_2025-02-11,3281.0,3281.0,3279.0,3280.0,2089.0,68516570.0,1949226.0
RB,RB2505.XSGE,2025-02-11 14:14:00,day,2025-02-11,day_2025-02-11,3280.0,3280.0,3279.0,3280.0,1468.0,48145050.0,1949385.0
RB,RB2505.XSGE,2025-02-11 14:15:00,day,2025-02-11,day_2025-02-11,3279.0,3280.0,3278.0,3279.0,1554.0,50956010.0,1949885.0
RB,RB2505.XSGE,2025-02-11 14:16:00,day,2025-02-11,day_2025-02-11,3280.0,3281.0,3278.0,3280.0,2878.0,94381590.0,1950573.0
RB,RB2505.XSGE,2025-02-11 14:17:00,day,2025-02-11,day_2025-02-11,3280.0,3281.0,3279.0,3280.0,2407.0,78954290.0,1950825.0
RB,RB2505.XSGE,2025-02-11 14:18:00,day,2025-02-11,day_2025-02-11,3281.0,3281.0,3278.0,3279.0,3766.0,123505970.0,1951873.0
RB,RB2505.XSGE,2025-02-11 14:19:00,day,2025-02-11,day_2025-02-11,3278.0,3279.0,3277.0,3278.0,2815.0,92268810.0,1952361.0
RB,RB2505.XSGE,2025-02-11 14:20:00,day,2025-02-11,day_2025-02-11,3278.0,3280.0,3277.0,3279.0,3069.0,100616310.0,1951774.0
RB,RB2505.XSGE,2025-02-11 14:21:00,day,2025-02-11,day_2025-02-11,3278.0,3281.0,3278.0,3279.0,2763.0,90620290.0,1952139.0
RB,RB2505.XSGE,2025-02-11 14:22:00,day,2025-02-11,day_2025-02-11,3280.0,3280.0,3278.0,3279.0,2305.0,75588500.0,1952144.0
RB,RB2505.XSGE,2025-02-11 14:23:00,day,2025-02-11,day_2025-02-11,3280.0,3284.0,3280.0,3283.0,5515.0,181007380.0,1952080.0
RB,RB2505.XSGE,2025-02-11 14:24:00,day,2025-02-11,day_2025-02-11,3283.0,3283.0,3281.0,3281.0,2485.0,81556600.0,1952539.0
RB,RB2505.XSGE,2025-02-11 14:25:00,day,2025-02-11,day_2025-02-11,3281.0,3284.0,3281.0,3283.0,2707.0,88848810.0,1953034.0
RB,RB2505.XSGE,2025-02-11 14:26:00,day,2025-02-11,day_2025-02-11,3283.0,3283.0,3280.0,3280.0,3078.0,101006270.0,1953719.0
RB,RB2505.XSGE,2025-02-11 14:27:00,day,2025-02-11,day_2025-02-11,3281.0,3282.0,3280.0,3282.0,1691.0,55487220.0,1953170.0
RB,RB2505.XSGE,2025-02-11 14:28:00,day,2025-02-11,day_2025-02-11,3281.0,3283.0,3281.0,3282.0,2762.0,90658830.0,1952667.0
RB,RB2505.XSGE,2025-02-11 14:29:00,day,2025-02-11,day_2025-02-11,3281.0,3282.0,3278.0,3278.0,5192.0,170259710.0,1953164.0
RB,RB2505.XSGE,2025-02-11 14:30:00,day,2025-02-11,day_2025-02-11,3278.0,3279.0,3278.0,3279.0,2580.0,84588590.0,1954102.0
RB,RB2505.XSGE,2025-02-11 14:31:00,day,2025-02-11,day_2025-02-11,3278.0,3278.0,3276.0,3278.0,6561.0,215002170.0,1954599.0
RB,RB2505.XSGE,2025-02-11 14:32:00,day,2025-02-11,day_2025-02-11,3277.0,3278.0,3276.0,3277.0,3284.0,107614130.0,1955265.0
RB,RB2505.XSGE,2025-02-11 14:33:00,day,2025-02-11,day_2025-02-11,3277.0,3278.0,3277.0,3277.0,1642.0,53812370.0,1955613.0
RB,RB2505.XSGE,2025-02-11 14:34:00,day,2025-02-11,day_2025-02-11,3277.0,3278.0,3276.0,3277.0,3746.0,122744850.0,1956191.0
RB,RB2505.XSGE,2025-02-11 14:35:00,day,2025-02-11,day_2025-02-11,3276.0,3277.0,3273.0,3274.0,14137.0,462894570.0,1956874.0
RB,RB2505.XSGE,2025-02-11 14:36:00,day,2025-02-11,day_2025-02-11,3274.0,3276.0,3273.0,3275.0,5242.0,171626710.0,1956492.0
RB,RB2505.XSGE,2025-02-11 14:37:00,day,2025-02-11,day_2025-02-11,3276.0,3276.0,3275.0,3276.0,2282.0,74749260.0,1956880.0
RB,RB2505.XSGE,2025-02-11 14:38:00,day,2025-02-11,day_2025-02-11,3276.0,3276.0,3274.0,3275.0,2399.0,78563630.0,1957711.0
RB,RB2505.XSGE,2025-02-11 14:39:00,day,2025-02-11,day_2025-02-11,3274.0,3275.0,3272.0,3275.0,7662.0,250802720.0,1958707.0
RB,RB2505.XSGE,2025-02-11 14:40:00,day,2025-02-11,day_2025-02-11,3274.0,3276.0,3274.0,3276.0,3225.0,105609730.0,1958955.0
RB,RB2505.XSGE,2025-02-11 14:41:00,day,2025-02-11,day_2025-02-11,3275.0,3277.0,3275.0,3277.0,4675.0,153154420.0,1959349.0
RB,RB2505.XSGE,2025-02-11 14:42:00,day,2025-02-11,day_2025-02-11,3277.0,3277.0,3274.0,3275.0,3686.0,120734960.0,1961026.0
RB,RB2505.XSGE,2025-02-11 14:43:00,day,2025-02-11,day_2025-02-11,3275.0,3276.0,3274.0,3275.0,2548.0,83456790.0,1961267.0
RB,RB2505.XSGE,2025-02-11 14:44:00,day,2025-02-11,day_2025-02-11,3275.0,3275.0,3272.0,3273.0,3428.0,112222490.0,1961323.0
RB,RB2505.XSGE,2025-02-11 14:45:00,day,2025-02-11,day_2025-02-11,3273.0,3276.0,3273.0,3274.0,5315.0,174032230.0,1960994.0
RB,RB2505.XSGE,2025-02-11 14:46:00,day,2025-02-11,day_2025-02-11,3274.0,3275.0,3271.0,3272.0,6565.0,214824810.0,1960550.0
RB,RB2505.XSGE,2025-02-11 14:47:00,day,2025-02-11,day_2025-02-11,3272.0,3272.0,3269.0,3271.0,17058.0,557900470.0,1956934.0
RB,RB2505.XSGE,2025-02-11 14:48:00,day,2025-02-11,day_2025-02-11,3271.0,3274.0,3271.0,3273.0,6033.0,197430710.0,1956734.0
RB,RB2505.XSGE,2025-02-11 14:49:00,day,2025-02-11,day_2025-02-11,3273.0,3274.0,3272.0,3274.0,4062.0,132955260.0,1956402.0
RB,RB2505.XSGE,2025-02-11 14:50:00,day,2025-02-11,day_2025-02-11,3273.0,3277.0,3273.0,3276.0,7079.0,231861690.0,1955601.0
RB,RB2505.XSGE,2025-02-11 14:51:00,day,2025-02-11,day_2025-02-11,3276.0,3277.0,3274.0,3274.0,5218.0,170899270.0,1955691.0
RB,RB2505.XSGE,2025-02-11 14:52:00,day,2025-02-11,day_2025-02-11,3274.0,3274.0,3272.0,3274.0,3825.0,125193710.0,1956089.0
RB,RB2505.XSGE,2025-02-11 14:53:00,day,2025-02-11,day_2025-02-11,3273.0,3276.0,3273.0,3274.0,5917.0,193773400.0,1955443.0
RB,RB2505.XSGE,2025-02-11 14:54:00,day,2025-02-11,day_2025-02-11,3273.0,3275.0,3271.0,3271.0,6157.0,201475790.0,1955005.0
RB,RB2505.XSGE,2025-02-11 14:55:00,day,2025-02-11,day_2025-02-11,3271.0,3273.0,3271.0,3272.0,5261.0,172155590.0,1955198.0
RB,RB2505.XSGE,2025-02-11 14:56:00,day,2025-02-11,day_2025-02-11,3273.0,3274.0,3272.0,3273.0,2830.0,92628000.0,1955280.0
RB,RB2505.XSGE,2025-02-11 14:57:00,day,2025-02-11,day_2025-02-11,3273.0,3274.0,3271.0,3272.0,6345.0,207626710.0,1954452.0
RB,RB2505.XSGE,2025-02-11 14:58:00,day,2025-02-11,day_2025-02-11,3272.0,3273.0,3272.0,3272.0,5179.0,169476840.0,1953239.0
RB,RB2505.XSGE,2025-02-11 14:59:00,day,2025-02-11,day_2025-02-11,3273.0,3275.0,3271.0,3274.0,8564.0,280325690.0,1951216.0
RB,RB2505.XSGE,2025-02-11 15:00:00,day,2025-02-11,day_2025-02-11,3274.0,3275.0,3273.0,3275.0,11665.0,381916450.0,1947395.0
RB,RB2505.XSGE,2025-02-11 21:01:00,night,2025-02-11,night_2025-02-11,3275.0,3278.0,3272.0,3278.0,21459.0,702920160.0,1946632.0
RB,RB2505.XSGE,2025-02-11 21:02:00,night,2025-02-11,night_2025-02-11,3278.0,3279.0,3275.0,3277.0,9177.0,300734410.0,1947736.0
RB,RB2505.XSGE,2025-02-11 21:03:00,night,2025-02-11,night_2025-02-11,3276.0,3277.0,3275.0,3275.0,5584.0,182896380.0,1947277.0
RB,RB2505.XSGE,2025-02-11 21:04:00,night,2025-02-11,night_2025-02-11,3276.0,3276.0,3274.0,3275.0,5837.0,191153270.0,1946930.0
RB,RB2505.XSGE,2025-02-11 21:05:00,night,2025-02-11,night_2025-02-11,3275.0,3277.0,3275.0,3277.0,6023.0,197309730.0,1945467.0
RB,RB2505.XSGE,2025-02-11 21:06:00,night,2025-02-11,night_2025-02-11,3277.0,3277.0,3271.0,3271.0,8184.0,267885080.0,1944932.0
RB,RB2505.XSGE,2025-02-11 21:07:00,night,2025-02-11,night_2025-02-11,3271.0,3273.0,3270.0,3273.0,13812.0,451823220.0,1944010.0
RB,RB2505.XSGE,2025-02-11 21:08:00,night,2025-02-11,night_2025-02-11,3273.0,3274.0,3272.0,3273.0,4213.0,137879870.0,1944401.0
RB,RB2505.XSGE,2025-02-11 21:09:00,night,2025-02-11,night_2025-02-11,3274.0,3275.0,3272.0,3275.0,4902.0,160463680.0,1943900.0
RB,RB2505.XSGE,2025-02-11 21:10:00,night,2025-02-11,night_2025-02-11,3274.0,3275.0,3273.0,3274.0,2833.0,92762770.0,1943763.0
RB,RB2505.XSGE,2025-02-11 21:11:00,night,2025-02-11,night_2025-02-11,3274.0,3275.0,3273.0,3273.0,3824.0,125197160.0,1943369.0
RB,RB2505.XSGE,2025-02-11 21:12:00,night,2025-02-11,night_2025-02-11,3273.0,3275.0,3273.0,3274.0,3039.0,99508220.0,1942477.0
RB,RB2505.XSGE,2025-02-11 21:13:00,night,2025-02-11,night_2025-02-11,3274.0,3275.0,3273.0,3274.0,2852.0,93372790.0,1942359.0
RB,RB2505.XSGE,2025-02-11 21:14:00,night,2025-02-11,night_2025-02-11,3274.0,3275.0,3274.0,3275.0,2083.0,68206380.0,1942451.0
RB,RB2505.XSGE,2025-02-11 21:15:00,night,2025-02-11,night_2025-02-11,3274.0,3275.0,3272.0,3273.0,3572.0,116919670.0,1942979.0
RB,RB2505.XSGE,2025-02-11 21:16:00,night,2025-02-11,night_2025-02-11,3273.0,3275.0,3273.0,3275.0,3291.0,107759640.0,1943810.0
RB,RB2505.XSGE,2025-02-11 21:17:00,night,2025-02-11,night_2025-02-11,3275.0,3275.0,3273.0,3274.0,1610.0,52711910.0,1943686.0
RB,RB2505.XSGE,2025-02-11 21:18:00,night,2025-02-11,night_2025-02-11,3274.0,3274.0,3273.0,3273.0,1146.0,37513700.0,1944057.0
RB,RB2505.XSGE,2025-02-11 21:19:00,night,2025-02-11,night_2025-02-11,3274.0,3274.0,3272.0,3272.0,2970.0,97198580.0,1944364.0
RB,RB2505.XSGE,2025-02-11 21:20:00,night,2025-02-11,night_2025-02-11,3272.0,3274.0,3272.0,3273.0,4023.0,131675070.0,1944390.0
RB,RB2505.XSGE,2025-02-11 21:21:00,night,2025-02-11,night_2025-02-11,3273.0,3273.0,3271.0,3272.0,4000.0,130885650.0,1944418.0
RB,RB2505.XSGE,2025-02-11 21:22:00,night,2025-02-11,night_2025-02-11,3271.0,3274.0,3271.0,3274.0,2977.0,97432460.0,1944067.0
RB,RB2505.XSGE,2025-02-11 21:23:00,night,2025-02-11,night_2025-02-11,3273.0,3274.0,3272.0,3273.0,1309.0,42845580.0,1943982.0
RB,RB2505.XSGE,2025-02-11 21:24:00,night,2025-02-11,night_2025-02-11,3273.0,3274.0,3271.0,3272.0,3312.0,108384760.0,1943328.0
RB,RB2505.XSGE,2025-02-11 21:25:00,night,2025-02-11,night_2025-02-11,3272.0,3272.0,3268.0,3269.0,17897.0,585232320.0,1941958.0
RB,RB2505.XSGE,2025-02-11 21:26:00,night,2025-02-11,night_2025-02-11,3269.0,3273.0,3269.0,3272.0,4016.0,131380900.0,1943013.0
RB,RB2505.XSGE,2025-02-11 21:27:00,night,2025-02-11,night_2025-02-11,3271.0,3273.0,3271.0,3273.0,1688.0,55232660.0,1943342.0
RB,RB2505.XSGE,2025-02-11 21:28:00,night,2025-02-11,night_2025-02-11,3273.0,3276.0,3272.0,3274.0,8368.0,274024400.0,1944825.0
RB,RB2505.XSGE,2025-02-11 21:29:00,night,2025-02-11,night_2025-02-11,3275.0,3275.0,3273.0,3274.0,3495.0,114430310.0,1946171.0
RB,RB2505.XSGE,2025-02-11 21:30:00,night,2025-02-11,night_2025-02-11,3274.0,3274.0,3273.0,3273.0,1913.0,62624730.0,1946427.0
RB,RB2505.XSGE,2025-02-11 21:31:00,night,2025-02-11,night_2025-02-11,3273.0,3275.0,3273.0,3273.0,2419.0,79195150.0,1946867.0
RB,RB2505.XSGE,2025-02-11 21:32:00,night,2025-02-11,night_2025-02-11,3274.0,3274.0,3272.0,3273.0,3551.0,116216720.0,1947065.0
RB,RB2505.XSGE,2025-02-11 21:33:00,night,2025-02-11,night_2025-02-11,3273.0,3274.0,3273.0,3274.0,1811.0,59281700.0,1946967.0
RB,RB2505.XSGE,2025-02-11 21:34:00,night,2025-02-11,night_2025-02-11,3273.0,3274.0,3271.0,3272.0,2244.0,73430460.0,1946771.0
RB,RB2505.XSGE,2025-02-11 21:35:00,night,2025-02-11,night_2025-02-11,3272.0,3273.0,3271.0,3272.0,2209.0,72273820.0,1947298.0
RB,RB2505.XSGE,2025-02-11 21:36:00,night,2025-02-11,night_2025-02-11,3272.0,3273.0,3271.0,3272.0,1376.0,45021200.0,1947453.0
RB,RB2505.XSGE,2025-02-11 21:37:00,night,2025-02-11,night_2025-02-11,3272.0,3273.0,3272.0,3273.0,762.0,24936420.0,1947440.0
RB,RB2505.XSGE,2025-02-11 21:38:00,night,2025-02-11,night_2025-02-11,3273.0,3274.0,3272.0,3274.0,1328.0,43465470.0,1947306.0
RB,RB2505.XSGE,2025-02-11 21:39:00,night,2025-02-11,night_2025-02-11,3274.0,3274.0,3272.0,3273.0,497.0,16266590.0,1947305.0
RB,RB2505.XSGE,2025-02-11 21:40:00,night,2025-02-11,night_2025-02-11,3272.0,3273.0,3266.0,3269.0,13346.0,436300110.0,1944341.0
RB,RB2505.XSGE,2025-02-11 21:41:00,night,2025-02-11,night_2025-02-11,3268.0,3272.0,3268.0,3270.0,8850.0,289337320.0,1941077.0
RB,RB2505.XSGE,2025-02-11 21:42:00,night,2025-02-11,night_2025-02-11,3269.0,3271.0,3267.0,3270.0,6580.0,215082910.0,1940032.0
RB,RB2505.XSGE,2025-02-11 21:43:00,night,2025-02-11,night_2025-02-11,3270.0,3271.0,3269.0,3269.0,1436.0,46954190.0,1940122.0
RB,RB2505.XSGE,2025-02-11 21:44:00,night,2025-02-11,night_2025-02-11,3269.0,3270.0,3267.0,3268.0,3787.0,123769990.0,1940323.0
RB,RB2505.XSGE,2025-02-11 21:45:00,night,2025-02-11,night_2025-02-11,3268.0,3270.0,3268.0,3270.0,2350.0,76816840.0,1939840.0
RB,RB2505.XSGE,2025-02-11 21:46:00,night,2025-02-11,night_2025-02-11,3270.0,3270.0,3269.0,3269.0,1242.0,40605320.0,1939814.0
RB,RB2505.XSGE,2025-02-11 21:47:00,night,2025-02-11,night_2025-02-11,3270.0,3270.0,3269.0,3270.0,2685.0,87786440.0,1938897.0
RB,RB2505.XSGE,2025-02-11 21:48:00,night,2025-02-11,night_2025-02-11,3269.0,3270.0,3268.0,3269.0,1422.0,46489230.0,1938944.0
RB,RB2505.XSGE,2025-02-11 21:49:00,night,2025-02-11,night_2025-02-11,3268.0,3269.0,3267.0,3268.0,3783.0,123611690.0,1939495.0
RB,RB2505.XSGE,2025-02-11 21:50:00,night,2025-02-11,night_2025-02-11,3267.0,3269.0,3267.0,3269.0,1931.0,63110640.0,1939846.0
RB,RB2505.XSGE,2025-02-11 21:51:00,night,2025-02-11,night_2025-02-11,3269.0,3270.0,3269.0,3270.0,1260.0,41194420.0,1940227.0
RB,RB2505.XSGE,2025-02-11 21:52:00,night,2025-02-11,night_2025-02-11,3270.0,3270.0,3269.0,3269.0,902.0,29493060.0,1940279.0
RB,RB2505.XSGE,2025-02-11 21:53:00,night,2025-02-11,night_2025-02-11,3270.0,3271.0,3269.0,3271.0,1685.0,55102150.0,1940527.0
RB,RB2505.XSGE,2025-02-11 21:54:00,night,2025-02-11,night_2025-02-11,3271.0,3272.0,3270.0,3272.0,3561.0,116481800.0,1941032.0
RB,RB2505.XSGE,2025-02-11 21:55:00,night,2025-02-11,night_2025-02-11,3272.0,3272.0,3271.0,3272.0,1259.0,41190710.0,1941159.0
RB,RB2505.XSGE,2025-02-11 21:56:00,night,2025-02-11,night_2025-02-11,3272.0,3272.0,3271.0,3272.0,1138.0,37232580.0,1940698.0
RB,RB2505.XSGE,2025-02-11 21:57:00,night,2025-02-11,night_2025-02-11,3272.0,3272.0,3271.0,3272.0,639.0,20906400.0,1940776.0
RB,RB2505.XSGE,2025-02-11 21:58:00,night,2025-02-11,night_2025-02-11,3272.0,3272.0,3270.0,3271.0,1159.0,37912150.0,1940848.0
RB,RB2505.XSGE,2025-02-11 21:59:00,night,2025-02-11,night_2025-02-11,3270.0,3272.0,3270.0,3272.0,1663.0,54397480.0,1940496.0
RB,RB2505.XSGE,2025-02-11 22:00:00,night,2025-02-11,night_2025-02-11,3271.0,3272.0,3270.0,3271.0,978.0,31991500.0,1940467.0
RB,RB2505.XSGE,2025-02-11 22:01:00,night,2025-02-11,night_2025-02-11,3270.0,3271.0,3270.0,3270.0,814.0,26620680.0,1940324.0
RB,RB2505.XSGE,2025-02-11 22:02:00,night,2025-02-11,night_2025-02-11,3270.0,3271.0,3270.0,3271.0,830.0,27145120.0,1940285.0
RB,RB2505.XSGE,2025-02-11 22:03:00,night,2025-02-11,night_2025-02-11,3271.0,3271.0,3270.0,3271.0,1797.0,58778850.0,1940544.0
RB,RB2505.XSGE,2025-02-11 22:04:00,night,2025-02-11,night_2025-02-11,3271.0,3271.0,3270.0,3270.0,512.0,16744660.0,1940650.0
RB,RB2505.XSGE,2025-02-11 22:05:00,night,2025-02-11,night_2025-02-11,3271.0,3271.0,3270.0,3271.0,376.0,12297460.0,1940662.0
RB,RB2505.XSGE,2025-02-11 22:06:00,night,2025-02-11,night_2025-02-11,3271.0,3271.0,3270.0,3270.0,1735.0,56750310.0,1940552.0
RB,RB2505.XSGE,2025-02-11 22:07:00,night,2025-02-11,night_2025-02-11,3271.0,3272.0,3270.0,3271.0,790.0,25840780.0,1940780.0
RB,RB2505.XSGE,2025-02-11 22:08:00,night,2025-02-11,night_2025-02-11,3272.0,3272.0,3271.0,3271.0,784.0,25651190.0,1940861.0
RB,RB2505.XSGE,2025-02-11 22:09:00,night,2025-02-11,night_2025-02-11,3272.0,3273.0,3271.0,3273.0,2880.0,94245190.0,1940882.0
RB,RB2505.XSGE,2025-02-11 22:10:00,night,2025-02-11,night_2025-02-11,3273.0,3274.0,3272.0,3274.0,3063.0,100269550.0,1941074.0
RB,RB2505.XSGE,2025-02-11 22:11:00,night,2025-02-11,night_2025-02-11,3274.0,3274.0,3272.0,3272.0,3710.0,121445500.0,1940401.0
RB,RB2505.XSGE,2025-02-11 22:12:00,night,2025-02-11,night_2025-02-11,3272.0,3273.0,3272.0,3273.0,409.0,13385290.0,1940525.0
RB,RB2505.XSGE,2025-02-11 22:13:00,night,2025-02-11,night_2025-02-11,3272.0,3273.0,3272.0,3272.0,471.0,15414740.0,1940594.0
RB,RB2505.XSGE,2025-02-11 22:14:00,night,2025-02-11,night_2025-02-11,3272.0,3274.0,3272.0,3274.0,1231.0,40290540.0,1941034.0
RB,RB2505.XSGE,2025-02-11 22:15:00,night,2025-02-11,night_2025-02-11,3274.0,3274.0,3272.0,3273.0,937.0,30666060.0,1941298.0
RB,RB2505.XSGE,2025-02-11 22:16:00,night,2025-02-11,night_2025-02-11,3272.0,3273.0,3272.0,3273.0,1283.0,41991140.0,1941756.0
RB,RB2505.XSGE,2025-02-11 22:17:00,night,2025-02-11,night_2025-02-11,3273.0,3273.0,3272.0,3273.0,391.0,12795520.0,1941806.0
RB,RB2505.XSGE,2025-02-11 22:18:00,night,2025-02-11,night_2025-02-11,3273.0,3274.0,3272.0,3274.0,2062.0,67497500.0,1941435.0
RB,RB2505.XSGE,2025-02-11 22:19:00,night,2025-02-11,night_2025-02-11,3274.0,3274.0,3273.0,3273.0,810.0,26517890.0,1941240.0
RB,RB2505.XSGE,2025-02-11 22:20:00,night,2025-02-11,night_2025-02-11,3274.0,3274.0,3272.0,3274.0,2533.0,82908360.0,1941656.0
RB,RB2505.XSGE,2025-02-11 22:21:00,night,2025-02-11,night_2025-02-11,3273.0,3275.0,3273.0,3275.0,2554.0,83623400.0,1941422.0
RB,RB2505.XSGE,2025-02-11 22:22:00,night,2025-02-11,night_2025-02-11,3274.0,3275.0,3273.0,3275.0,1817.0,59491180.0,1941515.0
RB,RB2505.XSGE,2025-02-11 22:23:00,night,2025-02-11,night_2025-02-11,3275.0,3275.0,3274.0,3274.0,908.0,29734240.0,1941747.0
RB,RB2505.XSGE,2025-02-11 22:24:00,night,2025-02-11,night_2025-02-11,3275.0,3276.0,3274.0,3275.0,5759.0,188611440.0,1941925.0
RB,RB2505.XSGE,2025-02-11 22:25:00,night,2025-02-11,night_2025-02-11,3275.0,3277.0,3275.0,3276.0,3039.0,99556650.0,1941903.0
RB,RB2505.XSGE,2025-02-11 22:26:00,night,2025-02-11,night_2025-02-11,3275.0,3276.0,3275.0,3275.0,3000.0,98262190.0,1941596.0
RB,RB2505.XSGE,2025-02-11 22:27:00,night,2025-02-11,night_2025-02-11,3276.0,3276.0,3275.0,3275.0,1329.0,43532010.0,1941679.0
RB,RB2505.XSGE,2025-02-11 22:28:00,night,2025-02-11,night_2025-02-11,3276.0,3276.0,3275.0,3276.0,1129.0,36984210.0,1942259.0
RB,RB2505.XSGE,2025-02-11 22:29:00,night,2025-02-11,night_2025-02-11,3276.0,3276.0,3275.0,3275.0,751.0,24599860.0,1942222.0
RB,RB2505.XSGE,2025-02-11 22:30:00,night,2025-02-11,night_2025-02-11,3275.0,3276.0,3274.0,3274.0,3703.0,121270060.0,1942776.0
RB,RB2505.XSGE,2025-02-11 22:31:00,night,2025-02-11,night_2025-02-11,3275.0,3275.0,3273.0,3273.0,2701.0,88423040.0,1942567.0
RB,RB2505.XSGE,2025-02-11 22:32:00,night,2025-02-11,night_2025-02-11,3273.0,3274.0,3271.0,3271.0,3891.0,127313180.0,1941757.0
RB,RB2505.XSGE,2025-02-11 22:33:00,night,2025-02-11,night_2025-02-11,3271.0,3273.0,3271.0,3272.0,1924.0,62955060.0,1941674.0
RB,RB2505.XSGE,2025-02-11 22:34:00,night,2025-02-11,night_2025-02-11,3272.0,3273.0,3272.0,3273.0,1607.0,52591930.0,1941321.0
RB,RB2505.XSGE,2025-02-11 22:35:00,night,2025-02-11,night_2025-02-11,3273.0,3274.0,3272.0,3274.0,1009.0,33030230.0,1941051.0
RB,RB2505.XSGE,2025-02-11 22:36:00,night,2025-02-11,night_2025-02-11,3274.0,3275.0,3273.0,3274.0,1233.0,40372730.0,1941358.0
RB,RB2505.XSGE,2025-02-11 22:37:00,night,2025-02-11,night_2025-02-11,3275.0,3275.0,3274.0,3275.0,480.0,15719310.0,1941509.0
RB,RB2505.XSGE,2025-02-11 22:38:00,night,2025-02-11,night_2025-02-11,3275.0,3276.0,3274.0,3276.0,1861.0,60954630.0,1941423.0
RB,RB2505.XSGE,2025-02-11 22:39:00,night,2025-02-11,night_2025-02-11,3275.0,3277.0,3275.0,3277.0,2870.0,94013340.0,1941266.0
RB,RB2505.XSGE,2025-02-11 22:40:00,night,2025-02-11,night_2025-02-11,3277.0,3277.0,3276.0,3276.0,1717.0,56258330.0,1941459.0
RB,RB2505.XSGE,2025-02-11 22:41:00,night,2025-02-11,night_2025-02-11,3277.0,3277.0,3275.0,3275.0,1854.0,60742970.0,1941606.0
RB,RB2505.XSGE,2025-02-11 22:42:00,night,2025-02-11,night_2025-02-11,3275.0,3275.0,3274.0,3275.0,2085.0,68277850.0,1942057.0
RB,RB2505.XSGE,2025-02-11 22:43:00,night,2025-02-11,night_2025-02-11,3274.0,3275.0,3274.0,3275.0,867.0,28389820.0,1941750.0
RB,RB2505.XSGE,2025-02-11 22:44:00,night,2025-02-11,night_2025-02-11,3274.0,3275.0,3273.0,3273.0,961.0,31462880.0,1941710.0
RB,RB2505.XSGE,2025-02-11 22:45:00,night,2025-02-11,night_2025-02-11,3274.0,3275.0,3273.0,3274.0,841.0,27532180.0,1941629.0
RB,RB2505.XSGE,2025-02-11 22:46:00,night,2025-02-11,night_2025-02-11,3275.0,3275.0,3273.0,3273.0,751.0,24583850.0,1941659.0
RB,RB2505.XSGE,2025-02-11 22:47:00,night,2025-02-11,night_2025-02-11,3273.0,3275.0,3272.0,3274.0,2440.0,79866170.0,1940957.0
RB,RB2505.XSGE,2025-02-11 22:48:00,night,2025-02-11,night_2025-02-11,3274.0,3274.0,3272.0,3273.0,1137.0,37215900.0,1941005.0
RB,RB2505.XSGE,2025-02-11 22:49:00,night,2025-02-11,night_2025-02-11,3273.0,3274.0,3272.0,3274.0,623.0,20391400.0,1940835.0
RB,RB2505.XSGE,2025-02-11 22:50:00,night,2025-02-11,night_2025-02-11,3273.0,3274.0,3272.0,3274.0,1384.0,45308070.0,1940223.0
RB,RB2505.XSGE,2025-02-11 22:51:00,night,2025-02-11,night_2025-02-11,3275.0,3275.0,3273.0,3274.0,718.0,23507480.0,1940302.0
RB,RB2505.XSGE,2025-02-11 22:52:00,night,2025-02-11,night_2025-02-11,3273.0,3274.0,3273.0,3273.0,795.0,26025400.0,1939998.0
RB,RB2505.XSGE,2025-02-11 22:53:00,night,2025-02-11,night_2025-02-11,3273.0,3274.0,3273.0,3274.0,243.0,7954130.0,1939978.0
RB,RB2505.XSGE,2025-02-11 22:54:00,night,2025-02-11,night_2025-02-11,3273.0,3275.0,3273.0,3275.0,2387.0,78147930.0,1938780.0
RB,RB2505.XSGE,2025-02-11 22:55:00,night,2025-02-11,night_2025-02-11,3275.0,3275.0,3274.0,3274.0,1348.0,44137730.0,1938745.0
RB,RB2505.XSGE,2025-02-11 22:56:00,night,2025-02-11,night_2025-02-11,3274.0,3275.0,3273.0,3274.0,1070.0,35032970.0,1938145.0
RB,RB2505.XSGE,2025-02-11 22:57:00,night,2025-02-11,night_2025-02-11,3274.0,3275.0,3273.0,3274.0,1401.0,45868770.0,1938275.0
RB,RB2505.XSGE,2025-02-11 22:58:00,night,2025-02-11,night_2025-02-11,3275.0,3275.0,3273.0,3274.0,2017.0,66043010.0,1937381.0
RB,RB2505.XSGE,2025-02-11 22:59:00,night,2025-02-11,night_2025-02-11,3274.0,3275.0,3273.0,3274.0,3637.0,119073710.0,1935781.0
RB,RB2505.XSGE,2025-02-11 23:00:00,night,2025-02-11,night_2025-02-11,3274.0,3277.0,3273.0,3276.0,5312.0,173973670.0,1933177.0
RB,RB2505.XSGE,2025-02-12 09:01:00,day,2025-02-12,day_2025-02-12,3277.0,3282.0,3274.0,3275.0,18378.0,602555700.0,1932008.0
RB,RB2505.XSGE,2025-02-12 09:02:00,day,2025-02-12,day_2025-02-12,3275.0,3275.0,3272.0,3272.0,5790.0,189514950.0,1931159.0
RB,RB2505.XSGE,2025-02-12 09:03:00,day,2025-02-12,day_2025-02-12,3273.0,3273.0,3269.0,3269.0,9884.0,323289030.0,1931490.0
RB,RB2505.XSGE,2025-02-12 09:04:00,day,2025-02-12,day_2025-02-12,3270.0,3270.0,3267.0,3267.0,9535.0,311628990.0,1930521.0
RB,RB2505.XSGE,2025-02-12 09:05:00,day,2025-02-12,day_2025-02-12,3268.0,3268.0,3265.0,3267.0,16190.0,528727330.0,1928545.0
RB,RB2505.XSGE,2025-02-12 09:06:00,day,2025-02-12,day_2025-02-12,3267.0,3270.0,3266.0,3268.0,6069.0,198348960.0,1928514.0
RB,RB2505.XSGE,2025-02-12 09:07:00,day,2025-02-12,day_2025-02-12,3269.0,3270.0,3268.0,3268.0,3645.0,119152080.0,1929291.0
RB,RB2505.XSGE,2025-02-12 09:08:00,day,2025-02-12,day_2025-02-12,3268.0,3270.0,3268.0,3270.0,2510.0,82052500.0,1929683.0
RB,RB2505.XSGE,2025-02-12 09:09:00,day,2025-02-12,day_2025-02-12,3270.0,3270.0,3267.0,3267.0,4237.0,138453060.0,1930101.0
RB,RB2505.XSGE,2025-02-12 09:10:00,day,2025-02-12,day_2025-02-12,3267.0,3269.0,3267.0,3268.0,3739.0,122192190.0,1930993.0
RB,RB2505.XSGE,2025-02-12 09:11:00,day,2025-02-12,day_2025-02-12,3269.0,3270.0,3268.0,3269.0,2585.0,84508900.0,1931312.0
RB,RB2505.XSGE,2025-02-12 09:12:00,day,2025-02-12,day_2025-02-12,3269.0,3271.0,3269.0,3271.0,4215.0,137835000.0,1931524.0
RB,RB2505.XSGE,2025-02-12 09:13:00,day,2025-02-12,day_2025-02-12,3271.0,3271.0,3270.0,3271.0,1389.0,45430490.0,1931597.0
RB,RB2505.XSGE,2025-02-12 09:14:00,day,2025-02-12,day_2025-02-12,3271.0,3271.0,3268.0,3270.0,4922.0,160924140.0,1930860.0
RB,RB2505.XSGE,2025-02-12 09:15:00,day,2025-02-12,day_2025-02-12,3269.0,3271.0,3269.0,3270.0,1629.0,53265540.0,1930642.0
RB,RB2505.XSGE,2025-02-12 09:16:00,day,2025-02-12,day_2025-02-12,3270.0,3272.0,3269.0,3272.0,4072.0,133198570.0,1931282.0
RB,RB2505.XSGE,2025-02-12 09:17:00,day,2025-02-12,day_2025-02-12,3271.0,3272.0,3269.0,3270.0,2096.0,68547950.0,1931490.0
RB,RB2505.XSGE,2025-02-12 09:18:00,day,2025-02-12,day_2025-02-12,3270.0,3271.0,3269.0,3271.0,1871.0,61190220.0,1931976.0
RB,RB2505.XSGE,2025-02-12 09:19:00,day,2025-02-12,day_2025-02-12,3270.0,3271.0,3269.0,3269.0,993.0,32469950.0,1932029.0
RB,RB2505.XSGE,2025-02-12 09:20:00,day,2025-02-12,day_2025-02-12,3269.0,3270.0,3268.0,3269.0,1651.0,53972000.0,1931944.0
RB,RB2505.XSGE,2025-02-12 09:21:00,day,2025-02-12,day_2025-02-12,3270.0,3270.0,3268.0,3270.0,1773.0,57961400.0,1931898.0
RB,RB2505.XSGE,2025-02-12 09:22:00,day,2025-02-12,day_2025-02-12,3269.0,3270.0,3268.0,3269.0,1307.0,42725050.0,1931911.0
RB,RB2505.XSGE,2025-02-12 09:23:00,day,2025-02-12,day_2025-02-12,3268.0,3269.0,3266.0,3266.0,4002.0,130768350.0,1932669.0
RB,RB2505.XSGE,2025-02-12 09:24:00,day,2025-02-12,day_2025-02-12,3267.0,3268.0,3266.0,3268.0,1955.0,63870970.0,1933554.0
RB,RB2505.XSGE,2025-02-12 09:25:00,day,2025-02-12,day_2025-02-12,3268.0,3268.0,3266.0,3267.0,1761.0,57532930.0,1934135.0
RB,RB2505.XSGE,2025-02-12 09:26:00,day,2025-02-12,day_2025-02-12,3267.0,3267.0,3266.0,3267.0,2214.0,72319830.0,1934960.0
RB,RB2505.XSGE,2025-02-12 09:27:00,day,2025-02-12,day_2025-02-12,3267.0,3267.0,3262.0,3262.0,12123.0,395694270.0,1936058.0
RB,RB2505.XSGE,2025-02-12 09:28:00,day,2025-02-12,day_2025-02-12,3263.0,3265.0,3262.0,3264.0,8186.0,267113050.0,1936827.0
RB,RB2505.XSGE,2025-02-12 09:29:00,day,2025-02-12,day_2025-02-12,3264.0,3265.0,3263.0,3265.0,2230.0,72786180.0,1937048.0
RB,RB2505.XSGE,2025-02-12 09:30:00,day,2025-02-12,day_2025-02-12,3264.0,3265.0,3263.0,3263.0,3163.0,103229460.0,1937122.0
RB,RB2505.XSGE,2025-02-12 09:31:00,day,2025-02-12,day_2025-02-12,3264.0,3264.0,3261.0,3263.0,6613.0,215722410.0,1937519.0
RB,RB2505.XSGE,2025-02-12 09:32:00,day,2025-02-12,day_2025-02-12,3263.0,3265.0,3262.0,3264.0,4350.0,141960230.0,1937638.0
RB,RB2505.XSGE,2025-02-12 09:33:00,day,2025-02-12,day_2025-02-12,3265.0,3268.0,3264.0,3268.0,5046.0,164782350.0,1938196.0
RB,RB2505.XSGE,2025-02-12 09:34:00,day,2025-02-12,day_2025-02-12,3267.0,3272.0,3267.0,3271.0,10311.0,337201690.0,1937796.0
RB,RB2505.XSGE,2025-02-12 09:35:00,day,2025-02-12,day_2025-02-12,3271.0,3271.0,3268.0,3269.0,3998.0,130712600.0,1937810.0
RB,RB2505.XSGE,2025-02-12 09:36:00,day,2025-02-12,day_2025-02-12,3268.0,3269.0,3267.0,3269.0,3205.0,104746010.0,1937663.0
RB,RB2505.XSGE,2025-02-12 09:37:00,day,2025-02-12,day_2025-02-12,3268.0,3269.0,3267.0,3267.0,1808.0,59083370.0,1937917.0
RB,RB2505.XSGE,2025-02-12 09:38:00,day,2025-02-12,day_2025-02-12,3268.0,3268.0,3265.0,3266.0,2578.0,84212840.0,1938411.0
RB,RB2505.XSGE,2025-02-12 09:39:00,day,2025-02-12,day_2025-02-12,3266.0,3266.0,3265.0,3265.0,3002.0,98019540.0,1938756.0
RB,RB2505.XSGE,2025-02-12 09:40:00,day,2025-02-12,day_2025-02-12,3264.0,3267.0,3264.0,3267.0,2317.0,75664220.0,1939278.0
RB,RB2505.XSGE,2025-02-12 09:41:00,day,2025-02-12,day_2025-02-12,3267.0,3268.0,3266.0,3268.0,1552.0,50713790.0,1939493.0
RB,RB2505.XSGE,2025-02-12 09:42:00,day,2025-02-12,day_2025-02-12,3269.0,3269.0,3267.0,3268.0,1295.0,42320740.0,1939480.0
RB,RB2505.XSGE,2025-02-12 09:43:00,day,2025-02-12,day_2025-02-12,3268.0,3271.0,3267.0,3270.0,4419.0,144494400.0,1940373.0
RB,RB2505.XSGE,2025-02-12 09:44:00,day,2025-02-12,day_2025-02-12,3271.0,3271.0,3269.0,3270.0,2573.0,84140240.0,1940700.0
RB,RB2505.XSGE,2025-02-12 09:45:00,day,2025-02-12,day_2025-02-12,3271.0,3271.0,3269.0,3271.0,2528.0,82667710.0,1941494.0
RB,RB2505.XSGE,2025-02-12 09:46:00,day,2025-02-12,day_2025-02-12,3270.0,3271.0,3269.0,3269.0,1830.0,59844720.0,1941780.0
RB,RB2505.XSGE,2025-02-12 09:47:00,day,2025-02-12,day_2025-02-12,3269.0,3272.0,3269.0,3272.0,3102.0,101454140.0,1941952.0
RB,RB2505.XSGE,2025-02-12 09:48:00,day,2025-02-12,day_2025-02-12,3272.0,3275.0,3271.0,3275.0,14116.0,462116880.0,1940095.0
RB,RB2505.XSGE,2025-02-12 09:49:00,day,2025-02-12,day_2025-02-12,3275.0,3280.0,3274.0,3279.0,13967.0,457707470.0,1939534.0
RB,RB2505.XSGE,2025-02-12 09:50:00,day,2025-02-12,day_2025-02-12,3279.0,3281.0,3277.0,3279.0,15587.0,511192410.0,1939431.0
RB,RB2505.XSGE,2025-02-12 09:51:00,day,2025-02-12,day_2025-02-12,3280.0,3284.0,3279.0,3282.0,15464.0,507469320.0,1938138.0
RB,RB2505.XSGE,2025-02-12 09:52:00,day,2025-02-12,day_2025-02-12,3281.0,3282.0,3279.0,3279.0,8988.0,294868600.0,1938509.0
RB,RB2505.XSGE,2025-02-12 09:53:00,day,2025-02-12,day_2025-02-12,3280.0,3282.0,3279.0,3282.0,5223.0,171347640.0,1937659.0
RB,RB2505.XSGE,2025-02-12 09:54:00,day,2025-02-12,day_2025-02-12,3282.0,3283.0,3280.0,3281.0,7118.0,233582960.0,1938264.0
RB,RB2505.XSGE,2025-02-12 09:55:00,day,2025-02-12,day_2025-02-12,3282.0,3285.0,3281.0,3283.0,14406.0,473039950.0,1937233.0
RB,RB2505.XSGE,2025-02-12 09:56:00,day,2025-02-12,day_2025-02-12,3283.0,3287.0,3282.0,3286.0,10804.0,354893530.0,1937034.0
RB,RB2505.XSGE,2025-02-12 09:57:00,day,2025-02-12,day_2025-02-12,3287.0,3287.0,3283.0,3283.0,10481.0,344394290.0,1937124.0
RB,RB2505.XSGE,2025-02-12 09:58:00,day,2025-02-12,day_2025-02-12,3283.0,3286.0,3283.0,3286.0,5797.0,190420390.0,1937532.0
RB,RB2505.XSGE,2025-02-12 09:59:00,day,2025-02-12,day_2025-02-12,3286.0,3288.0,3285.0,3288.0,7619.0,250393940.0,1937624.0
RB,RB2505.XSGE,2025-02-12 10:00:00,day,2025-02-12,day_2025-02-12,3287.0,3288.0,3286.0,3288.0,6900.0,226808810.0,1936647.0
RB,RB2505.XSGE,2025-02-12 10:01:00,day,2025-02-12,day_2025-02-12,3288.0,3290.0,3287.0,3289.0,18370.0,604187170.0,1936536.0
RB,RB2505.XSGE,2025-02-12 10:02:00,day,2025-02-12,day_2025-02-12,3288.0,3293.0,3287.0,3292.0,21111.0,694596280.0,1934164.0
RB,RB2505.XSGE,2025-02-12 10:03:00,day,2025-02-12,day_2025-02-12,3292.0,3295.0,3291.0,3291.0,23511.0,774316840.0,1930734.0
RB,RB2505.XSGE,2025-02-12 10:04:00,day,2025-02-12,day_2025-02-12,3291.0,3295.0,3291.0,3293.0,16730.0,550887980.0,1926518.0
RB,RB2505.XSGE,2025-02-12 10:05:00,day,2025-02-12,day_2025-02-12,3294.0,3295.0,3292.0,3295.0,8125.0,267569540.0,1924987.0
RB,RB2505.XSGE,2025-02-12 10:06:00,day,2025-02-12,day_2025-02-12,3294.0,3297.0,3294.0,3295.0,16424.0,541223710.0,1922523.0
RB,RB2505.XSGE,2025-02-12 10:07:00,day,2025-02-12,day_2025-02-12,3295.0,3297.0,3291.0,3293.0,13103.0,431574170.0,1920602.0
RB,RB2505.XSGE,2025-02-12 10:08:00,day,2025-02-12,day_2025-02-12,3292.0,3293.0,3291.0,3292.0,6633.0,218355120.0,1919563.0
RB,RB2505.XSGE,2025-02-12 10:09:00,day,2025-02-12,day_2025-02-12,3292.0,3292.0,3288.0,3289.0,12962.0,426405100.0,1916064.0
RB,RB2505.XSGE,2025-02-12 10:10:00,day,2025-02-12,day_2025-02-12,3290.0,3291.0,3288.0,3290.0,4657.0,153198520.0,1915836.0
RB,RB2505.XSGE,2025-02-12 10:11:00,day,2025-02-12,day_2025-02-12,3290.0,3290.0,3288.0,3289.0,4815.0,158385930.0,1915489.0
RB,RB2505.XSGE,2025-02-12 10:12:00,day,2025-02-12,day_2025-02-12,3289.0,3290.0,3287.0,3287.0,4677.0,153789010.0,1915074.0
RB,RB2505.XSGE,2025-02-12 10:13:00,day,2025-02-12,day_2025-02-12,3287.0,3287.0,3284.0,3285.0,10110.0,332162370.0,1912707.0
RB,RB2505.XSGE,2025-02-12 10:14:00,day,2025-02-12,day_2025-02-12,3285.0,3286.0,3285.0,3286.0,2776.0,91202090.0,1912444.0
RB,RB2505.XSGE,2025-02-12 10:15:00,day,2025-02-12,day_2025-02-12,3286.0,3286.0,3284.0,3285.0,4719.0,155028510.0,1912461.0
RB,RB2505.XSGE,2025-02-12 10:31:00,day,2025-02-12,day_2025-02-12,3285.0,3286.0,3283.0,3284.0,6549.0,215078870.0,1912270.0
RB,RB2505.XSGE,2025-02-12 10:32:00,day,2025-02-12,day_2025-02-12,3285.0,3285.0,3283.0,3284.0,3895.0,127895760.0,1912474.0
RB,RB2505.XSGE,2025-02-12 10:33:00,day,2025-02-12,day_2025-02-12,3283.0,3286.0,3283.0,3285.0,2917.0,95811990.0,1912580.0
RB,RB2505.XSGE,2025-02-12 10:34:00,day,2025-02-12,day_2025-02-12,3285.0,3289.0,3285.0,3289.0,4445.0,146137140.0,1912527.0
RB,RB2505.XSGE,2025-02-12 10:35:00,day,2025-02-12,day_2025-02-12,3288.0,3291.0,3288.0,3289.0,5985.0,196871110.0,1913205.0
RB,RB2505.XSGE,2025-02-12 10:36:00,day,2025-02-12,day_2025-02-12,3289.0,3292.0,3288.0,3291.0,7431.0,244514340.0,1914024.0
RB,RB2505.XSGE,2025-02-12 10:37:00,day,2025-02-12,day_2025-02-12,3291.0,3291.0,3288.0,3290.0,3332.0,109616960.0,1914581.0
RB,RB2505.XSGE,2025-02-12 10:38:00,day,2025-02-12,day_2025-02-12,3289.0,3289.0,3288.0,3289.0,1277.0,41992480.0,1914774.0
RB,RB2505.XSGE,2025-02-12 10:39:00,day,2025-02-12,day_2025-02-12,3288.0,3289.0,3287.0,3288.0,3189.0,104847790.0,1915530.0
RB,RB2505.XSGE,2025-02-12 10:40:00,day,2025-02-12,day_2025-02-12,3289.0,3289.0,3287.0,3288.0,1642.0,53989780.0,1915562.0
RB,RB2505.XSGE,2025-02-12 10:41:00,day,2025-02-12,day_2025-02-12,3288.0,3289.0,3287.0,3288.0,2133.0,70134330.0,1916049.0
RB,RB2505.XSGE,2025-02-12 10:42:00,day,2025-02-12,day_2025-02-12,3288.0,3288.0,3286.0,3288.0,1924.0,63242220.0,1916391.0
RB,RB2505.XSGE,2025-02-12 10:43:00,day,2025-02-12,day_2025-02-12,3287.0,3288.0,3287.0,3287.0,651.0,21399770.0,1916112.0
RB,RB2505.XSGE,2025-02-12 10:44:00,day,2025-02-12,day_2025-02-12,3287.0,3288.0,3287.0,3288.0,1298.0,42675240.0,1915840.0
RB,RB2505.XSGE,2025-02-12 10:45:00,day,2025-02-12,day_2025-02-12,3287.0,3288.0,3286.0,3286.0,2574.0,84603460.0,1916637.0
RB,RB2505.XSGE,2025-02-12 10:46:00,day,2025-02-12,day_2025-02-12,3287.0,3288.0,3286.0,3287.0,2253.0,74051490.0,1916488.0
RB,RB2505.XSGE,2025-02-12 10:47:00,day,2025-02-12,day_2025-02-12,3287.0,3290.0,3286.0,3289.0,2659.0,87436170.0,1915964.0
RB,RB2505.XSGE,2025-02-12 10:48:00,day,2025-02-12,day_2025-02-12,3289.0,3289.0,3287.0,3288.0,944.0,31041880.0,1916016.0
RB,RB2505.XSGE,2025-02-12 10:49:00,day,2025-02-12,day_2025-02-12,3288.0,3290.0,3288.0,3289.0,1458.0,47959210.0,1916607.0
RB,RB2505.XSGE,2025-02-12 10:50:00,day,2025-02-12,day_2025-02-12,3290.0,3292.0,3289.0,3291.0,3877.0,127575020.0,1917737.0
RB,RB2505.XSGE,2025-02-12 10:51:00,day,2025-02-12,day_2025-02-12,3292.0,3292.0,3291.0,3291.0,1957.0,64412390.0,1917788.0
RB,RB2505.XSGE,2025-02-12 10:52:00,day,2025-02-12,day_2025-02-12,3292.0,3294.0,3291.0,3293.0,5766.0,189843890.0,1917626.0
RB,RB2505.XSGE,2025-02-12 10:53:00,day,2025-02-12,day_2025-02-12,3293.0,3293.0,3291.0,3292.0,2403.0,79111800.0,1917263.0
RB,RB2505.XSGE,2025-02-12 10:54:00,day,2025-02-12,day_2025-02-12,3291.0,3292.0,3289.0,3290.0,2686.0,88381790.0,1917198.0
RB,RB2505.XSGE,2025-02-12 10:55:00,day,2025-02-12,day_2025-02-12,3290.0,3291.0,3289.0,3289.0,1554.0,51119770.0,1917061.0
RB,RB2505.XSGE,2025-02-12 10:56:00,day,2025-02-12,day_2025-02-12,3289.0,3290.0,3288.0,3288.0,1262.0,41508060.0,1917221.0
RB,RB2505.XSGE,2025-02-12 10:57:00,day,2025-02-12,day_2025-02-12,3288.0,3289.0,3288.0,3288.0,1583.0,52054290.0,1916735.0
RB,RB2505.XSGE,2025-02-12 10:58:00,day,2025-02-12,day_2025-02-12,3288.0,3290.0,3288.0,3289.0,1203.0,39565600.0,1916482.0
RB,RB2505.XSGE,2025-02-12 10:59:00,day,2025-02-12,day_2025-02-12,3289.0,3289.0,3288.0,3288.0,690.0,22691010.0,1916408.0
RB,RB2505.XSGE,2025-02-12 11:00:00,day,2025-02-12,day_2025-02-12,3288.0,3289.0,3288.0,3289.0,725.0,23841500.0,1916297.0
RB,RB2505.XSGE,2025-02-12 11:01:00,day,2025-02-12,day_2025-02-12,3289.0,3289.0,3287.0,3288.0,3049.0,100242620.0,1915777.0
RB,RB2505.XSGE,2025-02-12 11:02:00,day,2025-02-12,day_2025-02-12,3289.0,3290.0,3288.0,3290.0,1424.0,46836700.0,1915337.0
RB,RB2505.XSGE,2025-02-12 11:03:00,day,2025-02-12,day_2025-02-12,3289.0,3290.0,3288.0,3289.0,1100.0,36182040.0,1915302.0
RB,RB2505.XSGE,2025-02-12 11:04:00,day,2025-02-12,day_2025-02-12,3289.0,3289.0,3287.0,3288.0,1808.0,59447890.0,1915271.0
RB,RB2505.XSGE,2025-02-12 11:05:00,day,2025-02-12,day_2025-02-12,3288.0,3288.0,3286.0,3286.0,1877.0,61699920.0,1914814.0
RB,RB2505.XSGE,2025-02-12 11:06:00,day,2025-02-12,day_2025-02-12,3287.0,3288.0,3286.0,3287.0,2689.0,88383280.0,1914569.0
RB,RB2505.XSGE,2025-02-12 11:07:00,day,2025-02-12,day_2025-02-12,3287.0,3290.0,3287.0,3288.0,2415.0,79411840.0,1915062.0
RB,RB2505.XSGE,2025-02-12 11:08:00,day,2025-02-12,day_2025-02-12,3288.0,3291.0,3288.0,3291.0,3190.0,104952810.0,1915821.0
RB,RB2505.XSGE,2025-02-12 11:09:00,day,2025-02-12,day_2025-02-12,3291.0,3292.0,3291.0,3292.0,2522.0,83014760.0,1916355.0
RB,RB2505.XSGE,2025-02-12 11:10:00,day,2025-02-12,day_2025-02-12,3292.0,3293.0,3291.0,3292.0,4797.0,157925350.0,1914279.0
RB,RB2505.XSGE,2025-02-12 11:11:00,day,2025-02-12,day_2025-02-12,3292.0,3292.0,3290.0,3290.0,1612.0,53058670.0,1914247.0
RB,RB2505.XSGE,2025-02-12 11:12:00,day,2025-02-12,day_2025-02-12,3290.0,3290.0,3286.0,3287.0,4426.0,145523830.0,1914283.0
RB,RB2505.XSGE,2025-02-12 11:13:00,day,2025-02-12,day_2025-02-12,3287.0,3289.0,3287.0,3288.0,2054.0,67538300.0,1914768.0
RB,RB2505.XSGE,2025-02-12 11:14:00,day,2025-02-12,day_2025-02-12,3288.0,3289.0,3288.0,3289.0,788.0,25914280.0,1914900.0
RB,RB2505.XSGE,2025-02-12 11:15:00,day,2025-02-12,day_2025-02-12,3289.0,3289.0,3287.0,3289.0,1440.0,47347140.0,1914970.0
RB,RB2505.XSGE,2025-02-12 11:16:00,day,2025-02-12,day_2025-02-12,3289.0,3289.0,3286.0,3286.0,2350.0,77258480.0,1914614.0
RB,RB2505.XSGE,2025-02-12 11:17:00,day,2025-02-12,day_2025-02-12,3287.0,3288.0,3286.0,3287.0,1832.0,60208450.0,1914325.0
RB,RB2505.XSGE,2025-02-12 11:18:00,day,2025-02-12,day_2025-02-12,3287.0,3288.0,3286.0,3286.0,3151.0,103565160.0,1913887.0
RB,RB2505.XSGE,2025-02-12 11:19:00,day,2025-02-12,day_2025-02-12,3287.0,3288.0,3286.0,3286.0,1149.0,37766690.0,1914042.0
RB,RB2505.XSGE,2025-02-12 11:20:00,day,2025-02-12,day_2025-02-12,3286.0,3287.0,3285.0,3286.0,4228.0,138923350.0,1913626.0
RB,RB2505.XSGE,2025-02-12 11:21:00,day,2025-02-12,day_2025-02-12,3285.0,3286.0,3285.0,3286.0,1276.0,41922860.0,1913290.0
RB,RB2505.XSGE,2025-02-12 11:22:00,day,2025-02-12,day_2025-02-12,3285.0,3286.0,3283.0,3283.0,2801.0,92006180.0,1913044.0
RB,RB2505.XSGE,2025-02-12 11:23:00,day,2025-02-12,day_2025-02-12,3283.0,3285.0,3283.0,3284.0,4543.0,149181230.0,1912851.0
RB,RB2505.XSGE,2025-02-12 11:24:00,day,2025-02-12,day_2025-02-12,3284.0,3285.0,3283.0,3283.0,2939.0,96511460.0,1912200.0
RB,RB2505.XSGE,2025-02-12 11:25:00,day,2025-02-12,day_2025-02-12,3283.0,3284.0,3283.0,3284.0,1499.0,49220530.0,1912177.0
RB,RB2505.XSGE,2025-02-12 11:26:00,day,2025-02-12,day_2025-02-12,3284.0,3284.0,3283.0,3284.0,821.0,26958170.0,1912116.0
RB,RB2505.XSGE,2025-02-12 11:27:00,day,2025-02-12,day_2025-02-12,3284.0,3284.0,3283.0,3284.0,1010.0,33162420.0,1911946.0
RB,RB2505.XSGE,2025-02-12 11:28:00,day,2025-02-12,day_2025-02-12,3284.0,3284.0,3283.0,3283.0,3126.0,102640940.0,1910946.0
RB,RB2505.XSGE,2025-02-12 11:29:00,day,2025-02-12,day_2025-02-12,3283.0,3283.0,3281.0,3282.0,6281.0,206129230.0,1910074.0
RB,RB2505.XSGE,2025-02-12 11:30:00,day,2025-02-12,day_2025-02-12,3282.0,3283.0,3280.0,3281.0,8231.0,270105760.0,1909464.0
RB,RB2505.XSGE,2025-02-12 13:31:00,day,2025-02-12,day_2025-02-12,3283.0,3285.0,3282.0,3283.0,6569.0,215705710.0,1908039.0
RB,RB2505.XSGE,2025-02-12 13:32:00,day,2025-02-12,day_2025-02-12,3284.0,3285.0,3282.0,3283.0,4149.0,136264550.0,1908064.0
RB,RB2505.XSGE,2025-02-12 13:33:00,day,2025-02-12,day_2025-02-12,3283.0,3283.0,3282.0,3282.0,2448.0,80356070.0,1907651.0
RB,RB2505.XSGE,2025-02-12 13:34:00,day,2025-02-12,day_2025-02-12,3282.0,3283.0,3282.0,3282.0,995.0,32660250.0,1907797.0
RB,RB2505.XSGE,2025-02-12 13:35:00,day,2025-02-12,day_2025-02-12,3283.0,3284.0,3282.0,3284.0,1872.0,61458660.0,1907771.0
RB,RB2505.XSGE,2025-02-12 13:36:00,day,2025-02-12,day_2025-02-12,3284.0,3285.0,3283.0,3284.0,2744.0,90112130.0,1907932.0
RB,RB2505.XSGE,2025-02-12 13:37:00,day,2025-02-12,day_2025-02-12,3284.0,3285.0,3283.0,3285.0,2341.0,76881460.0,1907852.0
RB,RB2505.XSGE,2025-02-12 13:38:00,day,2025-02-12,day_2025-02-12,3285.0,3286.0,3283.0,3283.0,4469.0,146795810.0,1907881.0
RB,RB2505.XSGE,2025-02-12 13:39:00,day,2025-02-12,day_2025-02-12,3284.0,3284.0,3283.0,3284.0,867.0,28466360.0,1908119.0
RB,RB2505.XSGE,2025-02-12 13:40:00,day,2025-02-12,day_2025-02-12,3284.0,3284.0,3282.0,3283.0,2235.0,73368630.0,1908266.0
RB,RB2505.XSGE,2025-02-12 13:41:00,day,2025-02-12,day_2025-02-12,3282.0,3284.0,3282.0,3283.0,1209.0,39688240.0,1908452.0
RB,RB2505.XSGE,2025-02-12 13:42:00,day,2025-02-12,day_2025-02-12,3284.0,3285.0,3283.0,3285.0,2463.0,80896610.0,1908354.0
RB,RB2505.XSGE,2025-02-12 13:43:00,day,2025-02-12,day_2025-02-12,3286.0,3287.0,3285.0,3286.0,4348.0,142873160.0,1907825.0
RB,RB2505.XSGE,2025-02-12 13:44:00,day,2025-02-12,day_2025-02-12,3286.0,3287.0,3285.0,3287.0,1164.0,38248950.0,1907646.0
RB,RB2505.XSGE,2025-02-12 13:45:00,day,2025-02-12,day_2025-02-12,3286.0,3288.0,3286.0,3288.0,2889.0,94965160.0,1906363.0
RB,RB2505.XSGE,2025-02-12 13:46:00,day,2025-02-12,day_2025-02-12,3288.0,3288.0,3286.0,3287.0,3389.0,111406170.0,1905919.0
RB,RB2505.XSGE,2025-02-12 13:47:00,day,2025-02-12,day_2025-02-12,3286.0,3287.0,3285.0,3285.0,1513.0,49714000.0,1905878.0
RB,RB2505.XSGE,2025-02-12 13:48:00,day,2025-02-12,day_2025-02-12,3285.0,3286.0,3284.0,3285.0,1855.0,60937470.0,1905847.0
RB,RB2505.XSGE,2025-02-12 13:49:00,day,2025-02-12,day_2025-02-12,3285.0,3286.0,3284.0,3284.0,1202.0,39484010.0,1905875.0
RB,RB2505.XSGE,2025-02-12 13:50:00,day,2025-02-12,day_2025-02-12,3284.0,3286.0,3284.0,3284.0,1832.0,60175130.0,1906435.0
RB,RB2505.XSGE,2025-02-12 13:51:00,day,2025-02-12,day_2025-02-12,3285.0,3286.0,3284.0,3285.0,720.0,23651670.0,1906558.0
RB,RB2505.XSGE,2025-02-12 13:52:00,day,2025-02-12,day_2025-02-12,3285.0,3286.0,3284.0,3284.0,2089.0,68623680.0,1906138.0
RB,RB2505.XSGE,2025-02-12 13:53:00,day,2025-02-12,day_2025-02-12,3284.0,3285.0,3284.0,3285.0,506.0,16620700.0,1906167.0
RB,RB2505.XSGE,2025-02-12 13:54:00,day,2025-02-12,day_2025-02-12,3284.0,3287.0,3284.0,3286.0,1271.0,41758620.0,1906225.0
RB,RB2505.XSGE,2025-02-12 13:55:00,day,2025-02-12,day_2025-02-12,3286.0,3287.0,3286.0,3287.0,957.0,31454920.0,1906290.0
RB,RB2505.XSGE,2025-02-12 13:56:00,day,2025-02-12,day_2025-02-12,3287.0,3288.0,3285.0,3286.0,2337.0,76808360.0,1906132.0
RB,RB2505.XSGE,2025-02-12 13:57:00,day,2025-02-12,day_2025-02-12,3285.0,3288.0,3285.0,3287.0,3067.0,100794190.0,1905868.0
RB,RB2505.XSGE,2025-02-12 13:58:00,day,2025-02-12,day_2025-02-12,3288.0,3290.0,3287.0,3289.0,5206.0,171208400.0,1905925.0
RB,RB2505.XSGE,2025-02-12 13:59:00,day,2025-02-12,day_2025-02-12,3289.0,3290.0,3288.0,3289.0,1841.0,60550080.0,1906026.0
RB,RB2505.XSGE,2025-02-12 14:00:00,day,2025-02-12,day_2025-02-12,3288.0,3290.0,3288.0,3289.0,3068.0,100906660.0,1905749.0
RB,RB2505.XSGE,2025-02-12 14:01:00,day,2025-02-12,day_2025-02-12,3289.0,3290.0,3288.0,3290.0,3429.0,112798270.0,1906297.0
RB,RB2505.XSGE,2025-02-12 14:02:00,day,2025-02-12,day_2025-02-12,3289.0,3291.0,3289.0,3290.0,4546.0,149582570.0,1906232.0
RB,RB2505.XSGE,2025-02-12 14:03:00,day,2025-02-12,day_2025-02-12,3290.0,3291.0,3289.0,3289.0,3371.0,110909300.0,1905075.0
RB,RB2505.XSGE,2025-02-12 14:04:00,day,2025-02-12,day_2025-02-12,3289.0,3290.0,3288.0,3288.0,1807.0,59431090.0,1904978.0
RB,RB2505.XSGE,2025-02-12 14:05:00,day,2025-02-12,day_2025-02-12,3288.0,3289.0,3287.0,3289.0,1499.0,49288710.0,1904912.0
RB,RB2505.XSGE,2025-02-12 14:06:00,day,2025-02-12,day_2025-02-12,3289.0,3290.0,3288.0,3289.0,1475.0,48515050.0,1904664.0
RB,RB2505.XSGE,2025-02-12 14:07:00,day,2025-02-12,day_2025-02-12,3289.0,3290.0,3288.0,3289.0,1692.0,55653630.0,1904504.0
RB,RB2505.XSGE,2025-02-12 14:08:00,day,2025-02-12,day_2025-02-12,3289.0,3290.0,3289.0,3290.0,898.0,29539990.0,1904573.0
RB,RB2505.XSGE,2025-02-12 14:09:00,day,2025-02-12,day_2025-02-12,3290.0,3290.0,3289.0,3289.0,1404.0,46183270.0,1904592.0
RB,RB2505.XSGE,2025-02-12 14:10:00,day,2025-02-12,day_2025-02-12,3290.0,3290.0,3288.0,3289.0,2243.0,73774310.0,1904271.0
RB,RB2505.XSGE,2025-02-12 14:11:00,day,2025-02-12,day_2025-02-12,3289.0,3290.0,3288.0,3290.0,2500.0,82241960.0,1904231.0
RB,RB2505.XSGE,2025-02-12 14:12:00,day,2025-02-12,day_2025-02-12,3289.0,3290.0,3289.0,3289.0,881.0,28980010.0,1904031.0
RB,RB2505.XSGE,2025-02-12 14:13:00,day,2025-02-12,day_2025-02-12,3289.0,3290.0,3289.0,3289.0,1119.0,36809660.0,1904194.0
RB,RB2505.XSGE,2025-02-12 14:14:00,day,2025-02-12,day_2025-02-12,3289.0,3290.0,3289.0,3290.0,1111.0,36547690.0,1904350.0
RB,RB2505.XSGE,2025-02-12 14:15:00,day,2025-02-12,day_2025-02-12,3290.0,3290.0,3289.0,3289.0,721.0,23717540.0,1904400.0
RB,RB2505.XSGE,2025-02-12 14:16:00,day,2025-02-12,day_2025-02-12,3289.0,3292.0,3289.0,3292.0,3717.0,122319580.0,1904205.0
RB,RB2505.XSGE,2025-02-12 14:17:00,day,2025-02-12,day_2025-02-12,3292.0,3292.0,3290.0,3290.0,2970.0,97752190.0,1904814.0
RB,RB2505.XSGE,2025-02-12 14:18:00,day,2025-02-12,day_2025-02-12,3290.0,3291.0,3289.0,3289.0,3409.0,112147380.0,1905658.0
RB,RB2505.XSGE,2025-02-12 14:19:00,day,2025-02-12,day_2025-02-12,3289.0,3290.0,3288.0,3289.0,2279.0,74958920.0,1905031.0
RB,RB2505.XSGE,2025-02-12 14:20:00,day,2025-02-12,day_2025-02-12,3290.0,3292.0,3289.0,3290.0,2169.0,71370710.0,1904426.0
RB,RB2505.XSGE,2025-02-12 14:21:00,day,2025-02-12,day_2025-02-12,3290.0,3291.0,3289.0,3291.0,1188.0,39089750.0,1904390.0
RB,RB2505.XSGE,2025-02-12 14:22:00,day,2025-02-12,day_2025-02-12,3290.0,3291.0,3289.0,3290.0,1334.0,43891870.0,1904391.0
RB,RB2505.XSGE,2025-02-12 14:23:00,day,2025-02-12,day_2025-02-12,3290.0,3290.0,3288.0,3288.0,1909.0,62782570.0,1904614.0
RB,RB2505.XSGE,2025-02-12 14:24:00,day,2025-02-12,day_2025-02-12,3288.0,3289.0,3287.0,3287.0,3660.0,120336210.0,1904155.0
RB,RB2505.XSGE,2025-02-12 14:25:00,day,2025-02-12,day_2025-02-12,3288.0,3290.0,3287.0,3289.0,3256.0,107073170.0,1904006.0
RB,RB2505.XSGE,2025-02-12 14:26:00,day,2025-02-12,day_2025-02-12,3290.0,3291.0,3289.0,3291.0,1716.0,56457620.0,1903595.0
RB,RB2505.XSGE,2025-02-12 14:27:00,day,2025-02-12,day_2025-02-12,3290.0,3291.0,3289.0,3290.0,1572.0,51724710.0,1903405.0
RB,RB2505.XSGE,2025-02-12 14:28:00,day,2025-02-12,day_2025-02-12,3290.0,3290.0,3289.0,3289.0,950.0,31246390.0,1902978.0
RB,RB2505.XSGE,2025-02-12 14:29:00,day,2025-02-12,day_2025-02-12,3289.0,3289.0,3288.0,3288.0,955.0,31407020.0,1902669.0
RB,RB2505.XSGE,2025-02-12 14:30:00,day,2025-02-12,day_2025-02-12,3288.0,3289.0,3286.0,3286.0,3513.0,115476950.0,1902569.0
RB,RB2505.XSGE,2025-02-12 14:31:00,day,2025-02-12,day_2025-02-12,3286.0,3288.0,3286.0,3287.0,2387.0,78453720.0,1902532.0
RB,RB2505.XSGE,2025-02-12 14:32:00,day,2025-02-12,day_2025-02-12,3288.0,3288.0,3285.0,3285.0,4434.0,145707540.0,1903026.0
RB,RB2505.XSGE,2025-02-12 14:33:00,day,2025-02-12,day_2025-02-12,3285.0,3287.0,3284.0,3285.0,4330.0,142249540.0,1901985.0
RB,RB2505.XSGE,2025-02-12 14:34:00,day,2025-02-12,day_2025-02-12,3284.0,3286.0,3284.0,3286.0,3344.0,109858880.0,1900713.0
RB,RB2505.XSGE,2025-02-12 14:35:00,day,2025-02-12,day_2025-02-12,3285.0,3286.0,3285.0,3285.0,932.0,30619670.0,1900720.0
RB,RB2505.XSGE,2025-02-12 14:36:00,day,2025-02-12,day_2025-02-12,3286.0,3287.0,3285.0,3287.0,1151.0,37819160.0,1900587.0
RB,RB2505.XSGE,2025-02-12 14:37:00,day,2025-02-12,day_2025-02-12,3287.0,3290.0,3286.0,3289.0,3405.0,111957570.0,1900499.0
RB,RB2505.XSGE,2025-02-12 14:38:00,day,2025-02-12,day_2025-02-12,3289.0,3290.0,3289.0,3290.0,1084.0,35660840.0,1900164.0
RB,RB2505.XSGE,2025-02-12 14:39:00,day,2025-02-12,day_2025-02-12,3289.0,3291.0,3289.0,3291.0,4833.0,159016000.0,1900106.0
RB,RB2505.XSGE,2025-02-12 14:40:00,day,2025-02-12,day_2025-02-12,3291.0,3292.0,3290.0,3292.0,3668.0,120720840.0,1900626.0
RB,RB2505.XSGE,2025-02-12 14:41:00,day,2025-02-12,day_2025-02-12,3291.0,3295.0,3291.0,3293.0,12311.0,405445610.0,1899557.0
RB,RB2505.XSGE,2025-02-12 14:42:00,day,2025-02-12,day_2025-02-12,3293.0,3293.0,3290.0,3291.0,2708.0,89140310.0,1899397.0
RB,RB2505.XSGE,2025-02-12 14:43:00,day,2025-02-12,day_2025-02-12,3291.0,3294.0,3290.0,3292.0,4282.0,140967460.0,1899803.0
RB,RB2505.XSGE,2025-02-12 14:44:00,day,2025-02-12,day_2025-02-12,3293.0,3295.0,3293.0,3293.0,5063.0,166773160.0,1898888.0
RB,RB2505.XSGE,2025-02-12 14:45:00,day,2025-02-12,day_2025-02-12,3293.0,3294.0,3292.0,3294.0,2519.0,82954070.0,1899212.0
RB,RB2505.XSGE,2025-02-12 14:46:00,day,2025-02-12,day_2025-02-12,3293.0,3295.0,3293.0,3294.0,4157.0,136925540.0,1898796.0
RB,RB2505.XSGE,2025-02-12 14:47:00,day,2025-02-12,day_2025-02-12,3293.0,3294.0,3292.0,3293.0,3015.0,99279150.0,1898502.0
RB,RB2505.XSGE,2025-02-12 14:48:00,day,2025-02-12,day_2025-02-12,3292.0,3296.0,3292.0,3295.0,8334.0,274553670.0,1900413.0
RB,RB2505.XSGE,2025-02-12 14:49:00,day,2025-02-12,day_2025-02-12,3296.0,3296.0,3294.0,3294.0,3696.0,121783120.0,1900693.0
RB,RB2505.XSGE,2025-02-12 14:50:00,day,2025-02-12,day_2025-02-12,3295.0,3295.0,3293.0,3294.0,4195.0,138192730.0,1900279.0
RB,RB2505.XSGE,2025-02-12 14:51:00,day,2025-02-12,day_2025-02-12,3295.0,3295.0,3293.0,3293.0,2374.0,78190880.0,1900743.0
RB,RB2505.XSGE,2025-02-12 14:52:00,day,2025-02-12,day_2025-02-12,3293.0,3294.0,3292.0,3292.0,2739.0,90200500.0,1901268.0
RB,RB2505.XSGE,2025-02-12 14:53:00,day,2025-02-12,day_2025-02-12,3292.0,3293.0,3290.0,3292.0,4917.0,161831710.0,1900906.0
RB,RB2505.XSGE,2025-02-12 14:54:00,day,2025-02-12,day_2025-02-12,3292.0,3295.0,3292.0,3294.0,5133.0,169053620.0,1899556.0
RB,RB2505.XSGE,2025-02-12 14:55:00,day,2025-02-12,day_2025-02-12,3294.0,3295.0,3293.0,3294.0,2862.0,94276180.0,1899940.0
RB,RB2505.XSGE,2025-02-12 14:56:00,day,2025-02-12,day_2025-02-12,3294.0,3294.0,3291.0,3292.0,4554.0,149947240.0,1900593.0
RB,RB2505.XSGE,2025-02-12 14:57:00,day,2025-02-12,day_2025-02-12,3292.0,3293.0,3291.0,3293.0,4923.0,162082600.0,1898649.0
RB,RB2505.XSGE,2025-02-12 14:58:00,day,2025-02-12,day_2025-02-12,3293.0,3293.0,3291.0,3292.0,4499.0,148098150.0,1898476.0
RB,RB2505.XSGE,2025-02-12 14:59:00,day,2025-02-12,day_2025-02-12,3293.0,3293.0,3291.0,3292.0,8044.0,264814120.0,1896236.0
RB,RB2505.XSGE,2025-02-12 15:00:00,day,2025-02-12,day_2025-02-12,3293.0,3294.0,3291.0,3292.0,9192.0,302639190.0,1895628.0
RB,RB2505.XSGE,2025-02-12 21:01:00,night,2025-02-12,night_2025-02-12,3292.0,3296.0,3286.0,3291.0,23086.0,759638330.0,1896781.0
RB,RB2505.XSGE,2025-02-12 21:02:00,night,2025-02-12,night_2025-02-12,3290.0,3294.0,3289.0,3294.0,8716.0,286916930.0,1897186.0
RB,RB2505.XSGE,2025-02-12 21:03:00,night,2025-02-12,night_2025-02-12,3294.0,3299.0,3294.0,3296.0,14700.0,484649360.0,1898194.0
RB,RB2505.XSGE,2025-02-12 21:04:00,night,2025-02-12,night_2025-02-12,3296.0,3296.0,3293.0,3296.0,5355.0,176421010.0,1898835.0
RB,RB2505.XSGE,2025-02-12 21:05:00,night,2025-02-12,night_2025-02-12,3296.0,3296.0,3293.0,3294.0,3503.0,115406710.0,1899381.0
RB,RB2505.XSGE,2025-02-12 21:06:00,night,2025-02-12,night_2025-02-12,3295.0,3295.0,3293.0,3293.0,2344.0,77208790.0,1899076.0
RB,RB2505.XSGE,2025-02-12 21:07:00,night,2025-02-12,night_2025-02-12,3294.0,3295.0,3293.0,3294.0,3016.0,99347910.0,1899339.0
RB,RB2505.XSGE,2025-02-12 21:08:00,night,2025-02-12,night_2025-02-12,3294.0,3294.0,3293.0,3293.0,1993.0,65635880.0,1899839.0
RB,RB2505.XSGE,2025-02-12 21:09:00,night,2025-02-12,night_2025-02-12,3294.0,3295.0,3292.0,3294.0,4182.0,137729440.0,1900508.0
RB,RB2505.XSGE,2025-02-12 21:10:00,night,2025-02-12,night_2025-02-12,3294.0,3294.0,3291.0,3292.0,3115.0,102564320.0,1900969.0
RB,RB2505.XSGE,2025-02-12 21:11:00,night,2025-02-12,night_2025-02-12,3292.0,3293.0,3291.0,3292.0,5729.0,188582510.0,1899438.0
RB,RB2505.XSGE,2025-02-12 21:12:00,night,2025-02-12,night_2025-02-12,3292.0,3292.0,3290.0,3291.0,3508.0,115447280.0,1899267.0
RB,RB2505.XSGE,2025-02-12 21:13:00,night,2025-02-12,night_2025-02-12,3290.0,3292.0,3289.0,3292.0,5539.0,182263990.0,1899812.0
RB,RB2505.XSGE,2025-02-12 21:14:00,night,2025-02-12,night_2025-02-12,3292.0,3293.0,3292.0,3293.0,1803.0,59368090.0,1900098.0
RB,RB2505.XSGE,2025-02-12 21:15:00,night,2025-02-12,night_2025-02-12,3292.0,3293.0,3291.0,3292.0,2123.0,69895720.0,1899978.0
RB,RB2505.XSGE,2025-02-12 21:16:00,night,2025-02-12,night_2025-02-12,3292.0,3294.0,3292.0,3293.0,2066.0,68036710.0,1899935.0
RB,RB2505.XSGE,2025-02-12 21:17:00,night,2025-02-12,night_2025-02-12,3293.0,3294.0,3291.0,3292.0,3556.0,117082500.0,1899855.0
RB,RB2505.XSGE,2025-02-12 21:18:00,night,2025-02-12,night_2025-02-12,3291.0,3293.0,3291.0,3292.0,1160.0,38180810.0,1899962.0
RB,RB2505.XSGE,2025-02-12 21:19:00,night,2025-02-12,night_2025-02-12,3291.0,3292.0,3291.0,3291.0,2183.0,71853060.0,1900179.0
RB,RB2505.XSGE,2025-02-12 21:20:00,night,2025-02-12,night_2025-02-12,3291.0,3293.0,3290.0,3292.0,3172.0,104394220.0,1900060.0
RB,RB2505.XSGE,2025-02-12 21:21:00,night,2025-02-12,night_2025-02-12,3292.0,3293.0,3291.0,3293.0,1518.0,49971040.0,1900144.0
RB,RB2505.XSGE,2025-02-12 21:22:00,night,2025-02-12,night_2025-02-12,3291.0,3293.0,3291.0,3292.0,461.0,15178410.0,1900026.0
RB,RB2505.XSGE,2025-02-12 21:23:00,night,2025-02-12,night_2025-02-12,3292.0,3294.0,3292.0,3294.0,3274.0,107828840.0,1901044.0
RB,RB2505.XSGE,2025-02-12 21:24:00,night,2025-02-12,night_2025-02-12,3294.0,3294.0,3293.0,3293.0,1379.0,45421200.0,1901223.0
RB,RB2505.XSGE,2025-02-12 21:25:00,night,2025-02-12,night_2025-02-12,3294.0,3294.0,3292.0,3294.0,3741.0,123194290.0,1900822.0
RB,RB2505.XSGE,2025-02-12 21:26:00,night,2025-02-12,night_2025-02-12,3293.0,3294.0,3293.0,3294.0,754.0,24834660.0,1900962.0
RB,RB2505.XSGE,2025-02-12 21:27:00,night,2025-02-12,night_2025-02-12,3293.0,3294.0,3292.0,3292.0,1039.0,34211500.0,1900952.0
RB,RB2505.XSGE,2025-02-12 21:28:00,night,2025-02-12,night_2025-02-12,3292.0,3293.0,3291.0,3291.0,2236.0,73603340.0,1901536.0
RB,RB2505.XSGE,2025-02-12 21:29:00,night,2025-02-12,night_2025-02-12,3291.0,3292.0,3290.0,3291.0,1993.0,65589130.0,1901031.0
RB,RB2505.XSGE,2025-02-12 21:30:00,night,2025-02-12,night_2025-02-12,3292.0,3292.0,3291.0,3291.0,596.0,19618700.0,1901074.0
RB,RB2505.XSGE,2025-02-12 21:31:00,night,2025-02-12,night_2025-02-12,3292.0,3293.0,3289.0,3289.0,5443.0,179077620.0,1902562.0
RB,RB2505.XSGE,2025-02-12 21:32:00,night,2025-02-12,night_2025-02-12,3290.0,3290.0,3288.0,3288.0,4789.0,157487510.0,1900801.0
RB,RB2505.XSGE,2025-02-12 21:33:00,night,2025-02-12,night_2025-02-12,3288.0,3290.0,3288.0,3289.0,3508.0,115387760.0,1901303.0
RB,RB2505.XSGE,2025-02-12 21:34:00,night,2025-02-12,night_2025-02-12,3290.0,3290.0,3289.0,3289.0,1090.0,35857990.0,1901098.0
RB,RB2505.XSGE,2025-02-12 21:35:00,night,2025-02-12,night_2025-02-12,3290.0,3290.0,3288.0,3288.0,1584.0,52096090.0,1900517.0
RB,RB2505.XSGE,2025-02-12 21:36:00,night,2025-02-12,night_2025-02-12,3289.0,3290.0,3288.0,3288.0,1611.0,52978850.0,1900331.0
RB,RB2505.XSGE,2025-02-12 21:37:00,night,2025-02-12,night_2025-02-12,3289.0,3289.0,3287.0,3287.0,3461.0,113787980.0,1899608.0
RB,RB2505.XSGE,2025-02-12 21:38:00,night,2025-02-12,night_2025-02-12,3287.0,3288.0,3287.0,3287.0,1825.0,59992920.0,1899727.0
RB,RB2505.XSGE,2025-02-12 21:39:00,night,2025-02-12,night_2025-02-12,3287.0,3289.0,3286.0,3288.0,5022.0,165082530.0,1899295.0
RB,RB2505.XSGE,2025-02-12 21:40:00,night,2025-02-12,night_2025-02-12,3288.0,3289.0,3287.0,3288.0,1125.0,36995560.0,1899306.0
RB,RB2505.XSGE,2025-02-12 21:41:00,night,2025-02-12,night_2025-02-12,3289.0,3290.0,3288.0,3289.0,2132.0,70124390.0,1899027.0
RB,RB2505.XSGE,2025-02-12 21:42:00,night,2025-02-12,night_2025-02-12,3289.0,3289.0,3286.0,3287.0,3201.0,105224370.0,1898536.0
RB,RB2505.XSGE,2025-02-12 21:43:00,night,2025-02-12,night_2025-02-12,3287.0,3288.0,3286.0,3287.0,1898.0,62392420.0,1898466.0
RB,RB2505.XSGE,2025-02-12 21:44:00,night,2025-02-12,night_2025-02-12,3287.0,3288.0,3286.0,3286.0,2708.0,89003540.0,1898217.0
RB,RB2505.XSGE,2025-02-12 21:45:00,night,2025-02-12,night_2025-02-12,3287.0,3288.0,3286.0,3288.0,1073.0,35273560.0,1898343.0
RB,RB2505.XSGE,2025-02-12 21:46:00,night,2025-02-12,night_2025-02-12,3287.0,3288.0,3286.0,3287.0,1605.0,52759530.0,1898154.0
RB,RB2505.XSGE,2025-02-12 21:47:00,night,2025-02-12,night_2025-02-12,3287.0,3288.0,3287.0,3288.0,664.0,21828820.0,1897888.0
RB,RB2505.XSGE,2025-02-12 21:48:00,night,2025-02-12,night_2025-02-12,3288.0,3289.0,3287.0,3289.0,1736.0,57083520.0,1897544.0
RB,RB2505.XSGE,2025-02-12 21:49:00,night,2025-02-12,night_2025-02-12,3288.0,3289.0,3288.0,3289.0,653.0,21475090.0,1897293.0
RB,RB2505.XSGE,2025-02-12 21:50:00,night,2025-02-12,night_2025-02-12,3289.0,3289.0,3288.0,3288.0,476.0,15654380.0,1897302.0
RB,RB2505.XSGE,2025-02-12 21:51:00,night,2025-02-12,night_2025-02-12,3288.0,3289.0,3288.0,3288.0,706.0,23217730.0,1897231.0
RB,RB2505.XSGE,2025-02-12 21:52:00,night,2025-02-12,night_2025-02-12,3289.0,3289.0,3287.0,3287.0,1749.0,57501440.0,1897314.0
RB,RB2505.XSGE,2025-02-12 21:53:00,night,2025-02-12,night_2025-02-12,3287.0,3289.0,3287.0,3288.0,938.0,30839090.0,1897229.0
RB,RB2505.XSGE,2025-02-12 21:54:00,night,2025-02-12,night_2025-02-12,3288.0,3289.0,3287.0,3287.0,748.0,24593060.0,1897212.0
RB,RB2505.XSGE,2025-02-12 21:55:00,night,2025-02-12,night_2025-02-12,3287.0,3288.0,3287.0,3288.0,315.0,10355220.0,1897129.0
RB,RB2505.XSGE,2025-02-12 21:56:00,night,2025-02-12,night_2025-02-12,3287.0,3288.0,3287.0,3288.0,706.0,23210990.0,1897302.0
RB,RB2505.XSGE,2025-02-12 21:57:00,night,2025-02-12,night_2025-02-12,3288.0,3288.0,3287.0,3287.0,289.0,9501050.0,1897355.0
RB,RB2505.XSGE,2025-02-12 21:58:00,night,2025-02-12,night_2025-02-12,3288.0,3288.0,3286.0,3287.0,2236.0,73492470.0,1897607.0
RB,RB2505.XSGE,2025-02-12 21:59:00,night,2025-02-12,night_2025-02-12,3286.0,3288.0,3286.0,3286.0,2493.0,81942340.0,1897565.0
RB,RB2505.XSGE,2025-02-12 22:00:00,night,2025-02-12,night_2025-02-12,3287.0,3287.0,3286.0,3286.0,1052.0,34573770.0,1897548.0
RB,RB2505.XSGE,2025-02-12 22:01:00,night,2025-02-12,night_2025-02-12,3287.0,3287.0,3285.0,3286.0,9004.0,295841510.0,1896693.0
RB,RB2505.XSGE,2025-02-12 22:02:00,night,2025-02-12,night_2025-02-12,3286.0,3286.0,3284.0,3285.0,5787.0,190070120.0,1896401.0
RB,RB2505.XSGE,2025-02-12 22:03:00,night,2025-02-12,night_2025-02-12,3285.0,3285.0,3284.0,3284.0,2201.0,72285540.0,1896432.0
RB,RB2505.XSGE,2025-02-12 22:04:00,night,2025-02-12,night_2025-02-12,3285.0,3285.0,3284.0,3285.0,1783.0,58558800.0,1896514.0
RB,RB2505.XSGE,2025-02-12 22:05:00,night,2025-02-12,night_2025-02-12,3285.0,3285.0,3284.0,3284.0,1136.0,37310460.0,1896322.0
RB,RB2505.XSGE,2025-02-12 22:06:00,night,2025-02-12,night_2025-02-12,3284.0,3285.0,3284.0,3284.0,777.0,25519960.0,1896191.0
RB,RB2505.XSGE,2025-02-12 22:07:00,night,2025-02-12,night_2025-02-12,3285.0,3285.0,3284.0,3285.0,1228.0,40333460.0,1895925.0
RB,RB2505.XSGE,2025-02-12 22:08:00,night,2025-02-12,night_2025-02-12,3285.0,3287.0,3285.0,3286.0,3867.0,127058780.0,1896303.0
RB,RB2505.XSGE,2025-02-12 22:09:00,night,2025-02-12,night_2025-02-12,3286.0,3287.0,3285.0,3287.0,1378.0,45292090.0,1895900.0
RB,RB2505.XSGE,2025-02-12 22:10:00,night,2025-02-12,night_2025-02-12,3286.0,3287.0,3285.0,3286.0,1482.0,48696070.0,1895838.0
RB,RB2505.XSGE,2025-02-12 22:11:00,night,2025-02-12,night_2025-02-12,3286.0,3286.0,3283.0,3285.0,3842.0,126169930.0,1895826.0
RB,RB2505.XSGE,2025-02-12 22:12:00,night,2025-02-12,night_2025-02-12,3284.0,3285.0,3284.0,3284.0,1138.0,37375980.0,1895676.0
RB,RB2505.XSGE,2025-02-12 22:13:00,night,2025-02-12,night_2025-02-12,3285.0,3285.0,3284.0,3285.0,897.0,29464470.0,1895633.0
RB,RB2505.XSGE,2025-02-12 22:14:00,night,2025-02-12,night_2025-02-12,3285.0,3286.0,3284.0,3286.0,1676.0,55058220.0,1895657.0
RB,RB2505.XSGE,2025-02-12 22:15:00,night,2025-02-12,night_2025-02-12,3286.0,3287.0,3285.0,3287.0,2044.0,67166760.0,1895474.0
RB,RB2505.XSGE,2025-02-12 22:16:00,night,2025-02-12,night_2025-02-12,3287.0,3288.0,3286.0,3287.0,1377.0,45265920.0,1895137.0
RB,RB2505.XSGE,2025-02-12 22:17:00,night,2025-02-12,night_2025-02-12,3287.0,3289.0,3287.0,3288.0,2783.0,91503200.0,1894553.0
RB,RB2505.XSGE,2025-02-12 22:18:00,night,2025-02-12,night_2025-02-12,3288.0,3289.0,3287.0,3288.0,1317.0,43301030.0,1894364.0
RB,RB2505.XSGE,2025-02-12 22:19:00,night,2025-02-12,night_2025-02-12,3287.0,3288.0,3286.0,3287.0,1384.0,45492170.0,1894532.0
RB,RB2505.XSGE,2025-02-12 22:20:00,night,2025-02-12,night_2025-02-12,3287.0,3288.0,3286.0,3287.0,686.0,22550110.0,1894790.0
RB,RB2505.XSGE,2025-02-12 22:21:00,night,2025-02-12,night_2025-02-12,3287.0,3288.0,3287.0,3288.0,360.0,11835260.0,1894680.0
RB,RB2505.XSGE,2025-02-12 22:22:00,night,2025-02-12,night_2025-02-12,3288.0,3288.0,3287.0,3287.0,1345.0,44222350.0,1895050.0
RB,RB2505.XSGE,2025-02-12 22:23:00,night,2025-02-12,night_2025-02-12,3287.0,3289.0,3287.0,3288.0,1261.0,41460340.0,1895109.0
RB,RB2505.XSGE,2025-02-12 22:24:00,night,2025-02-12,night_2025-02-12,3287.0,3289.0,3287.0,3288.0,904.0,29722010.0,1895132.0
RB,RB2505.XSGE,2025-02-12 22:25:00,night,2025-02-12,night_2025-02-12,3289.0,3289.0,3287.0,3288.0,1044.0,34329650.0,1895043.0
RB,RB2505.XSGE,2025-02-12 22:26:00,night,2025-02-12,night_2025-02-12,3288.0,3289.0,3288.0,3288.0,879.0,28903780.0,1895053.0
RB,RB2505.XSGE,2025-02-12 22:27:00,night,2025-02-12,night_2025-02-12,3288.0,3289.0,3287.0,3289.0,536.0,17624080.0,1895167.0
RB,RB2505.XSGE,2025-02-12 22:28:00,night,2025-02-12,night_2025-02-12,3288.0,3291.0,3288.0,3291.0,5535.0,182098910.0,1894488.0
RB,RB2505.XSGE,2025-02-12 22:29:00,night,2025-02-12,night_2025-02-12,3291.0,3291.0,3287.0,3287.0,3337.0,109763000.0,1894647.0
RB,RB2505.XSGE,2025-02-12 22:30:00,night,2025-02-12,night_2025-02-12,3287.0,3288.0,3286.0,3287.0,2478.0,81450030.0,1894546.0
RB,RB2505.XSGE,2025-02-12 22:31:00,night,2025-02-12,night_2025-02-12,3286.0,3287.0,3285.0,3285.0,1784.0,58622020.0,1894598.0
RB,RB2505.XSGE,2025-02-12 22:32:00,night,2025-02-12,night_2025-02-12,3285.0,3287.0,3285.0,3286.0,2102.0,69063720.0,1894364.0
RB,RB2505.XSGE,2025-02-12 22:33:00,night,2025-02-12,night_2025-02-12,3286.0,3288.0,3286.0,3288.0,767.0,25211390.0,1894106.0
RB,RB2505.XSGE,2025-02-12 22:34:00,night,2025-02-12,night_2025-02-12,3288.0,3289.0,3287.0,3289.0,1254.0,41233250.0,1894108.0
RB,RB2505.XSGE,2025-02-12 22:35:00,night,2025-02-12,night_2025-02-12,3289.0,3290.0,3288.0,3290.0,1609.0,52923290.0,1893811.0
RB,RB2505.XSGE,2025-02-12 22:36:00,night,2025-02-12,night_2025-02-12,3289.0,3290.0,3289.0,3289.0,553.0,18190980.0,1893934.0
RB,RB2505.XSGE,2025-02-12 22:37:00,night,2025-02-12,night_2025-02-12,3290.0,3290.0,3289.0,3290.0,1026.0,33750760.0,1894010.0
RB,RB2505.XSGE,2025-02-12 22:38:00,night,2025-02-12,night_2025-02-12,3289.0,3290.0,3289.0,3290.0,263.0,8651640.0,1894103.0
RB,RB2505.XSGE,2025-02-12 22:39:00,night,2025-02-12,night_2025-02-12,3289.0,3290.0,3289.0,3289.0,327.0,10756270.0,1894009.0
RB,RB2505.XSGE,2025-02-12 22:40:00,night,2025-02-12,night_2025-02-12,3290.0,3290.0,3289.0,3290.0,415.0,13650820.0,1894027.0
RB,RB2505.XSGE,2025-02-12 22:41:00,night,2025-02-12,night_2025-02-12,3290.0,3291.0,3289.0,3289.0,3474.0,114301570.0,1894294.0
RB,RB2505.XSGE,2025-02-12 22:42:00,night,2025-02-12,night_2025-02-12,3289.0,3290.0,3289.0,3290.0,387.0,12731460.0,1894329.0
RB,RB2505.XSGE,2025-02-12 22:43:00,night,2025-02-12,night_2025-02-12,3289.0,3290.0,3288.0,3288.0,862.0,28349390.0,1894470.0
RB,RB2505.XSGE,2025-02-12 22:44:00,night,2025-02-12,night_2025-02-12,3288.0,3289.0,3288.0,3288.0,327.0,10753100.0,1894363.0
RB,RB2505.XSGE,2025-02-12 22:45:00,night,2025-02-12,night_2025-02-12,3289.0,3290.0,3288.0,3289.0,1124.0,36968920.0,1894458.0
RB,RB2505.XSGE,2025-02-12 22:46:00,night,2025-02-12,night_2025-02-12,3288.0,3290.0,3288.0,3289.0,399.0,13123550.0,1894437.0
RB,RB2505.XSGE,2025-02-12 22:47:00,night,2025-02-12,night_2025-02-12,3289.0,3290.0,3288.0,3290.0,320.0,10525650.0,1894350.0
RB,RB2505.XSGE,2025-02-12 22:48:00,night,2025-02-12,night_2025-02-12,3290.0,3290.0,3289.0,3289.0,335.0,11020360.0,1894232.0
RB,RB2505.XSGE,2025-02-12 22:49:00,night,2025-02-12,night_2025-02-12,3290.0,3291.0,3289.0,3290.0,1597.0,52540450.0,1894529.0
RB,RB2505.XSGE,2025-02-12 22:50:00,night,2025-02-12,night_2025-02-12,3290.0,3292.0,3290.0,3292.0,3167.0,104233900.0,1893961.0
RB,RB2505.XSGE,2025-02-12 22:51:00,night,2025-02-12,night_2025-02-12,3292.0,3293.0,3290.0,3290.0,3299.0,108586610.0,1894946.0
RB,RB2505.XSGE,2025-02-12 22:52:00,night,2025-02-12,night_2025-02-12,3291.0,3291.0,3288.0,3289.0,3458.0,113729630.0,1895170.0
RB,RB2505.XSGE,2025-02-12 22:53:00,night,2025-02-12,night_2025-02-12,3288.0,3289.0,3287.0,3288.0,1755.0,57694970.0,1894741.0
RB,RB2505.XSGE,2025-02-12 22:54:00,night,2025-02-12,night_2025-02-12,3288.0,3288.0,3286.0,3287.0,1287.0,42304630.0,1894556.0
RB,RB2505.XSGE,2025-02-12 22:55:00,night,2025-02-12,night_2025-02-12,3286.0,3287.0,3286.0,3286.0,1123.0,36906060.0,1894329.0
RB,RB2505.XSGE,2025-02-12 22:56:00,night,2025-02-12,night_2025-02-12,3287.0,3287.0,3286.0,3286.0,1255.0,41241800.0,1894005.0
RB,RB2505.XSGE,2025-02-12 22:57:00,night,2025-02-12,night_2025-02-12,3287.0,3287.0,3286.0,3287.0,3001.0,98616570.0,1893083.0
RB,RB2505.XSGE,2025-02-12 22:58:00,night,2025-02-12,night_2025-02-12,3286.0,3287.0,3285.0,3286.0,1935.0,63584850.0,1892524.0
RB,RB2505.XSGE,2025-02-12 22:59:00,night,2025-02-12,night_2025-02-12,3286.0,3287.0,3286.0,3286.0,1905.0,62613450.0,1891798.0
RB,RB2505.XSGE,2025-02-12 23:00:00,night,2025-02-12,night_2025-02-12,3286.0,3288.0,3285.0,3286.0,4951.0,162708430.0,1890238.0
RB,RB2505.XSGE,2025-02-13 09:01:00,day,2025-02-13,day_2025-02-13,3289.0,3293.0,3287.0,3293.0,11589.0,381404510.0,1890783.0
RB,RB2505.XSGE,2025-02-13 09:02:00,day,2025-02-13,day_2025-02-13,3293.0,3294.0,3291.0,3293.0,7970.0,262461260.0,1891168.0
RB,RB2505.XSGE,2025-02-13 09:03:00,day,2025-02-13,day_2025-02-13,3293.0,3294.0,3290.0,3292.0,4322.0,142268730.0,1891397.0
RB,RB2505.XSGE,2025-02-13 09:04:00,day,2025-02-13,day_2025-02-13,3292.0,3293.0,3290.0,3291.0,3380.0,111260430.0,1890767.0
RB,RB2505.XSGE,2025-02-13 09:05:00,day,2025-02-13,day_2025-02-13,3292.0,3293.0,3291.0,3292.0,2094.0,68937760.0,1890337.0
RB,RB2505.XSGE,2025-02-13 09:06:00,day,2025-02-13,day_2025-02-13,3292.0,3293.0,3292.0,3293.0,1129.0,37174120.0,1890497.0
RB,RB2505.XSGE,2025-02-13 09:07:00,day,2025-02-13,day_2025-02-13,3292.0,3294.0,3292.0,3293.0,2079.0,68462650.0,1890897.0
RB,RB2505.XSGE,2025-02-13 09:08:00,day,2025-02-13,day_2025-02-13,3294.0,3295.0,3293.0,3294.0,5297.0,174500060.0,1890648.0
RB,RB2505.XSGE,2025-02-13 09:09:00,day,2025-02-13,day_2025-02-13,3295.0,3295.0,3293.0,3293.0,4449.0,146536680.0,1890744.0
RB,RB2505.XSGE,2025-02-13 09:10:00,day,2025-02-13,day_2025-02-13,3293.0,3294.0,3292.0,3292.0,2061.0,67875060.0,1891406.0
RB,RB2505.XSGE,2025-02-13 09:11:00,day,2025-02-13,day_2025-02-13,3292.0,3293.0,3290.0,3291.0,3619.0,119112280.0,1891868.0
RB,RB2505.XSGE,2025-02-13 09:12:00,day,2025-02-13,day_2025-02-13,3291.0,3292.0,3288.0,3290.0,4313.0,141882090.0,1892413.0
RB,RB2505.XSGE,2025-02-13 09:13:00,day,2025-02-13,day_2025-02-13,3289.0,3291.0,3289.0,3291.0,1572.0,51719530.0,1892272.0
RB,RB2505.XSGE,2025-02-13 09:14:00,day,2025-02-13,day_2025-02-13,3290.0,3291.0,3289.0,3289.0,1502.0,49410810.0,1892711.0
RB,RB2505.XSGE,2025-02-13 09:15:00,day,2025-02-13,day_2025-02-13,3289.0,3290.0,3288.0,3290.0,1951.0,64162890.0,1892702.0
RB,RB2505.XSGE,2025-02-13 09:16:00,day,2025-02-13,day_2025-02-13,3289.0,3290.0,3288.0,3288.0,2382.0,78330640.0,1892346.0
RB,RB2505.XSGE,2025-02-13 09:17:00,day,2025-02-13,day_2025-02-13,3289.0,3290.0,3289.0,3290.0,1400.0,46049240.0,1892773.0
RB,RB2505.XSGE,2025-02-13 09:18:00,day,2025-02-13,day_2025-02-13,3290.0,3290.0,3287.0,3287.0,2292.0,75365360.0,1893308.0
RB,RB2505.XSGE,2025-02-13 09:19:00,day,2025-02-13,day_2025-02-13,3287.0,3288.0,3287.0,3287.0,1566.0,51478580.0,1893862.0
RB,RB2505.XSGE,2025-02-13 09:20:00,day,2025-02-13,day_2025-02-13,3287.0,3289.0,3286.0,3288.0,3346.0,110005840.0,1893726.0
RB,RB2505.XSGE,2025-02-13 09:21:00,day,2025-02-13,day_2025-02-13,3289.0,3290.0,3288.0,3290.0,1531.0,50351370.0,1893302.0
RB,RB2505.XSGE,2025-02-13 09:22:00,day,2025-02-13,day_2025-02-13,3290.0,3293.0,3289.0,3291.0,2680.0,88198890.0,1892470.0
RB,RB2505.XSGE,2025-02-13 09:23:00,day,2025-02-13,day_2025-02-13,3292.0,3292.0,3291.0,3292.0,1124.0,36999210.0,1892415.0
RB,RB2505.XSGE,2025-02-13 09:24:00,day,2025-02-13,day_2025-02-13,3291.0,3292.0,3290.0,3290.0,1385.0,45578150.0,1892504.0
RB,RB2505.XSGE,2025-02-13 09:25:00,day,2025-02-13,day_2025-02-13,3290.0,3290.0,3286.0,3288.0,4503.0,148037210.0,1893763.0
RB,RB2505.XSGE,2025-02-13 09:26:00,day,2025-02-13,day_2025-02-13,3288.0,3288.0,3286.0,3286.0,2575.0,84620610.0,1894252.0
RB,RB2505.XSGE,2025-02-13 09:27:00,day,2025-02-13,day_2025-02-13,3286.0,3289.0,3286.0,3287.0,2409.0,79192090.0,1894807.0
RB,RB2505.XSGE,2025-02-13 09:28:00,day,2025-02-13,day_2025-02-13,3288.0,3288.0,3287.0,3288.0,1426.0,46884760.0,1894671.0
RB,RB2505.XSGE,2025-02-13 09:29:00,day,2025-02-13,day_2025-02-13,3289.0,3289.0,3286.0,3287.0,1661.0,54602300.0,1895055.0
RB,RB2505.XSGE,2025-02-13 09:30:00,day,2025-02-13,day_2025-02-13,3287.0,3287.0,3286.0,3286.0,3141.0,103216770.0,1895191.0
RB,RB2505.XSGE,2025-02-13 09:31:00,day,2025-02-13,day_2025-02-13,3285.0,3286.0,3284.0,3285.0,7221.0,237205050.0,1895452.0
RB,RB2505.XSGE,2025-02-13 09:32:00,day,2025-02-13,day_2025-02-13,3285.0,3287.0,3285.0,3285.0,2471.0,81192300.0,1895903.0
RB,RB2505.XSGE,2025-02-13 09:33:00,day,2025-02-13,day_2025-02-13,3286.0,3287.0,3285.0,3287.0,2859.0,93960650.0,1896155.0
RB,RB2505.XSGE,2025-02-13 09:34:00,day,2025-02-13,day_2025-02-13,3287.0,3287.0,3285.0,3285.0,1647.0,54120010.0,1895910.0
RB,RB2505.XSGE,2025-02-13 09:35:00,day,2025-02-13,day_2025-02-13,3285.0,3286.0,3283.0,3283.0,5151.0,169144010.0,1896213.0
RB,RB2505.XSGE,2025-02-13 09:36:00,day,2025-02-13,day_2025-02-13,3283.0,3285.0,3283.0,3283.0,5010.0,164511600.0,1896293.0
RB,RB2505.XSGE,2025-02-13 09:37:00,day,2025-02-13,day_2025-02-13,3283.0,3285.0,3283.0,3283.0,2674.0,87805790.0,1896241.0
RB,RB2505.XSGE,2025-02-13 09:38:00,day,2025-02-13,day_2025-02-13,3284.0,3284.0,3281.0,3281.0,10512.0,344954130.0,1895523.0
RB,RB2505.XSGE,2025-02-13 09:39:00,day,2025-02-13,day_2025-02-13,3281.0,3282.0,3280.0,3281.0,3038.0,99681470.0,1895710.0
RB,RB2505.XSGE,2025-02-13 09:40:00,day,2025-02-13,day_2025-02-13,3281.0,3281.0,3277.0,3278.0,16805.0,551065330.0,1895846.0
RB,RB2505.XSGE,2025-02-13 09:41:00,day,2025-02-13,day_2025-02-13,3278.0,3279.0,3276.0,3279.0,11559.0,378797860.0,1897747.0
RB,RB2505.XSGE,2025-02-13 09:42:00,day,2025-02-13,day_2025-02-13,3278.0,3280.0,3278.0,3280.0,4001.0,131191420.0,1897527.0
RB,RB2505.XSGE,2025-02-13 09:43:00,day,2025-02-13,day_2025-02-13,3279.0,3282.0,3279.0,3282.0,4600.0,150906760.0,1897745.0
RB,RB2505.XSGE,2025-02-13 09:44:00,day,2025-02-13,day_2025-02-13,3282.0,3282.0,3278.0,3279.0,3944.0,129366520.0,1897718.0
RB,RB2505.XSGE,2025-02-13 09:45:00,day,2025-02-13,day_2025-02-13,3279.0,3280.0,3278.0,3279.0,3319.0,108821090.0,1898080.0
RB,RB2505.XSGE,2025-02-13 09:46:00,day,2025-02-13,day_2025-02-13,3279.0,3281.0,3278.0,3280.0,4047.0,132714070.0,1898240.0
RB,RB2505.XSGE,2025-02-13 09:47:00,day,2025-02-13,day_2025-02-13,3280.0,3281.0,3278.0,3279.0,2957.0,96965790.0,1898667.0
RB,RB2505.XSGE,2025-02-13 09:48:00,day,2025-02-13,day_2025-02-13,3278.0,3279.0,3276.0,3277.0,3826.0,125391040.0,1898851.0
RB,RB2505.XSGE,2025-02-13 09:49:00,day,2025-02-13,day_2025-02-13,3276.0,3277.0,3274.0,3276.0,8989.0,294437570.0,1900431.0
RB,RB2505.XSGE,2025-02-13 09:50:00,day,2025-02-13,day_2025-02-13,3276.0,3277.0,3275.0,3276.0,4730.0,154949670.0,1900184.0
RB,RB2505.XSGE,2025-02-13 09:51:00,day,2025-02-13,day_2025-02-13,3276.0,3276.0,3273.0,3274.0,9394.0,307602300.0,1899708.0
RB,RB2505.XSGE,2025-02-13 09:52:00,day,2025-02-13,day_2025-02-13,3274.0,3275.0,3272.0,3274.0,6483.0,212229260.0,1899785.0
RB,RB2505.XSGE,2025-02-13 09:53:00,day,2025-02-13,day_2025-02-13,3275.0,3279.0,3274.0,3279.0,4778.0,156534420.0,1900639.0
RB,RB2505.XSGE,2025-02-13 09:54:00,day,2025-02-13,day_2025-02-13,3279.0,3279.0,3276.0,3277.0,2739.0,89765530.0,1900541.0
RB,RB2505.XSGE,2025-02-13 09:55:00,day,2025-02-13,day_2025-02-13,3278.0,3280.0,3277.0,3278.0,4888.0,160264140.0,1900593.0
RB,RB2505.XSGE,2025-02-13 09:56:00,day,2025-02-13,day_2025-02-13,3277.0,3280.0,3277.0,3280.0,2944.0,96536580.0,1900286.0
RB,RB2505.XSGE,2025-02-13 09:57:00,day,2025-02-13,day_2025-02-13,3280.0,3282.0,3280.0,3281.0,3651.0,119779710.0,1899639.0
RB,RB2505.XSGE,2025-02-13 09:58:00,day,2025-02-13,day_2025-02-13,3281.0,3281.0,3275.0,3275.0,4475.0,146677630.0,1900593.0
RB,RB2505.XSGE,2025-02-13 09:59:00,day,2025-02-13,day_2025-02-13,3275.0,3276.0,3274.0,3275.0,4606.0,150863860.0,1900507.0
RB,RB2505.XSGE,2025-02-13 10:00:00,day,2025-02-13,day_2025-02-13,3276.0,3277.0,3275.0,3276.0,3274.0,107265590.0,1901506.0
RB,RB2505.XSGE,2025-02-13 10:01:00,day,2025-02-13,day_2025-02-13,3277.0,3279.0,3275.0,3279.0,3775.0,123717280.0,1901859.0
RB,RB2505.XSGE,2025-02-13 10:02:00,day,2025-02-13,day_2025-02-13,3278.0,3279.0,3277.0,3279.0,2088.0,68444220.0,1902568.0
RB,RB2505.XSGE,2025-02-13 10:03:00,day,2025-02-13,day_2025-02-13,3278.0,3281.0,3278.0,3281.0,5946.0,195052140.0,1904143.0
RB,RB2505.XSGE,2025-02-13 10:04:00,day,2025-02-13,day_2025-02-13,3281.0,3284.0,3281.0,3283.0,5635.0,184956950.0,1903269.0
RB,RB2505.XSGE,2025-02-13 10:05:00,day,2025-02-13,day_2025-02-13,3283.0,3283.0,3280.0,3281.0,2593.0,85092230.0,1903270.0
RB,RB2505.XSGE,2025-02-13 10:06:00,day,2025-02-13,day_2025-02-13,3281.0,3282.0,3280.0,3281.0,2479.0,81336000.0,1903663.0
RB,RB2505.XSGE,2025-02-13 10:07:00,day,2025-02-13,day_2025-02-13,3281.0,3283.0,3280.0,3283.0,2321.0,76163210.0,1903647.0
RB,RB2505.XSGE,2025-02-13 10:08:00,day,2025-02-13,day_2025-02-13,3283.0,3283.0,3280.0,3280.0,2465.0,80871220.0,1903205.0
RB,RB2505.XSGE,2025-02-13 10:09:00,day,2025-02-13,day_2025-02-13,3279.0,3280.0,3276.0,3276.0,3380.0,110780740.0,1903735.0
RB,RB2505.XSGE,2025-02-13 10:10:00,day,2025-02-13,day_2025-02-13,3276.0,3278.0,3275.0,3277.0,4112.0,134734050.0,1904027.0
RB,RB2505.XSGE,2025-02-13 10:11:00,day,2025-02-13,day_2025-02-13,3277.0,3279.0,3277.0,3278.0,936.0,30683530.0,1904126.0
RB,RB2505.XSGE,2025-02-13 10:12:00,day,2025-02-13,day_2025-02-13,3279.0,3279.0,3277.0,3278.0,1190.0,39007200.0,1904398.0
RB,RB2505.XSGE,2025-02-13 10:13:00,day,2025-02-13,day_2025-02-13,3277.0,3277.0,3275.0,3275.0,5506.0,180362750.0,1906001.0
RB,RB2505.XSGE,2025-02-13 10:14:00,day,2025-02-13,day_2025-02-13,3275.0,3275.0,3273.0,3273.0,8251.0,270184190.0,1909054.0
RB,RB2505.XSGE,2025-02-13 10:15:00,day,2025-02-13,day_2025-02-13,3274.0,3274.0,3271.0,3272.0,10429.0,341268980.0,1910558.0
RB,RB2505.XSGE,2025-02-13 10:31:00,day,2025-02-13,day_2025-02-13,3271.0,3272.0,3269.0,3270.0,13916.0,455102280.0,1910452.0
RB,RB2505.XSGE,2025-02-13 10:32:00,day,2025-02-13,day_2025-02-13,3270.0,3272.0,3268.0,3270.0,7402.0,242085540.0,1909428.0
RB,RB2505.XSGE,2025-02-13 10:33:00,day,2025-02-13,day_2025-02-13,3270.0,3271.0,3268.0,3268.0,7111.0,232487410.0,1910141.0
RB,RB2505.XSGE,2025-02-13 10:34:00,day,2025-02-13,day_2025-02-13,3269.0,3270.0,3266.0,3269.0,6681.0,218331420.0,1910633.0
RB,RB2505.XSGE,2025-02-13 10:35:00,day,2025-02-13,day_2025-02-13,3269.0,3270.0,3268.0,3270.0,3592.0,117425970.0,1910742.0
RB,RB2505.XSGE,2025-02-13 10:36:00,day,2025-02-13,day_2025-02-13,3269.0,3272.0,3269.0,3271.0,3692.0,120760860.0,1910452.0
RB,RB2505.XSGE,2025-02-13 10:37:00,day,2025-02-13,day_2025-02-13,3272.0,3272.0,3270.0,3271.0,1824.0,59667000.0,1910392.0
RB,RB2505.XSGE,2025-02-13 10:38:00,day,2025-02-13,day_2025-02-13,3271.0,3272.0,3270.0,3270.0,1480.0,48408280.0,1910356.0
RB,RB2505.XSGE,2025-02-13 10:39:00,day,2025-02-13,day_2025-02-13,3271.0,3273.0,3270.0,3273.0,2730.0,89333590.0,1910090.0
RB,RB2505.XSGE,2025-02-13 10:40:00,day,2025-02-13,day_2025-02-13,3273.0,3273.0,3271.0,3271.0,1956.0,63996110.0,1909765.0
RB,RB2505.XSGE,2025-02-13 10:41:00,day,2025-02-13,day_2025-02-13,3272.0,3272.0,3270.0,3272.0,1794.0,58681820.0,1910193.0
RB,RB2505.XSGE,2025-02-13 10:42:00,day,2025-02-13,day_2025-02-13,3272.0,3272.0,3271.0,3271.0,910.0,29770810.0,1909980.0
RB,RB2505.XSGE,2025-02-13 10:43:00,day,2025-02-13,day_2025-02-13,3271.0,3274.0,3271.0,3273.0,2773.0,90756960.0,1910054.0
RB,RB2505.XSGE,2025-02-13 10:44:00,day,2025-02-13,day_2025-02-13,3274.0,3276.0,3273.0,3274.0,5240.0,171614770.0,1910467.0
RB,RB2505.XSGE,2025-02-13 10:45:00,day,2025-02-13,day_2025-02-13,3275.0,3276.0,3272.0,3274.0,2756.0,90225610.0,1910203.0
RB,RB2505.XSGE,2025-02-13 10:46:00,day,2025-02-13,day_2025-02-13,3273.0,3274.0,3271.0,3271.0,2507.0,82033160.0,1909974.0
RB,RB2505.XSGE,2025-02-13 10:47:00,day,2025-02-13,day_2025-02-13,3271.0,3272.0,3270.0,3271.0,4082.0,133526240.0,1908894.0
RB,RB2505.XSGE,2025-02-13 10:48:00,day,2025-02-13,day_2025-02-13,3272.0,3274.0,3271.0,3273.0,1947.0,63707000.0,1909126.0
RB,RB2505.XSGE,2025-02-13 10:49:00,day,2025-02-13,day_2025-02-13,3273.0,3276.0,3273.0,3276.0,2348.0,76891840.0,1909162.0
RB,RB2505.XSGE,2025-02-13 10:50:00,day,2025-02-13,day_2025-02-13,3276.0,3278.0,3275.0,3275.0,6038.0,197830770.0,1908862.0
RB,RB2505.XSGE,2025-02-13 10:51:00,day,2025-02-13,day_2025-02-13,3276.0,3281.0,3275.0,3280.0,9589.0,314371970.0,1907263.0
RB,RB2505.XSGE,2025-02-13 10:52:00,day,2025-02-13,day_2025-02-13,3280.0,3282.0,3278.0,3281.0,8643.0,283498760.0,1907671.0
RB,RB2505.XSGE,2025-02-13 10:53:00,day,2025-02-13,day_2025-02-13,3281.0,3282.0,3279.0,3281.0,4743.0,155607700.0,1907872.0
RB,RB2505.XSGE,2025-02-13 10:54:00,day,2025-02-13,day_2025-02-13,3280.0,3281.0,3279.0,3279.0,3951.0,129588940.0,1907838.0
RB,RB2505.XSGE,2025-02-13 10:55:00,day,2025-02-13,day_2025-02-13,3279.0,3279.0,3277.0,3277.0,2006.0,65760840.0,1907778.0
RB,RB2505.XSGE,2025-02-13 10:56:00,day,2025-02-13,day_2025-02-13,3278.0,3279.0,3277.0,3278.0,2330.0,76382030.0,1908024.0
RB,RB2505.XSGE,2025-02-13 10:57:00,day,2025-02-13,day_2025-02-13,3278.0,3285.0,3278.0,3285.0,11381.0,373608790.0,1908177.0
RB,RB2505.XSGE,2025-02-13 10:58:00,day,2025-02-13,day_2025-02-13,3285.0,3285.0,3282.0,3283.0,5233.0,171810840.0,1907581.0
RB,RB2505.XSGE,2025-02-13 10:59:00,day,2025-02-13,day_2025-02-13,3283.0,3284.0,3281.0,3281.0,2887.0,94774990.0,1907548.0
RB,RB2505.XSGE,2025-02-13 11:00:00,day,2025-02-13,day_2025-02-13,3282.0,3284.0,3282.0,3282.0,3732.0,122510670.0,1907171.0
RB,RB2505.XSGE,2025-02-13 11:01:00,day,2025-02-13,day_2025-02-13,3283.0,3283.0,3279.0,3279.0,3594.0,117917910.0,1906679.0
RB,RB2505.XSGE,2025-02-13 11:02:00,day,2025-02-13,day_2025-02-13,3280.0,3280.0,3278.0,3279.0,2614.0,85716390.0,1906451.0
RB,RB2505.XSGE,2025-02-13 11:03:00,day,2025-02-13,day_2025-02-13,3278.0,3280.0,3274.0,3275.0,6363.0,208512790.0,1907725.0
RB,RB2505.XSGE,2025-02-13 11:04:00,day,2025-02-13,day_2025-02-13,3274.0,3277.0,3274.0,3277.0,2299.0,75310050.0,1907770.0
RB,RB2505.XSGE,2025-02-13 11:05:00,day,2025-02-13,day_2025-02-13,3277.0,3277.0,3275.0,3275.0,2147.0,70335660.0,1907810.0
RB,RB2505.XSGE,2025-02-13 11:06:00,day,2025-02-13,day_2025-02-13,3275.0,3276.0,3274.0,3275.0,2739.0,89700440.0,1907725.0
RB,RB2505.XSGE,2025-02-13 11:07:00,day,2025-02-13,day_2025-02-13,3276.0,3278.0,3275.0,3277.0,1680.0,55040950.0,1907979.0
RB,RB2505.XSGE,2025-02-13 11:08:00,day,2025-02-13,day_2025-02-13,3277.0,3278.0,3275.0,3277.0,1416.0,46396480.0,1908094.0
RB,RB2505.XSGE,2025-02-13 11:09:00,day,2025-02-13,day_2025-02-13,3277.0,3278.0,3276.0,3277.0,958.0,31393350.0,1908350.0
RB,RB2505.XSGE,2025-02-13 11:10:00,day,2025-02-13,day_2025-02-13,3276.0,3278.0,3276.0,3278.0,911.0,29852310.0,1908590.0
RB,RB2505.XSGE,2025-02-13 11:11:00,day,2025-02-13,day_2025-02-13,3278.0,3279.0,3277.0,3277.0,2343.0,76804730.0,1908598.0
RB,RB2505.XSGE,2025-02-13 11:12:00,day,2025-02-13,day_2025-02-13,3278.0,3279.0,3277.0,3278.0,977.0,32024020.0,1908638.0
RB,RB2505.XSGE,2025-02-13 11:13:00,day,2025-02-13,day_2025-02-13,3278.0,3279.0,3278.0,3279.0,948.0,31083300.0,1908492.0
RB,RB2505.XSGE,2025-02-13 11:14:00,day,2025-02-13,day_2025-02-13,3278.0,3281.0,3276.0,3281.0,4737.0,155310150.0,1907802.0
RB,RB2505.XSGE,2025-02-13 11:15:00,day,2025-02-13,day_2025-02-13,3281.0,3281.0,3279.0,3280.0,3017.0,98958200.0,1907040.0
RB,RB2505.XSGE,2025-02-13 11:16:00,day,2025-02-13,day_2025-02-13,3281.0,3282.0,3279.0,3282.0,2990.0,98090020.0,1906537.0
RB,RB2505.XSGE,2025-02-13 11:17:00,day,2025-02-13,day_2025-02-13,3282.0,3282.0,3280.0,3280.0,2435.0,79898340.0,1906515.0
RB,RB2505.XSGE,2025-02-13 11:18:00,day,2025-02-13,day_2025-02-13,3280.0,3283.0,3280.0,3282.0,2569.0,84304120.0,1906411.0
RB,RB2505.XSGE,2025-02-13 11:19:00,day,2025-02-13,day_2025-02-13,3283.0,3283.0,3281.0,3282.0,2022.0,66361660.0,1906414.0
RB,RB2505.XSGE,2025-02-13 11:20:00,day,2025-02-13,day_2025-02-13,3283.0,3285.0,3282.0,3283.0,7995.0,262538930.0,1905784.0
RB,RB2505.XSGE,2025-02-13 11:21:00,day,2025-02-13,day_2025-02-13,3283.0,3285.0,3282.0,3284.0,4505.0,147920810.0,1906163.0
RB,RB2505.XSGE,2025-02-13 11:22:00,day,2025-02-13,day_2025-02-13,3284.0,3287.0,3283.0,3287.0,11268.0,370216100.0,1904855.0
RB,RB2505.XSGE,2025-02-13 11:23:00,day,2025-02-13,day_2025-02-13,3286.0,3288.0,3284.0,3285.0,8741.0,287308300.0,1903667.0
RB,RB2505.XSGE,2025-02-13 11:24:00,day,2025-02-13,day_2025-02-13,3284.0,3285.0,3282.0,3283.0,5521.0,181274980.0,1902959.0
RB,RB2505.XSGE,2025-02-13 11:25:00,day,2025-02-13,day_2025-02-13,3284.0,3284.0,3283.0,3283.0,3285.0,107857360.0,1902662.0
RB,RB2505.XSGE,2025-02-13 11:26:00,day,2025-02-13,day_2025-02-13,3283.0,3284.0,3283.0,3283.0,2210.0,72567730.0,1901872.0
RB,RB2505.XSGE,2025-02-13 11:27:00,day,2025-02-13,day_2025-02-13,3283.0,3284.0,3278.0,3278.0,8114.0,266147740.0,1900765.0
RB,RB2505.XSGE,2025-02-13 11:28:00,day,2025-02-13,day_2025-02-13,3278.0,3280.0,3276.0,3279.0,5533.0,181364800.0,1900803.0
RB,RB2505.XSGE,2025-02-13 11:29:00,day,2025-02-13,day_2025-02-13,3279.0,3280.0,3279.0,3279.0,3123.0,102415490.0,1900281.0
RB,RB2505.XSGE,2025-02-13 11:30:00,day,2025-02-13,day_2025-02-13,3279.0,3279.0,3276.0,3278.0,7392.0,242262170.0,1899045.0
RB,RB2505.XSGE,2025-02-13 13:31:00,day,2025-02-13,day_2025-02-13,3278.0,3280.0,3276.0,3277.0,10690.0,350353880.0,1898778.0
RB,RB2505.XSGE,2025-02-13 13:32:00,day,2025-02-13,day_2025-02-13,3276.0,3278.0,3276.0,3277.0,4235.0,138786370.0,1899934.0
RB,RB2505.XSGE,2025-02-13 13:33:00,day,2025-02-13,day_2025-02-13,3277.0,3279.0,3276.0,3279.0,2273.0,74490510.0,1899444.0
RB,RB2505.XSGE,2025-02-13 13:34:00,day,2025-02-13,day_2025-02-13,3278.0,3281.0,3277.0,3281.0,2876.0,94296420.0,1899560.0
RB,RB2505.XSGE,2025-02-13 13:35:00,day,2025-02-13,day_2025-02-13,3281.0,3281.0,3279.0,3281.0,2547.0,83546670.0,1899241.0
RB,RB2505.XSGE,2025-02-13 13:36:00,day,2025-02-13,day_2025-02-13,3281.0,3281.0,3280.0,3281.0,1656.0,54330810.0,1898584.0
RB,RB2505.XSGE,2025-02-13 13:37:00,day,2025-02-13,day_2025-02-13,3281.0,3283.0,3280.0,3282.0,3084.0,101220400.0,1898358.0
RB,RB2505.XSGE,2025-02-13 13:38:00,day,2025-02-13,day_2025-02-13,3283.0,3283.0,3282.0,3282.0,1508.0,49502720.0,1898449.0
RB,RB2505.XSGE,2025-02-13 13:39:00,day,2025-02-13,day_2025-02-13,3282.0,3284.0,3282.0,3283.0,2520.0,82736900.0,1898960.0
RB,RB2505.XSGE,2025-02-13 13:40:00,day,2025-02-13,day_2025-02-13,3284.0,3284.0,3279.0,3283.0,3644.0,119572080.0,1899675.0
RB,RB2505.XSGE,2025-02-13 13:41:00,day,2025-02-13,day_2025-02-13,3283.0,3284.0,3282.0,3284.0,1416.0,46491280.0,1899807.0
RB,RB2505.XSGE,2025-02-13 13:42:00,day,2025-02-13,day_2025-02-13,3284.0,3284.0,3282.0,3283.0,3181.0,104434980.0,1899343.0
RB,RB2505.XSGE,2025-02-13 13:43:00,day,2025-02-13,day_2025-02-13,3282.0,3283.0,3281.0,3281.0,2216.0,72729780.0,1899313.0
RB,RB2505.XSGE,2025-02-13 13:44:00,day,2025-02-13,day_2025-02-13,3282.0,3282.0,3278.0,3279.0,3619.0,118696300.0,1899676.0
RB,RB2505.XSGE,2025-02-13 13:45:00,day,2025-02-13,day_2025-02-13,3279.0,3279.0,3276.0,3279.0,4600.0,150752030.0,1899172.0
RB,RB2505.XSGE,2025-02-13 13:46:00,day,2025-02-13,day_2025-02-13,3279.0,3279.0,3277.0,3277.0,2133.0,69914340.0,1898878.0
RB,RB2505.XSGE,2025-02-13 13:47:00,day,2025-02-13,day_2025-02-13,3278.0,3278.0,3276.0,3278.0,4851.0,158964070.0,1898841.0
RB,RB2505.XSGE,2025-02-13 13:48:00,day,2025-02-13,day_2025-02-13,3277.0,3279.0,3277.0,3278.0,2939.0,96322260.0,1899258.0
RB,RB2505.XSGE,2025-02-13 13:49:00,day,2025-02-13,day_2025-02-13,3278.0,3279.0,3277.0,3279.0,1600.0,52451410.0,1899084.0
RB,RB2505.XSGE,2025-02-13 13:50:00,day,2025-02-13,day_2025-02-13,3278.0,3279.0,3276.0,3276.0,3849.0,126126230.0,1899585.0
RB,RB2505.XSGE,2025-02-13 13:51:00,day,2025-02-13,day_2025-02-13,3276.0,3278.0,3276.0,3276.0,3044.0,99748660.0,1899524.0
RB,RB2505.XSGE,2025-02-13 13:52:00,day,2025-02-13,day_2025-02-13,3277.0,3277.0,3275.0,3276.0,6453.0,211386640.0,1900010.0
RB,RB2505.XSGE,2025-02-13 13:53:00,day,2025-02-13,day_2025-02-13,3276.0,3277.0,3272.0,3274.0,10369.0,339467110.0,1902106.0
RB,RB2505.XSGE,2025-02-13 13:54:00,day,2025-02-13,day_2025-02-13,3273.0,3274.0,3271.0,3272.0,6428.0,210354190.0,1901139.0
RB,RB2505.XSGE,2025-02-13 13:55:00,day,2025-02-13,day_2025-02-13,3272.0,3273.0,3270.0,3271.0,11147.0,364605030.0,1899861.0
RB,RB2505.XSGE,2025-02-13 13:56:00,day,2025-02-13,day_2025-02-13,3270.0,3274.0,3270.0,3272.0,3666.0,119959930.0,1899720.0
RB,RB2505.XSGE,2025-02-13 13:57:00,day,2025-02-13,day_2025-02-13,3273.0,3274.0,3272.0,3273.0,2572.0,84167300.0,1899679.0
RB,RB2505.XSGE,2025-02-13 13:58:00,day,2025-02-13,day_2025-02-13,3273.0,3274.0,3272.0,3274.0,1593.0,52144680.0,1899767.0
RB,RB2505.XSGE,2025-02-13 13:59:00,day,2025-02-13,day_2025-02-13,3273.0,3274.0,3270.0,3272.0,3932.0,128652620.0,1900603.0
RB,RB2505.XSGE,2025-02-13 14:00:00,day,2025-02-13,day_2025-02-13,3272.0,3272.0,3271.0,3271.0,1847.0,60424570.0,1901038.0
RB,RB2505.XSGE,2025-02-13 14:01:00,day,2025-02-13,day_2025-02-13,3271.0,3272.0,3270.0,3272.0,3643.0,119166590.0,1900667.0
RB,RB2505.XSGE,2025-02-13 14:02:00,day,2025-02-13,day_2025-02-13,3271.0,3272.0,3268.0,3269.0,9849.0,322045090.0,1903748.0
RB,RB2505.XSGE,2025-02-13 14:03:00,day,2025-02-13,day_2025-02-13,3269.0,3272.0,3268.0,3272.0,6398.0,209246130.0,1904142.0
RB,RB2505.XSGE,2025-02-13 14:04:00,day,2025-02-13,day_2025-02-13,3271.0,3272.0,3270.0,3272.0,2532.0,82818560.0,1903511.0
RB,RB2505.XSGE,2025-02-13 14:05:00,day,2025-02-13,day_2025-02-13,3272.0,3272.0,3268.0,3270.0,5798.0,189552000.0,1905513.0
RB,RB2505.XSGE,2025-02-13 14:06:00,day,2025-02-13,day_2025-02-13,3269.0,3272.0,3268.0,3272.0,4114.0,134527140.0,1905577.0
RB,RB2505.XSGE,2025-02-13 14:07:00,day,2025-02-13,day_2025-02-13,3272.0,3272.0,3270.0,3271.0,1225.0,40070320.0,1905328.0
RB,RB2505.XSGE,2025-02-13 14:08:00,day,2025-02-13,day_2025-02-13,3271.0,3272.0,3270.0,3271.0,3519.0,115106340.0,1903901.0
RB,RB2505.XSGE,2025-02-13 14:09:00,day,2025-02-13,day_2025-02-13,3271.0,3272.0,3270.0,3272.0,1487.0,48645550.0,1903353.0
RB,RB2505.XSGE,2025-02-13 14:10:00,day,2025-02-13,day_2025-02-13,3272.0,3273.0,3271.0,3273.0,2590.0,84759580.0,1903320.0
RB,RB2505.XSGE,2025-02-13 14:11:00,day,2025-02-13,day_2025-02-13,3273.0,3274.0,3272.0,3273.0,2027.0,66347540.0,1903016.0
RB,RB2505.XSGE,2025-02-13 14:12:00,day,2025-02-13,day_2025-02-13,3273.0,3275.0,3273.0,3274.0,2406.0,78770160.0,1902829.0
RB,RB2505.XSGE,2025-02-13 14:13:00,day,2025-02-13,day_2025-02-13,3274.0,3275.0,3273.0,3274.0,2784.0,91153690.0,1902537.0
RB,RB2505.XSGE,2025-02-13 14:14:00,day,2025-02-13,day_2025-02-13,3275.0,3275.0,3273.0,3273.0,1114.0,36467990.0,1902454.0
RB,RB2505.XSGE,2025-02-13 14:15:00,day,2025-02-13,day_2025-02-13,3273.0,3275.0,3273.0,3274.0,1461.0,47830630.0,1902822.0
RB,RB2505.XSGE,2025-02-13 14:16:00,day,2025-02-13,day_2025-02-13,3274.0,3277.0,3274.0,3276.0,5903.0,193358960.0,1901239.0
RB,RB2505.XSGE,2025-02-13 14:17:00,day,2025-02-13,day_2025-02-13,3276.0,3277.0,3274.0,3275.0,2549.0,83487720.0,1901042.0
RB,RB2505.XSGE,2025-02-13 14:18:00,day,2025-02-13,day_2025-02-13,3274.0,3274.0,3273.0,3274.0,2449.0,80168000.0,1900499.0
RB,RB2505.XSGE,2025-02-13 14:19:00,day,2025-02-13,day_2025-02-13,3274.0,3274.0,3273.0,3273.0,996.0,32602840.0,1900658.0
RB,RB2505.XSGE,2025-02-13 14:20:00,day,2025-02-13,day_2025-02-13,3273.0,3274.0,3270.0,3270.0,3202.0,104760840.0,1901320.0
RB,RB2505.XSGE,2025-02-13 14:21:00,day,2025-02-13,day_2025-02-13,3271.0,3272.0,3270.0,3272.0,2345.0,76703860.0,1900832.0
RB,RB2505.XSGE,2025-02-13 14:22:00,day,2025-02-13,day_2025-02-13,3271.0,3272.0,3271.0,3272.0,896.0,29313320.0,1900947.0
RB,RB2505.XSGE,2025-02-13 14:23:00,day,2025-02-13,day_2025-02-13,3271.0,3273.0,3271.0,3271.0,1440.0,47112070.0,1901105.0
RB,RB2505.XSGE,2025-02-13 14:24:00,day,2025-02-13,day_2025-02-13,3271.0,3272.0,3270.0,3270.0,1326.0,43372310.0,1901220.0
RB,RB2505.XSGE,2025-02-13 14:25:00,day,2025-02-13,day_2025-02-13,3271.0,3272.0,3270.0,3271.0,1203.0,39351640.0,1901095.0
RB,RB2505.XSGE,2025-02-13 14:26:00,day,2025-02-13,day_2025-02-13,3271.0,3272.0,3270.0,3271.0,1825.0,59697940.0,1900413.0
RB,RB2505.XSGE,2025-02-13 14:27:00,day,2025-02-13,day_2025-02-13,3270.0,3271.0,3270.0,3270.0,1216.0,39766750.0,1900354.0
RB,RB2505.XSGE,2025-02-13 14:28:00,day,2025-02-13,day_2025-02-13,3270.0,3271.0,3269.0,3270.0,5500.0,179837500.0,1902236.0
RB,RB2505.XSGE,2025-02-13 14:29:00,day,2025-02-13,day_2025-02-13,3270.0,3272.0,3270.0,3271.0,1126.0,36835380.0,1902294.0
RB,RB2505.XSGE,2025-02-13 14:30:00,day,2025-02-13,day_2025-02-13,3271.0,3272.0,3270.0,3270.0,1376.0,45006060.0,1902313.0
RB,RB2505.XSGE,2025-02-13 14:31:00,day,2025-02-13,day_2025-02-13,3270.0,3271.0,3268.0,3268.0,4512.0,147504220.0,1902836.0
RB,RB2505.XSGE,2025-02-13 14:32:00,day,2025-02-13,day_2025-02-13,3269.0,3270.0,3268.0,3269.0,4615.0,150850220.0,1903494.0
RB,RB2505.XSGE,2025-02-13 14:33:00,day,2025-02-13,day_2025-02-13,3269.0,3269.0,3268.0,3269.0,2484.0,81186120.0,1903516.0
RB,RB2505.XSGE,2025-02-13 14:34:00,day,2025-02-13,day_2025-02-13,3269.0,3269.0,3265.0,3266.0,14777.0,482637790.0,1903563.0
RB,RB2505.XSGE,2025-02-13 14:35:00,day,2025-02-13,day_2025-02-13,3265.0,3268.0,3265.0,3268.0,10763.0,351527250.0,1902174.0
RB,RB2505.XSGE,2025-02-13 14:36:00,day,2025-02-13,day_2025-02-13,3269.0,3269.0,3264.0,3265.0,7453.0,243442970.0,1902735.0
RB,RB2505.XSGE,2025-02-13 14:37:00,day,2025-02-13,day_2025-02-13,3264.0,3267.0,3264.0,3266.0,4998.0,163185830.0,1902907.0
RB,RB2505.XSGE,2025-02-13 14:38:00,day,2025-02-13,day_2025-02-13,3265.0,3265.0,3264.0,3265.0,4057.0,132438070.0,1904072.0
RB,RB2505.XSGE,2025-02-13 14:39:00,day,2025-02-13,day_2025-02-13,3265.0,3265.0,3260.0,3263.0,26655.0,869381590.0,1901049.0
RB,RB2505.XSGE,2025-02-13 14:40:00,day,2025-02-13,day_2025-02-13,3263.0,3264.0,3260.0,3261.0,11716.0,382151910.0,1900633.0
RB,RB2505.XSGE,2025-02-13 14:41:00,day,2025-02-13,day_2025-02-13,3261.0,3262.0,3258.0,3261.0,16286.0,530888860.0,1899731.0
RB,RB2505.XSGE,2025-02-13 14:42:00,day,2025-02-13,day_2025-02-13,3261.0,3262.0,3259.0,3260.0,6857.0,223584850.0,1900838.0
RB,RB2505.XSGE,2025-02-13 14:43:00,day,2025-02-13,day_2025-02-13,3260.0,3260.0,3257.0,3258.0,15185.0,494815860.0,1903560.0
RB,RB2505.XSGE,2025-02-13 14:44:00,day,2025-02-13,day_2025-02-13,3258.0,3259.0,3256.0,3257.0,11990.0,390514920.0,1904284.0
RB,RB2505.XSGE,2025-02-13 14:45:00,day,2025-02-13,day_2025-02-13,3257.0,3259.0,3255.0,3258.0,12323.0,401336580.0,1904016.0
RB,RB2505.XSGE,2025-02-13 14:46:00,day,2025-02-13,day_2025-02-13,3257.0,3263.0,3257.0,3262.0,10764.0,351012650.0,1902946.0
RB,RB2505.XSGE,2025-02-13 14:47:00,day,2025-02-13,day_2025-02-13,3263.0,3263.0,3260.0,3261.0,4357.0,142083640.0,1903016.0
RB,RB2505.XSGE,2025-02-13 14:48:00,day,2025-02-13,day_2025-02-13,3261.0,3261.0,3257.0,3259.0,6043.0,196933620.0,1903296.0
RB,RB2505.XSGE,2025-02-13 14:49:00,day,2025-02-13,day_2025-02-13,3259.0,3260.0,3257.0,3259.0,3714.0,121032020.0,1903807.0
RB,RB2505.XSGE,2025-02-13 14:50:00,day,2025-02-13,day_2025-02-13,3259.0,3260.0,3257.0,3260.0,5488.0,178827420.0,1904847.0
RB,RB2505.XSGE,2025-02-13 14:51:00,day,2025-02-13,day_2025-02-13,3259.0,3260.0,3257.0,3257.0,5011.0,163278010.0,1904608.0
RB,RB2505.XSGE,2025-02-13 14:52:00,day,2025-02-13,day_2025-02-13,3257.0,3258.0,3257.0,3257.0,3901.0,127068460.0,1904876.0
RB,RB2505.XSGE,2025-02-13 14:53:00,day,2025-02-13,day_2025-02-13,3257.0,3259.0,3257.0,3259.0,5575.0,181650440.0,1904442.0
RB,RB2505.XSGE,2025-02-13 14:54:00,day,2025-02-13,day_2025-02-13,3259.0,3263.0,3259.0,3263.0,7338.0,239326020.0,1901642.0
RB,RB2505.XSGE,2025-02-13 14:55:00,day,2025-02-13,day_2025-02-13,3263.0,3264.0,3260.0,3261.0,10087.0,329065930.0,1899404.0
RB,RB2505.XSGE,2025-02-13 14:56:00,day,2025-02-13,day_2025-02-13,3261.0,3262.0,3261.0,3262.0,4492.0,146497760.0,1897827.0
RB,RB2505.XSGE,2025-02-13 14:57:00,day,2025-02-13,day_2025-02-13,3262.0,3262.0,3260.0,3260.0,5722.0,186600700.0,1897077.0
RB,RB2505.XSGE,2025-02-13 14:58:00,day,2025-02-13,day_2025-02-13,3261.0,3262.0,3260.0,3261.0,4534.0,147872190.0,1896237.0
RB,RB2505.XSGE,2025-02-13 14:59:00,day,2025-02-13,day_2025-02-13,3261.0,3263.0,3261.0,3262.0,6369.0,207749050.0,1894303.0
RB,RB2505.XSGE,2025-02-13 15:00:00,day,2025-02-13,day_2025-02-13,3262.0,3265.0,3262.0,3265.0,16635.0,543006990.0,1889839.0
RB,RB2505.XSGE,2025-02-13 21:01:00,night,2025-02-13,night_2025-02-13,3260.0,3267.0,3260.0,3265.0,24620.0,803369890.0,1891701.0
RB,RB2505.XSGE,2025-02-13 21:02:00,night,2025-02-13,night_2025-02-13,3264.0,3265.0,3263.0,3263.0,7654.0,249825040.0,1892396.0
RB,RB2505.XSGE,2025-02-13 21:03:00,night,2025-02-13,night_2025-02-13,3262.0,3263.0,3258.0,3262.0,11579.0,377518890.0,1894585.0
RB,RB2505.XSGE,2025-02-13 21:04:00,night,2025-02-13,night_2025-02-13,3262.0,3263.0,3258.0,3260.0,6500.0,211886860.0,1895187.0
RB,RB2505.XSGE,2025-02-13 21:05:00,night,2025-02-13,night_2025-02-13,3259.0,3263.0,3259.0,3262.0,4383.0,142939590.0,1895387.0
RB,RB2505.XSGE,2025-02-13 21:06:00,night,2025-02-13,night_2025-02-13,3263.0,3263.0,3261.0,3263.0,3036.0,99035690.0,1895854.0
RB,RB2505.XSGE,2025-02-13 21:07:00,night,2025-02-13,night_2025-02-13,3262.0,3263.0,3259.0,3260.0,4608.0,150246300.0,1896268.0
RB,RB2505.XSGE,2025-02-13 21:08:00,night,2025-02-13,night_2025-02-13,3260.0,3261.0,3259.0,3259.0,2522.0,82212990.0,1896758.0
RB,RB2505.XSGE,2025-02-13 21:09:00,night,2025-02-13,night_2025-02-13,3260.0,3263.0,3259.0,3263.0,3476.0,113346580.0,1896624.0
RB,RB2505.XSGE,2025-02-13 21:10:00,night,2025-02-13,night_2025-02-13,3262.0,3266.0,3262.0,3265.0,5926.0,193446770.0,1896849.0
RB,RB2505.XSGE,2025-02-13 21:11:00,night,2025-02-13,night_2025-02-13,3265.0,3266.0,3264.0,3265.0,3639.0,118802420.0,1896472.0
RB,RB2505.XSGE,2025-02-13 21:12:00,night,2025-02-13,night_2025-02-13,3264.0,3265.0,3263.0,3263.0,2563.0,83663200.0,1896440.0
RB,RB2505.XSGE,2025-02-13 21:13:00,night,2025-02-13,night_2025-02-13,3263.0,3266.0,3263.0,3264.0,2661.0,86868000.0,1896624.0
RB,RB2505.XSGE,2025-02-13 21:14:00,night,2025-02-13,night_2025-02-13,3264.0,3265.0,3263.0,3264.0,1714.0,55946810.0,1896324.0
RB,RB2505.XSGE,2025-02-13 21:15:00,night,2025-02-13,night_2025-02-13,3265.0,3265.0,3264.0,3264.0,1315.0,42925100.0,1896488.0
RB,RB2505.XSGE,2025-02-13 21:16:00,night,2025-02-13,night_2025-02-13,3263.0,3264.0,3261.0,3263.0,4399.0,143502980.0,1896323.0
RB,RB2505.XSGE,2025-02-13 21:17:00,night,2025-02-13,night_2025-02-13,3262.0,3264.0,3262.0,3263.0,1461.0,47673040.0,1896416.0
RB,RB2505.XSGE,2025-02-13 21:18:00,night,2025-02-13,night_2025-02-13,3264.0,3265.0,3263.0,3263.0,1082.0,35315150.0,1896317.0
RB,RB2505.XSGE,2025-02-13 21:19:00,night,2025-02-13,night_2025-02-13,3264.0,3265.0,3263.0,3265.0,1885.0,61536620.0,1896492.0
RB,RB2505.XSGE,2025-02-13 21:20:00,night,2025-02-13,night_2025-02-13,3265.0,3268.0,3265.0,3267.0,7754.0,253305010.0,1894483.0
RB,RB2505.XSGE,2025-02-13 21:21:00,night,2025-02-13,night_2025-02-13,3267.0,3268.0,3266.0,3266.0,3223.0,105303370.0,1894350.0
RB,RB2505.XSGE,2025-02-13 21:22:00,night,2025-02-13,night_2025-02-13,3266.0,3267.0,3264.0,3266.0,2623.0,85652980.0,1894420.0
RB,RB2505.XSGE,2025-02-13 21:23:00,night,2025-02-13,night_2025-02-13,3265.0,3266.0,3265.0,3265.0,653.0,21324820.0,1894520.0
RB,RB2505.XSGE,2025-02-13 21:24:00,night,2025-02-13,night_2025-02-13,3265.0,3266.0,3264.0,3264.0,2962.0,96706780.0,1894663.0
RB,RB2505.XSGE,2025-02-13 21:25:00,night,2025-02-13,night_2025-02-13,3264.0,3265.0,3263.0,3265.0,954.0,31142660.0,1894693.0
RB,RB2505.XSGE,2025-02-13 21:26:00,night,2025-02-13,night_2025-02-13,3264.0,3265.0,3263.0,3263.0,1671.0,54542600.0,1894324.0
RB,RB2505.XSGE,2025-02-13 21:27:00,night,2025-02-13,night_2025-02-13,3263.0,3265.0,3263.0,3265.0,1169.0,38155310.0,1894217.0
RB,RB2505.XSGE,2025-02-13 21:28:00,night,2025-02-13,night_2025-02-13,3265.0,3265.0,3263.0,3265.0,1413.0,46122030.0,1893878.0
RB,RB2505.XSGE,2025-02-13 21:29:00,night,2025-02-13,night_2025-02-13,3265.0,3265.0,3263.0,3264.0,1434.0,46809100.0,1893712.0
RB,RB2505.XSGE,2025-02-13 21:30:00,night,2025-02-13,night_2025-02-13,3264.0,3265.0,3263.0,3264.0,1235.0,40306620.0,1893569.0
RB,RB2505.XSGE,2025-02-13 21:31:00,night,2025-02-13,night_2025-02-13,3263.0,3265.0,3262.0,3262.0,2492.0,81328680.0,1893126.0
RB,RB2505.XSGE,2025-02-13 21:32:00,night,2025-02-13,night_2025-02-13,3263.0,3264.0,3262.0,3263.0,2292.0,74781230.0,1893527.0
RB,RB2505.XSGE,2025-02-13 21:33:00,night,2025-02-13,night_2025-02-13,3263.0,3264.0,3262.0,3263.0,1752.0,57161020.0,1893507.0
RB,RB2505.XSGE,2025-02-13 21:34:00,night,2025-02-13,night_2025-02-13,3263.0,3264.0,3263.0,3263.0,1116.0,36416950.0,1893230.0
RB,RB2505.XSGE,2025-02-13 21:35:00,night,2025-02-13,night_2025-02-13,3263.0,3263.0,3261.0,3261.0,2257.0,73628000.0,1893230.0
RB,RB2505.XSGE,2025-02-13 21:36:00,night,2025-02-13,night_2025-02-13,3261.0,3262.0,3260.0,3260.0,4732.0,154282380.0,1893160.0
RB,RB2505.XSGE,2025-02-13 21:37:00,night,2025-02-13,night_2025-02-13,3260.0,3261.0,3259.0,3260.0,4359.0,142098970.0,1893266.0
RB,RB2505.XSGE,2025-02-13 21:38:00,night,2025-02-13,night_2025-02-13,3260.0,3261.0,3259.0,3260.0,1483.0,48341640.0,1893589.0
RB,RB2505.XSGE,2025-02-13 21:39:00,night,2025-02-13,night_2025-02-13,3259.0,3260.0,3257.0,3258.0,5602.0,182526480.0,1895276.0
RB,RB2505.XSGE,2025-02-13 21:40:00,night,2025-02-13,night_2025-02-13,3258.0,3260.0,3256.0,3257.0,5300.0,172699060.0,1896121.0
RB,RB2505.XSGE,2025-02-13 21:41:00,night,2025-02-13,night_2025-02-13,3257.0,3257.0,3256.0,3256.0,5198.0,169265310.0,1896245.0
RB,RB2505.XSGE,2025-02-13 21:42:00,night,2025-02-13,night_2025-02-13,3256.0,3259.0,3256.0,3257.0,2971.0,96767270.0,1896104.0
RB,RB2505.XSGE,2025-02-13 21:43:00,night,2025-02-13,night_2025-02-13,3258.0,3261.0,3257.0,3261.0,2084.0,67934650.0,1896148.0
RB,RB2505.XSGE,2025-02-13 21:44:00,night,2025-02-13,night_2025-02-13,3261.0,3261.0,3259.0,3259.0,2818.0,91859570.0,1896790.0
RB,RB2505.XSGE,2025-02-13 21:45:00,night,2025-02-13,night_2025-02-13,3259.0,3260.0,3258.0,3259.0,2028.0,66091710.0,1897408.0
RB,RB2505.XSGE,2025-02-13 21:46:00,night,2025-02-13,night_2025-02-13,3259.0,3260.0,3259.0,3259.0,764.0,24902290.0,1897467.0
RB,RB2505.XSGE,2025-02-13 21:47:00,night,2025-02-13,night_2025-02-13,3260.0,3260.0,3259.0,3260.0,777.0,25327040.0,1897755.0
RB,RB2505.XSGE,2025-02-13 21:48:00,night,2025-02-13,night_2025-02-13,3259.0,3260.0,3259.0,3259.0,761.0,24804600.0,1897818.0
RB,RB2505.XSGE,2025-02-13 21:49:00,night,2025-02-13,night_2025-02-13,3259.0,3260.0,3258.0,3259.0,1327.0,43246750.0,1898315.0
RB,RB2505.XSGE,2025-02-13 21:50:00,night,2025-02-13,night_2025-02-13,3259.0,3260.0,3259.0,3260.0,407.0,13265950.0,1898279.0
RB,RB2505.XSGE,2025-02-13 21:51:00,night,2025-02-13,night_2025-02-13,3260.0,3260.0,3259.0,3260.0,539.0,17568330.0,1898327.0
RB,RB2505.XSGE,2025-02-13 21:52:00,night,2025-02-13,night_2025-02-13,3259.0,3262.0,3259.0,3262.0,3509.0,114417610.0,1898811.0
RB,RB2505.XSGE,2025-02-13 21:53:00,night,2025-02-13,night_2025-02-13,3262.0,3262.0,3261.0,3261.0,1286.0,41945930.0,1898568.0
RB,RB2505.XSGE,2025-02-13 21:54:00,night,2025-02-13,night_2025-02-13,3261.0,3262.0,3260.0,3261.0,1741.0,56775930.0,1898375.0
RB,RB2505.XSGE,2025-02-13 21:55:00,night,2025-02-13,night_2025-02-13,3261.0,3262.0,3261.0,3262.0,744.0,24267930.0,1898545.0
RB,RB2505.XSGE,2025-02-13 21:56:00,night,2025-02-13,night_2025-02-13,3262.0,3263.0,3262.0,3263.0,2679.0,87407190.0,1898639.0
RB,RB2505.XSGE,2025-02-13 21:57:00,night,2025-02-13,night_2025-02-13,3263.0,3263.0,3261.0,3261.0,1040.0,33923520.0,1898448.0
RB,RB2505.XSGE,2025-02-13 21:58:00,night,2025-02-13,night_2025-02-13,3262.0,3262.0,3258.0,3259.0,3028.0,98705970.0,1897662.0
RB,RB2505.XSGE,2025-02-13 21:59:00,night,2025-02-13,night_2025-02-13,3258.0,3259.0,3258.0,3258.0,653.0,21277690.0,1897534.0
RB,RB2505.XSGE,2025-02-13 22:00:00,night,2025-02-13,night_2025-02-13,3258.0,3259.0,3257.0,3257.0,3845.0,125253960.0,1897116.0
RB,RB2505.XSGE,2025-02-13 22:01:00,night,2025-02-13,night_2025-02-13,3257.0,3258.0,3253.0,3256.0,14848.0,483324040.0,1896033.0
RB,RB2505.XSGE,2025-02-13 22:02:00,night,2025-02-13,night_2025-02-13,3256.0,3256.0,3254.0,3256.0,3738.0,121676980.0,1897244.0
RB,RB2505.XSGE,2025-02-13 22:03:00,night,2025-02-13,night_2025-02-13,3256.0,3257.0,3255.0,3257.0,1815.0,59087710.0,1897483.0
RB,RB2505.XSGE,2025-02-13 22:04:00,night,2025-02-13,night_2025-02-13,3256.0,3257.0,3254.0,3255.0,2543.0,82779630.0,1897717.0
RB,RB2505.XSGE,2025-02-13 22:05:00,night,2025-02-13,night_2025-02-13,3255.0,3256.0,3254.0,3255.0,3843.0,125071720.0,1898218.0
RB,RB2505.XSGE,2025-02-13 22:06:00,night,2025-02-13,night_2025-02-13,3255.0,3256.0,3254.0,3256.0,1440.0,46878780.0,1898093.0
RB,RB2505.XSGE,2025-02-13 22:07:00,night,2025-02-13,night_2025-02-13,3256.0,3257.0,3255.0,3256.0,1847.0,60137830.0,1898184.0
RB,RB2505.XSGE,2025-02-13 22:08:00,night,2025-02-13,night_2025-02-13,3256.0,3256.0,3253.0,3255.0,4530.0,147415600.0,1899270.0
RB,RB2505.XSGE,2025-02-13 22:09:00,night,2025-02-13,night_2025-02-13,3254.0,3255.0,3253.0,3253.0,3582.0,116533210.0,1900470.0
RB,RB2505.XSGE,2025-02-13 22:10:00,night,2025-02-13,night_2025-02-13,3254.0,3254.0,3252.0,3253.0,4787.0,155716080.0,1900882.0
RB,RB2505.XSGE,2025-02-13 22:11:00,night,2025-02-13,night_2025-02-13,3254.0,3254.0,3252.0,3253.0,2172.0,70661630.0,1900865.0
RB,RB2505.XSGE,2025-02-13 22:12:00,night,2025-02-13,night_2025-02-13,3253.0,3255.0,3253.0,3255.0,2722.0,88574930.0,1900432.0
RB,RB2505.XSGE,2025-02-13 22:13:00,night,2025-02-13,night_2025-02-13,3255.0,3255.0,3254.0,3255.0,871.0,28349220.0,1900528.0
RB,RB2505.XSGE,2025-02-13 22:14:00,night,2025-02-13,night_2025-02-13,3255.0,3256.0,3254.0,3256.0,1857.0,60446460.0,1900811.0
RB,RB2505.XSGE,2025-02-13 22:15:00,night,2025-02-13,night_2025-02-13,3256.0,3256.0,3254.0,3255.0,1386.0,45113860.0,1900843.0
RB,RB2505.XSGE,2025-02-13 22:16:00,night,2025-02-13,night_2025-02-13,3254.0,3255.0,3254.0,3254.0,585.0,19039880.0,1900811.0
RB,RB2505.XSGE,2025-02-13 22:17:00,night,2025-02-13,night_2025-02-13,3254.0,3256.0,3254.0,3256.0,1817.0,59152960.0,1900461.0
RB,RB2505.XSGE,2025-02-13 22:18:00,night,2025-02-13,night_2025-02-13,3256.0,3258.0,3255.0,3257.0,3876.0,126244400.0,1900189.0
RB,RB2505.XSGE,2025-02-13 22:19:00,night,2025-02-13,night_2025-02-13,3257.0,3258.0,3256.0,3257.0,2597.0,84579980.0,1900105.0
RB,RB2505.XSGE,2025-02-13 22:20:00,night,2025-02-13,night_2025-02-13,3257.0,3259.0,3256.0,3258.0,2050.0,66780210.0,1900724.0
RB,RB2505.XSGE,2025-02-13 22:21:00,night,2025-02-13,night_2025-02-13,3259.0,3259.0,3257.0,3258.0,2887.0,94070100.0,1900772.0
RB,RB2505.XSGE,2025-02-13 22:22:00,night,2025-02-13,night_2025-02-13,3258.0,3259.0,3256.0,3256.0,1341.0,43682790.0,1901008.0
RB,RB2505.XSGE,2025-02-13 22:23:00,night,2025-02-13,night_2025-02-13,3256.0,3257.0,3256.0,3257.0,754.0,24556260.0,1901265.0
RB,RB2505.XSGE,2025-02-13 22:24:00,night,2025-02-13,night_2025-02-13,3257.0,3257.0,3256.0,3256.0,710.0,23121020.0,1901549.0
RB,RB2505.XSGE,2025-02-13 22:25:00,night,2025-02-13,night_2025-02-13,3257.0,3258.0,3256.0,3257.0,798.0,25990210.0,1901807.0
RB,RB2505.XSGE,2025-02-13 22:26:00,night,2025-02-13,night_2025-02-13,3258.0,3258.0,3256.0,3257.0,640.0,20845130.0,1901762.0
RB,RB2505.XSGE,2025-02-13 22:27:00,night,2025-02-13,night_2025-02-13,3257.0,3257.0,3256.0,3257.0,552.0,17977370.0,1902121.0
RB,RB2505.XSGE,2025-02-13 22:28:00,night,2025-02-13,night_2025-02-13,3257.0,3257.0,3256.0,3256.0,386.0,12569660.0,1902117.0
RB,RB2505.XSGE,2025-02-13 22:29:00,night,2025-02-13,night_2025-02-13,3256.0,3257.0,3255.0,3255.0,1300.0,42326630.0,1901859.0
RB,RB2505.XSGE,2025-02-13 22:30:00,night,2025-02-13,night_2025-02-13,3255.0,3257.0,3255.0,3256.0,1584.0,51575840.0,1901836.0
RB,RB2505.XSGE,2025-02-13 22:31:00,night,2025-02-13,night_2025-02-13,3257.0,3258.0,3255.0,3258.0,1576.0,51317520.0,1901510.0
RB,RB2505.XSGE,2025-02-13 22:32:00,night,2025-02-13,night_2025-02-13,3257.0,3258.0,3257.0,3257.0,546.0,17786600.0,1901282.0
RB,RB2505.XSGE,2025-02-13 22:33:00,night,2025-02-13,night_2025-02-13,3258.0,3258.0,3256.0,3256.0,887.0,28889580.0,1900954.0
RB,RB2505.XSGE,2025-02-13 22:34:00,night,2025-02-13,night_2025-02-13,3256.0,3258.0,3256.0,3257.0,1008.0,32831080.0,1901027.0
RB,RB2505.XSGE,2025-02-13 22:35:00,night,2025-02-13,night_2025-02-13,3258.0,3259.0,3257.0,3258.0,1849.0,60246680.0,1901372.0
RB,RB2505.XSGE,2025-02-13 22:36:00,night,2025-02-13,night_2025-02-13,3258.0,3259.0,3258.0,3258.0,1735.0,56540560.0,1901210.0
RB,RB2505.XSGE,2025-02-13 22:37:00,night,2025-02-13,night_2025-02-13,3259.0,3259.0,3258.0,3259.0,790.0,25744830.0,1901449.0
RB,RB2505.XSGE,2025-02-13 22:38:00,night,2025-02-13,night_2025-02-13,3259.0,3259.0,3257.0,3257.0,2617.0,85262690.0,1901586.0
RB,RB2505.XSGE,2025-02-13 22:39:00,night,2025-02-13,night_2025-02-13,3258.0,3258.0,3257.0,3258.0,649.0,21142940.0,1901624.0
RB,RB2505.XSGE,2025-02-13 22:40:00,night,2025-02-13,night_2025-02-13,3257.0,3258.0,3257.0,3258.0,210.0,6841140.0,1901655.0
RB,RB2505.XSGE,2025-02-13 22:41:00,night,2025-02-13,night_2025-02-13,3258.0,3258.0,3257.0,3257.0,410.0,13356110.0,1901711.0
RB,RB2505.XSGE,2025-02-13 22:42:00,night,2025-02-13,night_2025-02-13,3257.0,3258.0,3257.0,3258.0,141.0,4593100.0,1901691.0
RB,RB2505.XSGE,2025-02-13 22:43:00,night,2025-02-13,night_2025-02-13,3258.0,3258.0,3257.0,3258.0,328.0,10684360.0,1901647.0
RB,RB2505.XSGE,2025-02-13 22:44:00,night,2025-02-13,night_2025-02-13,3258.0,3258.0,3256.0,3256.0,967.0,31493890.0,1901602.0
RB,RB2505.XSGE,2025-02-13 22:45:00,night,2025-02-13,night_2025-02-13,3256.0,3257.0,3256.0,3257.0,1077.0,35077350.0,1901683.0
RB,RB2505.XSGE,2025-02-13 22:46:00,night,2025-02-13,night_2025-02-13,3257.0,3258.0,3257.0,3258.0,330.0,10750000.0,1901677.0
RB,RB2505.XSGE,2025-02-13 22:47:00,night,2025-02-13,night_2025-02-13,3258.0,3259.0,3257.0,3259.0,1333.0,43431400.0,1901169.0
RB,RB2505.XSGE,2025-02-13 22:48:00,night,2025-02-13,night_2025-02-13,3259.0,3259.0,3258.0,3259.0,1166.0,37995530.0,1900932.0
RB,RB2505.XSGE,2025-02-13 22:49:00,night,2025-02-13,night_2025-02-13,3259.0,3260.0,3258.0,3258.0,2085.0,67955030.0,1900673.0
RB,RB2505.XSGE,2025-02-13 22:50:00,night,2025-02-13,night_2025-02-13,3259.0,3259.0,3257.0,3258.0,1364.0,44440210.0,1900123.0
RB,RB2505.XSGE,2025-02-13 22:51:00,night,2025-02-13,night_2025-02-13,3258.0,3260.0,3258.0,3258.0,1280.0,41715030.0,1899526.0
RB,RB2505.XSGE,2025-02-13 22:52:00,night,2025-02-13,night_2025-02-13,3259.0,3259.0,3258.0,3259.0,538.0,17532270.0,1899520.0
RB,RB2505.XSGE,2025-02-13 22:53:00,night,2025-02-13,night_2025-02-13,3258.0,3260.0,3258.0,3258.0,1256.0,40932080.0,1899668.0
RB,RB2505.XSGE,2025-02-13 22:54:00,night,2025-02-13,night_2025-02-13,3258.0,3259.0,3257.0,3257.0,1504.0,49000850.0,1899675.0
RB,RB2505.XSGE,2025-02-13 22:55:00,night,2025-02-13,night_2025-02-13,3258.0,3258.0,3257.0,3258.0,844.0,27496000.0,1899886.0
RB,RB2505.XSGE,2025-02-13 22:56:00,night,2025-02-13,night_2025-02-13,3258.0,3259.0,3258.0,3258.0,709.0,23101870.0,1899834.0
RB,RB2505.XSGE,2025-02-13 22:57:00,night,2025-02-13,night_2025-02-13,3258.0,3259.0,3257.0,3257.0,1834.0,59748320.0,1899623.0
RB,RB2505.XSGE,2025-02-13 22:58:00,night,2025-02-13,night_2025-02-13,3258.0,3258.0,3257.0,3258.0,1428.0,46518890.0,1899408.0
RB,RB2505.XSGE,2025-02-13 22:59:00,night,2025-02-13,night_2025-02-13,3258.0,3260.0,3257.0,3258.0,3333.0,108616050.0,1897644.0
RB,RB2505.XSGE,2025-02-13 23:00:00,night,2025-02-13,night_2025-02-13,3258.0,3259.0,3257.0,3258.0,2881.0,93874410.0,1895967.0
RB,RB2505.XSGE,2025-02-14 09:01:00,day,2025-02-14,day_2025-02-14,3260.0,3268.0,3260.0,3266.0,21572.0,704358690.0,1895397.0
RB,RB2505.XSGE,2025-02-14 09:02:00,day,2025-02-14,day_2025-02-14,3267.0,3267.0,3265.0,3265.0,7928.0,258921040.0,1894645.0
RB,RB2505.XSGE,2025-02-14 09:03:00,day,2025-02-14,day_2025-02-14,3266.0,3273.0,3265.0,3273.0,14941.0,488461850.0,1892798.0
RB,RB2505.XSGE,2025-02-14 09:04:00,day,2025-02-14,day_2025-02-14,3272.0,3273.0,3267.0,3267.0,9824.0,321271080.0,1893170.0
RB,RB2505.XSGE,2025-02-14 09:05:00,day,2025-02-14,day_2025-02-14,3267.0,3272.0,3266.0,3272.0,8073.0,263979070.0,1892783.0
RB,RB2505.XSGE,2025-02-14 09:06:00,day,2025-02-14,day_2025-02-14,3272.0,3273.0,3270.0,3271.0,6948.0,227306380.0,1893352.0
RB,RB2505.XSGE,2025-02-14 09:07:00,day,2025-02-14,day_2025-02-14,3270.0,3272.0,3270.0,3271.0,1846.0,60370370.0,1893494.0
RB,RB2505.XSGE,2025-02-14 09:08:00,day,2025-02-14,day_2025-02-14,3271.0,3271.0,3269.0,3269.0,3090.0,101040790.0,1893863.0
RB,RB2505.XSGE,2025-02-14 09:09:00,day,2025-02-14,day_2025-02-14,3269.0,3270.0,3268.0,3269.0,4220.0,137934210.0,1894011.0
RB,RB2505.XSGE,2025-02-14 09:10:00,day,2025-02-14,day_2025-02-14,3269.0,3270.0,3268.0,3268.0,2839.0,92801310.0,1893587.0
RB,RB2505.XSGE,2025-02-14 09:11:00,day,2025-02-14,day_2025-02-14,3268.0,3270.0,3268.0,3270.0,1545.0,50509530.0,1893710.0
RB,RB2505.XSGE,2025-02-14 09:12:00,day,2025-02-14,day_2025-02-14,3270.0,3271.0,3269.0,3270.0,2411.0,78836170.0,1893961.0
RB,RB2505.XSGE,2025-02-14 09:13:00,day,2025-02-14,day_2025-02-14,3270.0,3271.0,3269.0,3271.0,2420.0,79132340.0,1894554.0
RB,RB2505.XSGE,2025-02-14 09:14:00,day,2025-02-14,day_2025-02-14,3271.0,3271.0,3268.0,3269.0,1985.0,64904820.0,1894835.0
RB,RB2505.XSGE,2025-02-14 09:15:00,day,2025-02-14,day_2025-02-14,3270.0,3271.0,3269.0,3270.0,1761.0,57588230.0,1895473.0
RB,RB2505.XSGE,2025-02-14 09:16:00,day,2025-02-14,day_2025-02-14,3271.0,3273.0,3270.0,3271.0,8061.0,263732520.0,1895719.0
RB,RB2505.XSGE,2025-02-14 09:17:00,day,2025-02-14,day_2025-02-14,3271.0,3273.0,3271.0,3272.0,5165.0,169007860.0,1895398.0
RB,RB2505.XSGE,2025-02-14 09:18:00,day,2025-02-14,day_2025-02-14,3273.0,3273.0,3272.0,3272.0,4517.0,147831690.0,1895971.0
RB,RB2505.XSGE,2025-02-14 09:19:00,day,2025-02-14,day_2025-02-14,3272.0,3274.0,3272.0,3274.0,4026.0,131782570.0,1895982.0
RB,RB2505.XSGE,2025-02-14 09:20:00,day,2025-02-14,day_2025-02-14,3274.0,3274.0,3271.0,3272.0,3683.0,120511600.0,1896125.0
RB,RB2505.XSGE,2025-02-14 09:21:00,day,2025-02-14,day_2025-02-14,3271.0,3272.0,3269.0,3269.0,3773.0,123380210.0,1897531.0
RB,RB2505.XSGE,2025-02-14 09:22:00,day,2025-02-14,day_2025-02-14,3270.0,3270.0,3268.0,3269.0,2185.0,71428910.0,1897381.0
RB,RB2505.XSGE,2025-02-14 09:23:00,day,2025-02-14,day_2025-02-14,3269.0,3270.0,3268.0,3270.0,1832.0,59886080.0,1897567.0
RB,RB2505.XSGE,2025-02-14 09:24:00,day,2025-02-14,day_2025-02-14,3269.0,3270.0,3268.0,3269.0,1681.0,54943290.0,1897878.0
RB,RB2505.XSGE,2025-02-14 09:25:00,day,2025-02-14,day_2025-02-14,3268.0,3270.0,3267.0,3269.0,2694.0,88049410.0,1897976.0
RB,RB2505.XSGE,2025-02-14 09:26:00,day,2025-02-14,day_2025-02-14,3269.0,3270.0,3268.0,3269.0,909.0,29718020.0,1897942.0
RB,RB2505.XSGE,2025-02-14 09:27:00,day,2025-02-14,day_2025-02-14,3270.0,3272.0,3269.0,3272.0,2285.0,74730350.0,1898599.0
RB,RB2505.XSGE,2025-02-14 09:28:00,day,2025-02-14,day_2025-02-14,3271.0,3272.0,3270.0,3271.0,2129.0,69643190.0,1899410.0
RB,RB2505.XSGE,2025-02-14 09:29:00,day,2025-02-14,day_2025-02-14,3270.0,3271.0,3268.0,3269.0,2226.0,72780930.0,1899601.0
RB,RB2505.XSGE,2025-02-14 09:30:00,day,2025-02-14,day_2025-02-14,3268.0,3271.0,3268.0,3270.0,2067.0,67581210.0,1900039.0
RB,RB2505.XSGE,2025-02-14 09:31:00,day,2025-02-14,day_2025-02-14,3270.0,3271.0,3269.0,3269.0,1522.0,49768770.0,1901002.0
RB,RB2505.XSGE,2025-02-14 09:32:00,day,2025-02-14,day_2025-02-14,3269.0,3270.0,3269.0,3270.0,1180.0,38574380.0,1901016.0
RB,RB2505.XSGE,2025-02-14 09:33:00,day,2025-02-14,day_2025-02-14,3270.0,3271.0,3269.0,3271.0,2547.0,83293550.0,1901974.0
RB,RB2505.XSGE,2025-02-14 09:34:00,day,2025-02-14,day_2025-02-14,3270.0,3272.0,3270.0,3271.0,3181.0,104052770.0,1901055.0
RB,RB2505.XSGE,2025-02-14 09:35:00,day,2025-02-14,day_2025-02-14,3271.0,3272.0,3270.0,3271.0,3177.0,103917560.0,1900449.0
RB,RB2505.XSGE,2025-02-14 09:36:00,day,2025-02-14,day_2025-02-14,3271.0,3273.0,3271.0,3273.0,3239.0,105975050.0,1901183.0
RB,RB2505.XSGE,2025-02-14 09:37:00,day,2025-02-14,day_2025-02-14,3273.0,3273.0,3271.0,3273.0,3712.0,121454380.0,1901247.0
RB,RB2505.XSGE,2025-02-14 09:38:00,day,2025-02-14,day_2025-02-14,3273.0,3275.0,3272.0,3274.0,5868.0,192113050.0,1901509.0
RB,RB2505.XSGE,2025-02-14 09:39:00,day,2025-02-14,day_2025-02-14,3275.0,3276.0,3274.0,3274.0,10287.0,336930600.0,1901197.0
RB,RB2505.XSGE,2025-02-14 09:40:00,day,2025-02-14,day_2025-02-14,3275.0,3280.0,3274.0,3280.0,15903.0,521307080.0,1897502.0
RB,RB2505.XSGE,2025-02-14 09:41:00,day,2025-02-14,day_2025-02-14,3279.0,3280.0,3276.0,3277.0,4686.0,153575590.0,1897713.0
RB,RB2505.XSGE,2025-02-14 09:42:00,day,2025-02-14,day_2025-02-14,3276.0,3279.0,3276.0,3278.0,3905.0,127987630.0,1896736.0
RB,RB2505.XSGE,2025-02-14 09:43:00,day,2025-02-14,day_2025-02-14,3277.0,3280.0,3277.0,3278.0,5951.0,195126610.0,1897060.0
RB,RB2505.XSGE,2025-02-14 09:44:00,day,2025-02-14,day_2025-02-14,3278.0,3280.0,3278.0,3278.0,4746.0,155615680.0,1896335.0
RB,RB2505.XSGE,2025-02-14 09:45:00,day,2025-02-14,day_2025-02-14,3279.0,3281.0,3279.0,3281.0,6915.0,226826430.0,1895567.0
RB,RB2505.XSGE,2025-02-14 09:46:00,day,2025-02-14,day_2025-02-14,3281.0,3282.0,3278.0,3278.0,5439.0,178383440.0,1894555.0
RB,RB2505.XSGE,2025-02-14 09:47:00,day,2025-02-14,day_2025-02-14,3278.0,3280.0,3278.0,3278.0,2361.0,77413580.0,1894160.0
RB,RB2505.XSGE,2025-02-14 09:48:00,day,2025-02-14,day_2025-02-14,3279.0,3279.0,3277.0,3278.0,3201.0,104927190.0,1894205.0
RB,RB2505.XSGE,2025-02-14 09:49:00,day,2025-02-14,day_2025-02-14,3278.0,3279.0,3277.0,3279.0,2381.0,78056440.0,1894255.0
RB,RB2505.XSGE,2025-02-14 09:50:00,day,2025-02-14,day_2025-02-14,3278.0,3279.0,3277.0,3277.0,1929.0,63234590.0,1894318.0
RB,RB2505.XSGE,2025-02-14 09:51:00,day,2025-02-14,day_2025-02-14,3278.0,3278.0,3276.0,3277.0,2533.0,83005060.0,1894114.0
RB,RB2505.XSGE,2025-02-14 09:52:00,day,2025-02-14,day_2025-02-14,3276.0,3278.0,3275.0,3278.0,4652.0,152412500.0,1893281.0
RB,RB2505.XSGE,2025-02-14 09:53:00,day,2025-02-14,day_2025-02-14,3278.0,3278.0,3276.0,3277.0,2435.0,79794310.0,1893033.0
RB,RB2505.XSGE,2025-02-14 09:54:00,day,2025-02-14,day_2025-02-14,3277.0,3277.0,3275.0,3275.0,2568.0,84130430.0,1893287.0
RB,RB2505.XSGE,2025-02-14 09:55:00,day,2025-02-14,day_2025-02-14,3275.0,3279.0,3275.0,3277.0,2926.0,95884420.0,1892622.0
RB,RB2505.XSGE,2025-02-14 09:56:00,day,2025-02-14,day_2025-02-14,3278.0,3279.0,3278.0,3278.0,2316.0,75927680.0,1892652.0
RB,RB2505.XSGE,2025-02-14 09:57:00,day,2025-02-14,day_2025-02-14,3278.0,3280.0,3278.0,3279.0,3216.0,105454740.0,1893483.0
RB,RB2505.XSGE,2025-02-14 09:58:00,day,2025-02-14,day_2025-02-14,3279.0,3279.0,3278.0,3278.0,988.0,32393110.0,1893528.0
RB,RB2505.XSGE,2025-02-14 09:59:00,day,2025-02-14,day_2025-02-14,3278.0,3280.0,3278.0,3280.0,2516.0,82501260.0,1893629.0
RB,RB2505.XSGE,2025-02-14 10:00:00,day,2025-02-14,day_2025-02-14,3279.0,3284.0,3279.0,3283.0,10484.0,344047110.0,1893843.0
RB,RB2505.XSGE,2025-02-14 10:01:00,day,2025-02-14,day_2025-02-14,3283.0,3285.0,3283.0,3283.0,8872.0,291337530.0,1892226.0
RB,RB2505.XSGE,2025-02-14 10:02:00,day,2025-02-14,day_2025-02-14,3283.0,3284.0,3281.0,3283.0,4697.0,154174810.0,1891278.0
RB,RB2505.XSGE,2025-02-14 10:03:00,day,2025-02-14,day_2025-02-14,3282.0,3284.0,3280.0,3280.0,4622.0,151717320.0,1890919.0
RB,RB2505.XSGE,2025-02-14 10:04:00,day,2025-02-14,day_2025-02-14,3280.0,3281.0,3279.0,3279.0,2835.0,92976110.0,1891128.0
RB,RB2505.XSGE,2025-02-14 10:05:00,day,2025-02-14,day_2025-02-14,3280.0,3282.0,3279.0,3281.0,2319.0,76074530.0,1891781.0
RB,RB2505.XSGE,2025-02-14 10:06:00,day,2025-02-14,day_2025-02-14,3280.0,3282.0,3278.0,3279.0,5059.0,165934830.0,1892402.0
RB,RB2505.XSGE,2025-02-14 10:07:00,day,2025-02-14,day_2025-02-14,3280.0,3280.0,3278.0,3278.0,2205.0,72306980.0,1892075.0
RB,RB2505.XSGE,2025-02-14 10:08:00,day,2025-02-14,day_2025-02-14,3278.0,3279.0,3276.0,3276.0,3755.0,123059420.0,1892421.0
RB,RB2505.XSGE,2025-02-14 10:09:00,day,2025-02-14,day_2025-02-14,3276.0,3280.0,3276.0,3279.0,2073.0,67955640.0,1891671.0
RB,RB2505.XSGE,2025-02-14 10:10:00,day,2025-02-14,day_2025-02-14,3279.0,3282.0,3278.0,3280.0,3527.0,115691810.0,1891560.0
RB,RB2505.XSGE,2025-02-14 10:11:00,day,2025-02-14,day_2025-02-14,3280.0,3282.0,3280.0,3281.0,1517.0,49771990.0,1891496.0
RB,RB2505.XSGE,2025-02-14 10:12:00,day,2025-02-14,day_2025-02-14,3282.0,3282.0,3280.0,3281.0,1379.0,45251000.0,1891036.0
RB,RB2505.XSGE,2025-02-14 10:13:00,day,2025-02-14,day_2025-02-14,3282.0,3282.0,3281.0,3281.0,2248.0,73761980.0,1891197.0
RB,RB2505.XSGE,2025-02-14 10:14:00,day,2025-02-14,day_2025-02-14,3280.0,3282.0,3280.0,3281.0,2197.0,72079110.0,1891621.0
RB,RB2505.XSGE,2025-02-14 10:15:00,day,2025-02-14,day_2025-02-14,3281.0,3282.0,3280.0,3281.0,2373.0,77864640.0,1891189.0
RB,RB2505.XSGE,2025-02-14 10:31:00,day,2025-02-14,day_2025-02-14,3280.0,3282.0,3278.0,3280.0,3661.0,120069220.0,1891023.0
RB,RB2505.XSGE,2025-02-14 10:32:00,day,2025-02-14,day_2025-02-14,3280.0,3280.0,3279.0,3280.0,1862.0,61066280.0,1891058.0
RB,RB2505.XSGE,2025-02-14 10:33:00,day,2025-02-14,day_2025-02-14,3280.0,3280.0,3277.0,3278.0,2856.0,93642740.0,1890809.0
RB,RB2505.XSGE,2025-02-14 10:34:00,day,2025-02-14,day_2025-02-14,3278.0,3279.0,3276.0,3277.0,2866.0,93922100.0,1891625.0
RB,RB2505.XSGE,2025-02-14 10:35:00,day,2025-02-14,day_2025-02-14,3277.0,3279.0,3276.0,3279.0,1701.0,55751280.0,1891505.0
RB,RB2505.XSGE,2025-02-14 10:36:00,day,2025-02-14,day_2025-02-14,3278.0,3280.0,3278.0,3279.0,2377.0,77952330.0,1891706.0
RB,RB2505.XSGE,2025-02-14 10:37:00,day,2025-02-14,day_2025-02-14,3278.0,3279.0,3278.0,3278.0,472.0,15473100.0,1891853.0
RB,RB2505.XSGE,2025-02-14 10:38:00,day,2025-02-14,day_2025-02-14,3278.0,3279.0,3276.0,3279.0,1994.0,65355480.0,1891652.0
RB,RB2505.XSGE,2025-02-14 10:39:00,day,2025-02-14,day_2025-02-14,3278.0,3280.0,3278.0,3278.0,1523.0,49939440.0,1891658.0
RB,RB2505.XSGE,2025-02-14 10:40:00,day,2025-02-14,day_2025-02-14,3279.0,3280.0,3278.0,3279.0,1143.0,37478180.0,1891296.0
RB,RB2505.XSGE,2025-02-14 10:41:00,day,2025-02-14,day_2025-02-14,3279.0,3279.0,3278.0,3278.0,498.0,16325310.0,1891088.0
RB,RB2505.XSGE,2025-02-14 10:42:00,day,2025-02-14,day_2025-02-14,3278.0,3279.0,3277.0,3278.0,1019.0,33397800.0,1891151.0
RB,RB2505.XSGE,2025-02-14 10:43:00,day,2025-02-14,day_2025-02-14,3278.0,3280.0,3278.0,3279.0,920.0,30166020.0,1891012.0
RB,RB2505.XSGE,2025-02-14 10:44:00,day,2025-02-14,day_2025-02-14,3279.0,3279.0,3278.0,3278.0,403.0,13212810.0,1891135.0
RB,RB2505.XSGE,2025-02-14 10:45:00,day,2025-02-14,day_2025-02-14,3279.0,3279.0,3278.0,3278.0,799.0,26192870.0,1891262.0
RB,RB2505.XSGE,2025-02-14 10:46:00,day,2025-02-14,day_2025-02-14,3279.0,3281.0,3278.0,3280.0,3894.0,127720350.0,1891501.0
RB,RB2505.XSGE,2025-02-14 10:47:00,day,2025-02-14,day_2025-02-14,3280.0,3281.0,3277.0,3277.0,2348.0,76995910.0,1891617.0
RB,RB2505.XSGE,2025-02-14 10:48:00,day,2025-02-14,day_2025-02-14,3277.0,3281.0,3277.0,3281.0,1811.0,59391090.0,1891493.0
RB,RB2505.XSGE,2025-02-14 10:49:00,day,2025-02-14,day_2025-02-14,3280.0,3281.0,3279.0,3280.0,959.0,31455970.0,1891311.0
RB,RB2505.XSGE,2025-02-14 10:50:00,day,2025-02-14,day_2025-02-14,3280.0,3280.0,3279.0,3280.0,926.0,30370910.0,1891036.0
RB,RB2505.XSGE,2025-02-14 10:51:00,day,2025-02-14,day_2025-02-14,3280.0,3281.0,3280.0,3281.0,1107.0,36315160.0,1891076.0
RB,RB2505.XSGE,2025-02-14 10:52:00,day,2025-02-14,day_2025-02-14,3281.0,3284.0,3280.0,3283.0,7766.0,254873780.0,1892748.0
RB,RB2505.XSGE,2025-02-14 10:53:00,day,2025-02-14,day_2025-02-14,3282.0,3283.0,3281.0,3282.0,2200.0,72209860.0,1893555.0
RB,RB2505.XSGE,2025-02-14 10:54:00,day,2025-02-14,day_2025-02-14,3282.0,3283.0,3282.0,3282.0,1583.0,51962590.0,1893465.0
RB,RB2505.XSGE,2025-02-14 10:55:00,day,2025-02-14,day_2025-02-14,3283.0,3283.0,3281.0,3282.0,1069.0,35086470.0,1893412.0
RB,RB2505.XSGE,2025-02-14 10:56:00,day,2025-02-14,day_2025-02-14,3281.0,3282.0,3279.0,3279.0,2772.0,90923130.0,1893283.0
RB,RB2505.XSGE,2025-02-14 10:57:00,day,2025-02-14,day_2025-02-14,3279.0,3280.0,3279.0,3280.0,603.0,19775680.0,1893264.0
RB,RB2505.XSGE,2025-02-14 10:58:00,day,2025-02-14,day_2025-02-14,3280.0,3280.0,3278.0,3278.0,3568.0,116977520.0,1894239.0
RB,RB2505.XSGE,2025-02-14 10:59:00,day,2025-02-14,day_2025-02-14,3277.0,3280.0,3277.0,3279.0,1387.0,45474790.0,1893806.0
RB,RB2505.XSGE,2025-02-14 11:00:00,day,2025-02-14,day_2025-02-14,3279.0,3279.0,3278.0,3279.0,1533.0,50263030.0,1893560.0
RB,RB2505.XSGE,2025-02-14 11:01:00,day,2025-02-14,day_2025-02-14,3278.0,3280.0,3278.0,3280.0,880.0,28856710.0,1893437.0
RB,RB2505.XSGE,2025-02-14 11:02:00,day,2025-02-14,day_2025-02-14,3280.0,3280.0,3279.0,3280.0,969.0,31781360.0,1893353.0
RB,RB2505.XSGE,2025-02-14 11:03:00,day,2025-02-14,day_2025-02-14,3280.0,3281.0,3279.0,3281.0,1484.0,48681030.0,1892946.0
RB,RB2505.XSGE,2025-02-14 11:04:00,day,2025-02-14,day_2025-02-14,3281.0,3281.0,3280.0,3280.0,941.0,30867170.0,1892561.0
RB,RB2505.XSGE,2025-02-14 11:05:00,day,2025-02-14,day_2025-02-14,3280.0,3281.0,3279.0,3281.0,1510.0,49531380.0,1892261.0
RB,RB2505.XSGE,2025-02-14 11:06:00,day,2025-02-14,day_2025-02-14,3281.0,3282.0,3280.0,3282.0,2542.0,83406510.0,1891928.0
RB,RB2505.XSGE,2025-02-14 11:07:00,day,2025-02-14,day_2025-02-14,3281.0,3283.0,3281.0,3282.0,3105.0,101910840.0,1890561.0
RB,RB2505.XSGE,2025-02-14 11:08:00,day,2025-02-14,day_2025-02-14,3283.0,3284.0,3281.0,3284.0,4823.0,158343030.0,1890933.0
RB,RB2505.XSGE,2025-02-14 11:09:00,day,2025-02-14,day_2025-02-14,3284.0,3284.0,3283.0,3284.0,3091.0,101497160.0,1890198.0
RB,RB2505.XSGE,2025-02-14 11:10:00,day,2025-02-14,day_2025-02-14,3284.0,3284.0,3282.0,3283.0,2851.0,93609460.0,1889715.0
RB,RB2505.XSGE,2025-02-14 11:11:00,day,2025-02-14,day_2025-02-14,3282.0,3283.0,3282.0,3282.0,1704.0,55927070.0,1889175.0
RB,RB2505.XSGE,2025-02-14 11:12:00,day,2025-02-14,day_2025-02-14,3283.0,3284.0,3282.0,3284.0,1869.0,61363760.0,1888851.0
RB,RB2505.XSGE,2025-02-14 11:13:00,day,2025-02-14,day_2025-02-14,3283.0,3284.0,3282.0,3282.0,1528.0,50171580.0,1888651.0
RB,RB2505.XSGE,2025-02-14 11:14:00,day,2025-02-14,day_2025-02-14,3282.0,3285.0,3282.0,3284.0,3991.0,131077470.0,1888704.0
RB,RB2505.XSGE,2025-02-14 11:15:00,day,2025-02-14,day_2025-02-14,3284.0,3285.0,3283.0,3285.0,3971.0,130421740.0,1887760.0
RB,RB2505.XSGE,2025-02-14 11:16:00,day,2025-02-14,day_2025-02-14,3285.0,3287.0,3285.0,3286.0,8840.0,290497380.0,1886689.0
RB,RB2505.XSGE,2025-02-14 11:17:00,day,2025-02-14,day_2025-02-14,3287.0,3288.0,3283.0,3283.0,6576.0,216092950.0,1885407.0
RB,RB2505.XSGE,2025-02-14 11:18:00,day,2025-02-14,day_2025-02-14,3283.0,3284.0,3282.0,3282.0,3185.0,104551780.0,1883960.0
RB,RB2505.XSGE,2025-02-14 11:19:00,day,2025-02-14,day_2025-02-14,3283.0,3284.0,3282.0,3283.0,2287.0,75080180.0,1883940.0
RB,RB2505.XSGE,2025-02-14 11:20:00,day,2025-02-14,day_2025-02-14,3283.0,3285.0,3283.0,3284.0,3123.0,102562540.0,1883298.0
RB,RB2505.XSGE,2025-02-14 11:21:00,day,2025-02-14,day_2025-02-14,3284.0,3285.0,3283.0,3283.0,1223.0,40161060.0,1883554.0
RB,RB2505.XSGE,2025-02-14 11:22:00,day,2025-02-14,day_2025-02-14,3283.0,3284.0,3283.0,3283.0,829.0,27218810.0,1883604.0
RB,RB2505.XSGE,2025-02-14 11:23:00,day,2025-02-14,day_2025-02-14,3284.0,3284.0,3282.0,3282.0,2646.0,86878680.0,1883443.0
RB,RB2505.XSGE,2025-02-14 11:24:00,day,2025-02-14,day_2025-02-14,3283.0,3284.0,3282.0,3282.0,1200.0,39393480.0,1883854.0
RB,RB2505.XSGE,2025-02-14 11:25:00,day,2025-02-14,day_2025-02-14,3283.0,3283.0,3281.0,3282.0,2706.0,88797240.0,1884173.0
RB,RB2505.XSGE,2025-02-14 11:26:00,day,2025-02-14,day_2025-02-14,3281.0,3282.0,3279.0,3282.0,3798.0,124590320.0,1884217.0
RB,RB2505.XSGE,2025-02-14 11:27:00,day,2025-02-14,day_2025-02-14,3282.0,3283.0,3280.0,3282.0,1956.0,64188280.0,1884452.0
RB,RB2505.XSGE,2025-02-14 11:28:00,day,2025-02-14,day_2025-02-14,3281.0,3283.0,3281.0,3281.0,2224.0,73005120.0,1884136.0
RB,RB2505.XSGE,2025-02-14 11:29:00,day,2025-02-14,day_2025-02-14,3282.0,3282.0,3279.0,3279.0,2424.0,79519980.0,1883661.0
RB,RB2505.XSGE,2025-02-14 11:30:00,day,2025-02-14,day_2025-02-14,3280.0,3280.0,3277.0,3277.0,9517.0,311956130.0,1883180.0
RB,RB2505.XSGE,2025-02-14 13:31:00,day,2025-02-14,day_2025-02-14,3278.0,3279.0,3277.0,3278.0,6143.0,201386110.0,1882164.0
RB,RB2505.XSGE,2025-02-14 13:32:00,day,2025-02-14,day_2025-02-14,3278.0,3279.0,3278.0,3279.0,1676.0,54951760.0,1882304.0
RB,RB2505.XSGE,2025-02-14 13:33:00,day,2025-02-14,day_2025-02-14,3279.0,3280.0,3278.0,3279.0,2371.0,77747110.0,1882441.0
RB,RB2505.XSGE,2025-02-14 13:34:00,day,2025-02-14,day_2025-02-14,3279.0,3280.0,3278.0,3278.0,1478.0,48464390.0,1881998.0
RB,RB2505.XSGE,2025-02-14 13:35:00,day,2025-02-14,day_2025-02-14,3279.0,3279.0,3277.0,3277.0,2269.0,74370500.0,1882064.0
RB,RB2505.XSGE,2025-02-14 13:36:00,day,2025-02-14,day_2025-02-14,3277.0,3278.0,3275.0,3276.0,5542.0,181563410.0,1881510.0
RB,RB2505.XSGE,2025-02-14 13:37:00,day,2025-02-14,day_2025-02-14,3276.0,3277.0,3275.0,3277.0,2724.0,89239970.0,1881828.0
RB,RB2505.XSGE,2025-02-14 13:38:00,day,2025-02-14,day_2025-02-14,3276.0,3277.0,3275.0,3275.0,1713.0,56109970.0,1882238.0
RB,RB2505.XSGE,2025-02-14 13:39:00,day,2025-02-14,day_2025-02-14,3275.0,3276.0,3273.0,3274.0,8466.0,277195610.0,1882222.0
RB,RB2505.XSGE,2025-02-14 13:40:00,day,2025-02-14,day_2025-02-14,3273.0,3274.0,3271.0,3271.0,11327.0,370576040.0,1882373.0
RB,RB2505.XSGE,2025-02-14 13:41:00,day,2025-02-14,day_2025-02-14,3271.0,3272.0,3270.0,3271.0,5196.0,169937500.0,1881704.0
RB,RB2505.XSGE,2025-02-14 13:42:00,day,2025-02-14,day_2025-02-14,3271.0,3273.0,3271.0,3273.0,3643.0,119213710.0,1881759.0
RB,RB2505.XSGE,2025-02-14 13:43:00,day,2025-02-14,day_2025-02-14,3272.0,3273.0,3270.0,3271.0,5871.0,192031210.0,1882627.0
RB,RB2505.XSGE,2025-02-14 13:44:00,day,2025-02-14,day_2025-02-14,3270.0,3273.0,3270.0,3273.0,2332.0,76289410.0,1883151.0
RB,RB2505.XSGE,2025-02-14 13:45:00,day,2025-02-14,day_2025-02-14,3273.0,3274.0,3272.0,3273.0,2534.0,82933710.0,1883265.0
RB,RB2505.XSGE,2025-02-14 13:46:00,day,2025-02-14,day_2025-02-14,3273.0,3274.0,3272.0,3273.0,2320.0,75937580.0,1883615.0
RB,RB2505.XSGE,2025-02-14 13:47:00,day,2025-02-14,day_2025-02-14,3274.0,3274.0,3272.0,3273.0,1906.0,62392040.0,1883716.0
RB,RB2505.XSGE,2025-02-14 13:48:00,day,2025-02-14,day_2025-02-14,3272.0,3273.0,3272.0,3273.0,919.0,30073160.0,1883943.0
RB,RB2505.XSGE,2025-02-14 13:49:00,day,2025-02-14,day_2025-02-14,3273.0,3273.0,3270.0,3271.0,3234.0,105795870.0,1884081.0
RB,RB2505.XSGE,2025-02-14 13:50:00,day,2025-02-14,day_2025-02-14,3271.0,3273.0,3270.0,3273.0,2020.0,66079350.0,1883882.0
RB,RB2505.XSGE,2025-02-14 13:51:00,day,2025-02-14,day_2025-02-14,3272.0,3275.0,3272.0,3274.0,2064.0,67562810.0,1884199.0
RB,RB2505.XSGE,2025-02-14 13:52:00,day,2025-02-14,day_2025-02-14,3274.0,3275.0,3273.0,3275.0,2150.0,70397270.0,1884096.0
RB,RB2505.XSGE,2025-02-14 13:53:00,day,2025-02-14,day_2025-02-14,3275.0,3276.0,3274.0,3275.0,3474.0,113768120.0,1884810.0
RB,RB2505.XSGE,2025-02-14 13:54:00,day,2025-02-14,day_2025-02-14,3274.0,3276.0,3274.0,3275.0,1887.0,61801380.0,1885161.0
RB,RB2505.XSGE,2025-02-14 13:55:00,day,2025-02-14,day_2025-02-14,3275.0,3276.0,3274.0,3274.0,1303.0,42671200.0,1885232.0
RB,RB2505.XSGE,2025-02-14 13:56:00,day,2025-02-14,day_2025-02-14,3275.0,3276.0,3274.0,3274.0,4171.0,136591060.0,1886899.0
RB,RB2505.XSGE,2025-02-14 13:57:00,day,2025-02-14,day_2025-02-14,3275.0,3275.0,3273.0,3273.0,1589.0,52020710.0,1887143.0
RB,RB2505.XSGE,2025-02-14 13:58:00,day,2025-02-14,day_2025-02-14,3274.0,3275.0,3273.0,3274.0,2306.0,75499490.0,1888427.0
RB,RB2505.XSGE,2025-02-14 13:59:00,day,2025-02-14,day_2025-02-14,3274.0,3275.0,3273.0,3274.0,2224.0,72825850.0,1888324.0
RB,RB2505.XSGE,2025-02-14 14:00:00,day,2025-02-14,day_2025-02-14,3274.0,3274.0,3273.0,3273.0,494.0,16170090.0,1888281.0
RB,RB2505.XSGE,2025-02-14 14:01:00,day,2025-02-14,day_2025-02-14,3273.0,3276.0,3273.0,3275.0,2268.0,74275410.0,1888827.0
RB,RB2505.XSGE,2025-02-14 14:02:00,day,2025-02-14,day_2025-02-14,3275.0,3276.0,3274.0,3274.0,1576.0,51604060.0,1888140.0
RB,RB2505.XSGE,2025-02-14 14:03:00,day,2025-02-14,day_2025-02-14,3274.0,3274.0,3273.0,3273.0,984.0,32213800.0,1888209.0
RB,RB2505.XSGE,2025-02-14 14:04:00,day,2025-02-14,day_2025-02-14,3274.0,3274.0,3270.0,3271.0,5799.0,189707760.0,1887968.0
RB,RB2505.XSGE,2025-02-14 14:05:00,day,2025-02-14,day_2025-02-14,3271.0,3272.0,3268.0,3269.0,6949.0,227194180.0,1888238.0
RB,RB2505.XSGE,2025-02-14 14:06:00,day,2025-02-14,day_2025-02-14,3269.0,3271.0,3269.0,3269.0,2166.0,70828290.0,1888305.0
RB,RB2505.XSGE,2025-02-14 14:07:00,day,2025-02-14,day_2025-02-14,3269.0,3271.0,3268.0,3270.0,4066.0,132930780.0,1887866.0
RB,RB2505.XSGE,2025-02-14 14:08:00,day,2025-02-14,day_2025-02-14,3270.0,3274.0,3270.0,3273.0,4019.0,131507930.0,1888160.0
RB,RB2505.XSGE,2025-02-14 14:09:00,day,2025-02-14,day_2025-02-14,3274.0,3276.0,3273.0,3273.0,4700.0,153888940.0,1888209.0
RB,RB2505.XSGE,2025-02-14 14:10:00,day,2025-02-14,day_2025-02-14,3273.0,3276.0,3273.0,3274.0,2347.0,76854680.0,1888483.0
RB,RB2505.XSGE,2025-02-14 14:11:00,day,2025-02-14,day_2025-02-14,3274.0,3275.0,3273.0,3274.0,2184.0,71502990.0,1887775.0
RB,RB2505.XSGE,2025-02-14 14:12:00,day,2025-02-14,day_2025-02-14,3274.0,3274.0,3273.0,3274.0,830.0,27168040.0,1887759.0
RB,RB2505.XSGE,2025-02-14 14:13:00,day,2025-02-14,day_2025-02-14,3273.0,3274.0,3273.0,3274.0,474.0,15516240.0,1887835.0
RB,RB2505.XSGE,2025-02-14 14:14:00,day,2025-02-14,day_2025-02-14,3274.0,3276.0,3273.0,3276.0,3510.0,114952320.0,1888216.0
RB,RB2505.XSGE,2025-02-14 14:15:00,day,2025-02-14,day_2025-02-14,3276.0,3277.0,3275.0,3276.0,4152.0,136025900.0,1887463.0
RB,RB2505.XSGE,2025-02-14 14:16:00,day,2025-02-14,day_2025-02-14,3276.0,3276.0,3272.0,3272.0,2073.0,67875280.0,1887436.0
RB,RB2505.XSGE,2025-02-14 14:17:00,day,2025-02-14,day_2025-02-14,3273.0,3273.0,3271.0,3271.0,1393.0,45578130.0,1887314.0
RB,RB2505.XSGE,2025-02-14 14:18:00,day,2025-02-14,day_2025-02-14,3271.0,3272.0,3270.0,3270.0,2789.0,91229160.0,1887409.0
RB,RB2505.XSGE,2025-02-14 14:19:00,day,2025-02-14,day_2025-02-14,3270.0,3271.0,3268.0,3269.0,6114.0,199912720.0,1888858.0
RB,RB2505.XSGE,2025-02-14 14:20:00,day,2025-02-14,day_2025-02-14,3268.0,3269.0,3267.0,3268.0,7867.0,257082750.0,1887883.0
RB,RB2505.XSGE,2025-02-14 14:21:00,day,2025-02-14,day_2025-02-14,3268.0,3269.0,3267.0,3268.0,5493.0,179485570.0,1888129.0
RB,RB2505.XSGE,2025-02-14 14:22:00,day,2025-02-14,day_2025-02-14,3268.0,3269.0,3267.0,3268.0,3079.0,100631280.0,1887604.0
RB,RB2505.XSGE,2025-02-14 14:23:00,day,2025-02-14,day_2025-02-14,3269.0,3271.0,3268.0,3270.0,2387.0,78047990.0,1887408.0
RB,RB2505.XSGE,2025-02-14 14:24:00,day,2025-02-14,day_2025-02-14,3270.0,3270.0,3269.0,3269.0,1182.0,38644880.0,1887339.0
RB,RB2505.XSGE,2025-02-14 14:25:00,day,2025-02-14,day_2025-02-14,3268.0,3268.0,3266.0,3267.0,5111.0,166967670.0,1886734.0
RB,RB2505.XSGE,2025-02-14 14:26:00,day,2025-02-14,day_2025-02-14,3266.0,3267.0,3264.0,3265.0,6869.0,224303140.0,1886437.0
RB,RB2505.XSGE,2025-02-14 14:27:00,day,2025-02-14,day_2025-02-14,3264.0,3265.0,3261.0,3262.0,11775.0,384156060.0,1884865.0
RB,RB2505.XSGE,2025-02-14 14:28:00,day,2025-02-14,day_2025-02-14,3263.0,3263.0,3259.0,3259.0,14206.0,463244010.0,1887638.0
RB,RB2505.XSGE,2025-02-14 14:29:00,day,2025-02-14,day_2025-02-14,3260.0,3260.0,3257.0,3258.0,11178.0,364228330.0,1888405.0
RB,RB2505.XSGE,2025-02-14 14:30:00,day,2025-02-14,day_2025-02-14,3258.0,3258.0,3255.0,3257.0,19477.0,634226930.0,1890366.0
RB,RB2505.XSGE,2025-02-14 14:31:00,day,2025-02-14,day_2025-02-14,3257.0,3260.0,3256.0,3259.0,11157.0,363488910.0,1889674.0
RB,RB2505.XSGE,2025-02-14 14:32:00,day,2025-02-14,day_2025-02-14,3259.0,3259.0,3257.0,3259.0,6152.0,200444310.0,1890296.0
RB,RB2505.XSGE,2025-02-14 14:33:00,day,2025-02-14,day_2025-02-14,3259.0,3262.0,3258.0,3260.0,6626.0,216053450.0,1890926.0
RB,RB2505.XSGE,2025-02-14 14:34:00,day,2025-02-14,day_2025-02-14,3261.0,3262.0,3260.0,3261.0,4588.0,149620690.0,1891701.0
RB,RB2505.XSGE,2025-02-14 14:35:00,day,2025-02-14,day_2025-02-14,3261.0,3262.0,3260.0,3261.0,3438.0,112124670.0,1892180.0
RB,RB2505.XSGE,2025-02-14 14:36:00,day,2025-02-14,day_2025-02-14,3261.0,3261.0,3258.0,3260.0,7608.0,247979880.0,1895282.0
RB,RB2505.XSGE,2025-02-14 14:37:00,day,2025-02-14,day_2025-02-14,3260.0,3262.0,3259.0,3262.0,2431.0,79263620.0,1895135.0
RB,RB2505.XSGE,2025-02-14 14:38:00,day,2025-02-14,day_2025-02-14,3261.0,3262.0,3260.0,3261.0,3840.0,125236210.0,1895756.0
RB,RB2505.XSGE,2025-02-14 14:39:00,day,2025-02-14,day_2025-02-14,3261.0,3261.0,3259.0,3260.0,3391.0,110543340.0,1897278.0
RB,RB2505.XSGE,2025-02-14 14:40:00,day,2025-02-14,day_2025-02-14,3260.0,3261.0,3259.0,3260.0,2961.0,96521830.0,1898143.0
RB,RB2505.XSGE,2025-02-14 14:41:00,day,2025-02-14,day_2025-02-14,3260.0,3261.0,3259.0,3260.0,2245.0,73185440.0,1898337.0
RB,RB2505.XSGE,2025-02-14 14:42:00,day,2025-02-14,day_2025-02-14,3261.0,3263.0,3260.0,3263.0,3071.0,100166360.0,1898341.0
RB,RB2505.XSGE,2025-02-14 14:43:00,day,2025-02-14,day_2025-02-14,3262.0,3264.0,3262.0,3263.0,3023.0,98643110.0,1898546.0
RB,RB2505.XSGE,2025-02-14 14:44:00,day,2025-02-14,day_2025-02-14,3262.0,3265.0,3262.0,3264.0,4382.0,143027370.0,1897909.0
RB,RB2505.XSGE,2025-02-14 14:45:00,day,2025-02-14,day_2025-02-14,3264.0,3265.0,3262.0,3263.0,2305.0,75210230.0,1897520.0
RB,RB2505.XSGE,2025-02-14 14:46:00,day,2025-02-14,day_2025-02-14,3262.0,3264.0,3261.0,3262.0,3166.0,103289680.0,1897898.0
RB,RB2505.XSGE,2025-02-14 14:47:00,day,2025-02-14,day_2025-02-14,3263.0,3263.0,3260.0,3261.0,2808.0,91561360.0,1898117.0
RB,RB2505.XSGE,2025-02-14 14:48:00,day,2025-02-14,day_2025-02-14,3261.0,3265.0,3261.0,3264.0,3686.0,120300350.0,1897539.0
RB,RB2505.XSGE,2025-02-14 14:49:00,day,2025-02-14,day_2025-02-14,3264.0,3265.0,3262.0,3263.0,2571.0,83904310.0,1897202.0
RB,RB2505.XSGE,2025-02-14 14:50:00,day,2025-02-14,day_2025-02-14,3262.0,3264.0,3261.0,3261.0,2156.0,70336600.0,1897721.0
RB,RB2505.XSGE,2025-02-14 14:51:00,day,2025-02-14,day_2025-02-14,3261.0,3262.0,3260.0,3261.0,4404.0,143596270.0,1896327.0
RB,RB2505.XSGE,2025-02-14 14:52:00,day,2025-02-14,day_2025-02-14,3260.0,3262.0,3259.0,3261.0,3671.0,119682410.0,1896282.0
RB,RB2505.XSGE,2025-02-14 14:53:00,day,2025-02-14,day_2025-02-14,3260.0,3261.0,3259.0,3259.0,4793.0,156238070.0,1894797.0
RB,RB2505.XSGE,2025-02-14 14:54:00,day,2025-02-14,day_2025-02-14,3260.0,3260.0,3259.0,3260.0,2215.0,72197730.0,1894298.0
RB,RB2505.XSGE,2025-02-14 14:55:00,day,2025-02-14,day_2025-02-14,3260.0,3263.0,3259.0,3262.0,4380.0,142822450.0,1892703.0
RB,RB2505.XSGE,2025-02-14 14:56:00,day,2025-02-14,day_2025-02-14,3262.0,3264.0,3262.0,3264.0,3078.0,100440380.0,1891421.0
RB,RB2505.XSGE,2025-02-14 14:57:00,day,2025-02-14,day_2025-02-14,3263.0,3264.0,3262.0,3263.0,2541.0,82921620.0,1890721.0
RB,RB2505.XSGE,2025-02-14 14:58:00,day,2025-02-14,day_2025-02-14,3263.0,3263.0,3262.0,3263.0,2264.0,73862200.0,1890286.0
RB,RB2505.XSGE,2025-02-14 14:59:00,day,2025-02-14,day_2025-02-14,3262.0,3263.0,3262.0,3262.0,4839.0,157873640.0,1888029.0
RB,RB2505.XSGE,2025-02-14 15:00:00,day,2025-02-14,day_2025-02-14,3262.0,3263.0,3261.0,3262.0,8030.0,261929600.0,1885541.0
